python : Traceback (most recent call last):
At line:16 char:1
+ python batch_extract_docs.py 2>&1 | Tee-Object -FilePath "knowledge_b ...
+ ~~~~~~~~~~~~~~~~~~~~~~~~~~~~~~~~~
    + CategoryInfo          : NotSpecified: (Traceback (most recent call last)::String) [], RemoteException
    + FullyQualifiedErrorId : NativeCommandError
 
  File "C:\Python314\Lib\site-packages\pymupdf\__init__.py", line 3013, in __init__
    doc = mupdf.fz_open_document_with_stream_and_dir(suffix, fz_stream, archive.this)
  File "C:\Python314\Lib\site-packages\pymupdf\mupdf.py", line 53426, in fz_open_document_with_stream_and_dir
    return _mupdf.fz_open_document_with_stream_and_dir(magic, stream, dir)
           ~~~~~~~~~~~~~~~~~~~~~~~~~~~~~~~~~~~~~~~~~~~^^^^^^^^^^^^^^^^^^^^
pymupdf.mupdf.FzErrorFormat: code=7: no objects found

The above exception was the direct cause of the following exception:

Traceback (most recent call last):
  File "F:\开发软件项目文件\对练社交\batch_extract_docs.py", line 251, in main
    text = extract_pdf(f)
  File "F:\开发软件项目文件\对练社交\batch_extract_docs.py", line 84, in extract_pdf
    doc = pymupdf.open(pdf_path)
  File "C:\Python314\Lib\site-packages\pymupdf\__init__.py", line 3016, in __init__
    raise FileDataError(f'Failed to open file {filename!r} as type {suffix}.') from e
pymupdf.FileDataError: Failed to open file 'G:\\BaiduNetdiskDownload\\高情商话术\\送礼话术技巧全攻略\\送礼秘籍（电子书）\\人情大师.pdf' as type pd
f.
Traceback (most recent call last):
  File "C:\Python314\Lib\site-packages\pymupdf\__init__.py", line 3013, in __init__
    doc = mupdf.fz_open_document_with_stream_and_dir(suffix, fz_stream, archive.this)
  File "C:\Python314\Lib\site-packages\pymupdf\mupdf.py", line 53426, in fz_open_document_with_stream_and_dir
    return _mupdf.fz_open_document_with_stream_and_dir(magic, stream, dir)
           ~~~~~~~~~~~~~~~~~~~~~~~~~~~~~~~~~~~~~~~~~~~^^^^^^^^^^^^^^^^^^^^
pymupdf.mupdf.FzErrorFormat: code=7: no objects found

The above exception was the direct cause of the following exception:

Traceback (most recent call last):
  File "F:\开发软件项目文件\对练社交\batch_extract_docs.py", line 251, in main
    text = extract_pdf(f)
  File "F:\开发软件项目文件\对练社交\batch_extract_docs.py", line 84, in extract_pdf
    doc = pymupdf.open(pdf_path)
  File "C:\Python314\Lib\site-packages\pymupdf\__init__.py", line 3016, in __init__
    raise FileDataError(f'Failed to open file {filename!r} as type {suffix}.') from e
pymupdf.FileDataError: Failed to open file 'G:\\BaiduNetdiskDownload\\高情商话术\\送礼话术技巧全攻略\\送礼秘籍（电子书）\\我是这样送礼的.pdf' as type
 pdf.
Traceback (most recent call last):
  File "C:\Python314\Lib\site-packages\pymupdf\__init__.py", line 3013, in __init__
    doc = mupdf.fz_open_document_with_stream_and_dir(suffix, fz_stream, archive.this)
  File "C:\Python314\Lib\site-packages\pymupdf\mupdf.py", line 53426, in fz_open_document_with_stream_and_dir
    return _mupdf.fz_open_document_with_stream_and_dir(magic, stream, dir)
           ~~~~~~~~~~~~~~~~~~~~~~~~~~~~~~~~~~~~~~~~~~~^^^^^^^^^^^^^^^^^^^^
pymupdf.mupdf.FzErrorFormat: code=7: no objects found

The above exception was the direct cause of the following exception:

Traceback (most recent call last):
  File "F:\开发软件项目文件\对练社交\batch_extract_docs.py", line 251, in main
    text = extract_pdf(f)
  File "F:\开发软件项目文件\对练社交\batch_extract_docs.py", line 84, in extract_pdf
    doc = pymupdf.open(pdf_path)
  File "C:\Python314\Lib\site-packages\pymupdf\__init__.py", line 3016, in __init__
    raise FileDataError(f'Failed to open file {filename!r} as type {suffix}.') from e
pymupdf.FileDataError: Failed to open file 'G:\\BaiduNetdiskDownload\\高情商话术\\送礼话术技巧全攻略\\送礼秘籍（电子书）\\送礼绝学108招.pdf' as typ
e pdf.
Traceback (most recent call last):
  File "C:\Python314\Lib\site-packages\pymupdf\__init__.py", line 3013, in __init__
    doc = mupdf.fz_open_document_with_stream_and_dir(suffix, fz_stream, archive.this)
  File "C:\Python314\Lib\site-packages\pymupdf\mupdf.py", line 53426, in fz_open_document_with_stream_and_dir
    return _mupdf.fz_open_document_with_stream_and_dir(magic, stream, dir)
           ~~~~~~~~~~~~~~~~~~~~~~~~~~~~~~~~~~~~~~~~~~~^^^^^^^^^^^^^^^^^^^^
pymupdf.mupdf.FzErrorFormat: code=7: no objects found

The above exception was the direct cause of the following exception:

Traceback (most recent call last):
  File "F:\开发软件项目文件\对练社交\batch_extract_docs.py", line 251, in main
    text = extract_pdf(f)
  File "F:\开发软件项目文件\对练社交\batch_extract_docs.py", line 84, in extract_pdf
    doc = pymupdf.open(pdf_path)
  File "C:\Python314\Lib\site-packages\pymupdf\__init__.py", line 3016, in __init__
    raise FileDataError(f'Failed to open file {filename!r} as type {suffix}.') from e
pymupdf.FileDataError: Failed to open file 'G:\\BaiduNetdiskDownload\\高情商话术\\送礼话术技巧全攻略\\送礼话术（电子书）\\给领导送礼话术.pdf' as type
 pdf.
Traceback (most recent call last):
  File "C:\Python314\Lib\site-packages\pymupdf\__init__.py", line 3013, in __init__
    doc = mupdf.fz_open_document_with_stream_and_dir(suffix, fz_stream, archive.this)
  File "C:\Python314\Lib\site-packages\pymupdf\mupdf.py", line 53426, in fz_open_document_with_stream_and_dir
    return _mupdf.fz_open_document_with_stream_and_dir(magic, stream, dir)
           ~~~~~~~~~~~~~~~~~~~~~~~~~~~~~~~~~~~~~~~~~~~^^^^^^^^^^^^^^^^^^^^
pymupdf.mupdf.FzErrorFormat: code=7: no objects found

The above exception was the direct cause of the following exception:

Traceback (most recent call last):
  File "F:\开发软件项目文件\对练社交\batch_extract_docs.py", line 251, in main
    text = extract_pdf(f)
  File "F:\开发软件项目文件\对练社交\batch_extract_docs.py", line 84, in extract_pdf
    doc = pymupdf.open(pdf_path)
  File "C:\Python314\Lib\site-packages\pymupdf\__init__.py", line 3016, in __init__
    raise FileDataError(f'Failed to open file {filename!r} as type {suffix}.') from e
pymupdf.FileDataError: Failed to open file 'G:\\BaiduNetdiskDownload\\高情商话术\\送礼话术技巧全攻略\\送礼话术（电子书）\\送礼话术（直接套用版）.pdf' as 
type pdf.
Traceback (most recent call last):
  File "C:\Python314\Lib\site-packages\pymupdf\__init__.py", line 3013, in __init__
    doc = mupdf.fz_open_document_with_stream_and_dir(suffix, fz_stream, archive.this)
  File "C:\Python314\Lib\site-packages\pymupdf\mupdf.py", line 53426, in fz_open_document_with_stream_and_dir
    return _mupdf.fz_open_document_with_stream_and_dir(magic, stream, dir)
           ~~~~~~~~~~~~~~~~~~~~~~~~~~~~~~~~~~~~~~~~~~~^^^^^^^^^^^^^^^^^^^^
pymupdf.mupdf.FzErrorFormat: code=7: no objects found

The above exception was the direct cause of the following exception:

Traceback (most recent call last):
  File "F:\开发软件项目文件\对练社交\batch_extract_docs.py", line 251, in main
    text = extract_pdf(f)
  File "F:\开发软件项目文件\对练社交\batch_extract_docs.py", line 84, in extract_pdf
    doc = pymupdf.open(pdf_path)
  File "C:\Python314\Lib\site-packages\pymupdf\__init__.py", line 3016, in __init__
    raise FileDataError(f'Failed to open file {filename!r} as type {suffix}.') from e
pymupdf.FileDataError: Failed to open file 'G:\\BaiduNetdiskDownload\\高情商话术\\送礼话术技巧全攻略\\送礼话术（电子书）\\送礼话术（简易版）.pdf' as ty
pe pdf.
Traceback (most recent call last):
  File "C:\Python314\Lib\site-packages\pymupdf\__init__.py", line 3013, in __init__
    doc = mupdf.fz_open_document_with_stream_and_dir(suffix, fz_stream, archive.this)
  File "C:\Python314\Lib\site-packages\pymupdf\mupdf.py", line 53426, in fz_open_document_with_stream_and_dir
    return _mupdf.fz_open_document_with_stream_and_dir(magic, stream, dir)
           ~~~~~~~~~~~~~~~~~~~~~~~~~~~~~~~~~~~~~~~~~~~^^^^^^^^^^^^^^^^^^^^
pymupdf.mupdf.FzErrorFormat: code=7: no objects found

The above exception was the direct cause of the following exception:

Traceback (most recent call last):
  File "F:\开发软件项目文件\对练社交\batch_extract_docs.py", line 251, in main
    text = extract_pdf(f)
  File "F:\开发软件项目文件\对练社交\batch_extract_docs.py", line 84, in extract_pdf
    doc = pymupdf.open(pdf_path)
  File "C:\Python314\Lib\site-packages\pymupdf\__init__.py", line 3016, in __init__
    raise FileDataError(f'Failed to open file {filename!r} as type {suffix}.') from e
pymupdf.FileDataError: Failed to open file 'G:\\BaiduNetdiskDownload\\高情商话术\\送礼话术技巧全攻略\\送礼话术（电子书）\\送礼话术（精准分类版）.pdf' as 
type pdf.
📂 扫描源目录...
  PDF+DOCX+TXT: 672
  DOC (需转): 191
  PPT/PPTX: 94

📝 待处理: 957  (已完成: 0)

[1/957] (0%) [99-其他] 8.《酒桌话术》.pdf
  ✅ → 99-其他/8.《酒桌话术》.md (338KB)

[2/957] (0%) [07-赚钱营销提升] 人性买单99招.pdf
  ✅ → 07-赚钱营销提升/人性买单99招.md (2KB)

[3/957] (0%) [07-赚钱营销提升] 变现金句1000条.pdf
  ✅ → 07-赚钱营销提升/变现金句1000条.md (6KB)

[4/957] (0%) [07-赚钱营销提升] 让顾客舒服的聊天秘籍.pdf
  ✅ → 07-赚钱营销提升/让顾客舒服的聊天秘籍.md (446KB)

[5/957] (1%) [01-高情商接话话术] 回话的技术.docx
  ✅ → 01-高情商接话话术/回话的技术.md (1KB)

[6/957] (1%) [01-高情商接话话术] 好好接话pdf版.pdf
  ✅ → 01-高情商接话话术/好好接话pdf版.md (181KB)

[7/957] (1%) [01-高情商接话话术] 好好接话txt版.txt
  ✅ → 01-高情商接话话术/好好接话txt版.md (194KB)

[8/957] (1%) [01-高情商接话话术] 好好接话word版.docx
  ✅ → 01-高情商接话话术/好好接话word版.md (188KB)

[9/957] (1%) [01-高情商接话话术] 问话的技术.docx
  ✅ → 01-高情商接话话术/问话的技术.md (258KB)

[10/957] (1%) [02-销售话术300套] 2绝对成交之危机沟通话述.docx
  ✅ → 02-销售话术300套/2绝对成交之危机沟通话述.md (7KB)

[11/957] (1%) [02-销售话术300套] 38句攻心夺魂的歹毒话术【升级版】.pdf
  ✅ → 02-销售话术300套/38句攻心夺魂的歹毒话术【升级版】.md (87KB)

[12/957] (1%) [02-销售话术300套] 48种销售话术.docx
  ✅ → 02-销售话术300套/48种销售话术.md (18KB)

[13/957] (1%) [02-销售话术300套] 5种销售话术-消除你与客户之间的距离感和陷阱感.docx
  ✅ → 02-销售话术300套/5种销售话术-消除你与客户之间的距离感和陷阱感.md (5KB)

[14/957] (1%) [02-销售话术300套] 5种销售话术.docx
  ✅ → 02-销售话术300套/5种销售话术.md (19KB)

[15/957] (2%) [02-销售话术300套] X安之话术.txt
  ✅ → 02-销售话术300套/X安之话术.md (7KB)

[16/957] (2%) [02-销售话术300套] 一线销售人员话术培训.txt
  ✅ → 02-销售话术300套/一线销售人员话术培训.md (49KB)

[17/957] (2%) [02-销售话术300套] 与客户沟通话术.pdf
  ✅ → 02-销售话术300套/与客户沟通话术.md (17KB)

[18/957] (2%) [02-销售话术300套] 中国平安保险推销话术.txt
  ✅ → 02-销售话术300套/中国平安保险推销话术.md (44KB)

[19/957] (2%) [02-销售话术300套] 中国平安保险销售话术.txt
  ✅ → 02-销售话术300套/中国平安保险销售话术.md (133KB)

[20/957] (2%) [02-销售话术300套] 代理商谈判话术.docx
  ✅ → 02-销售话术300套/代理商谈判话术.md (7KB)

[21/957] (2%) [02-销售话术300套] 保险推销话术大全：电话约访话术.txt
  ✅ → 02-销售话术300套/保险推销话术大全：电话约访话术.md (39KB)

[22/957] (2%) [02-销售话术300套] 保险推销话术大全：精典话术惯例.txt
  ✅ → 02-销售话术300套/保险推销话术大全：精典话术惯例.md (44KB)

[23/957] (2%) [02-销售话术300套] 保险观念沟通全能话术.docx
  ✅ → 02-销售话术300套/保险观念沟通全能话术.md (5KB)

[24/957] (3%) [02-销售话术300套] 基金销售话术.pdf
  ✅ → 02-销售话术300套/基金销售话术.md (21KB)

[25/957] (3%) [02-销售话术300套] 如何提高销售技巧和话术.docx
  ✅ → 02-销售话术300套/如何提高销售技巧和话术.md (8KB)

[26/957] (3%) [02-销售话术300套] 小伟绝对成交话术.docx
  ✅ → 02-销售话术300套/小伟绝对成交话术.md (4KB)

[27/957] (3%) [02-销售话术300套] 少儿英语销售话术.docx
  ✅ → 02-销售话术300套/少儿英语销售话术.md (13KB)

[28/957] (3%) [02-销售话术300套] 年底销售话术.docx
  ✅ → 02-销售话术300套/年底销售话术.md (5KB)

[29/957] (3%) [02-销售话术300套] 店面导购销售话术.docx
  ✅ → 02-销售话术300套/店面导购销售话术.md (19KB)

[30/957] (3%) [02-销售话术300套] 快速攻心销售话术.docx
  ✅ → 02-销售话术300套/快速攻心销售话术.md (48KB)

[31/957] (3%) [02-销售话术300套] 手机销售话术-价格应对.docx
  ✅ → 02-销售话术300套/手机销售话术-价格应对.md (15KB)

[32/957] (3%) [02-销售话术300套] 招商部沟通话术模板.docx
  ✅ → 02-销售话术300套/招商部沟通话术模板.md (41KB)

[33/957] (3%) [02-销售话术300套] 推销话术.docx
  ✅ → 02-销售话术300套/推销话术.md (13KB)

[34/957] (4%) [02-销售话术300套] 支付宝地推话术.docx
  ✅ → 02-销售话术300套/支付宝地推话术.md (3KB)

[35/957] (4%) [02-销售话术300套] 智能家居销售话术.docx
  ✅ → 02-销售话术300套/智能家居销售话术.md (3KB)

[36/957] (4%) [02-销售话术300套] 服装销售的10个实战话术.docx
  ✅ → 02-销售话术300套/服装销售的10个实战话术.md (19KB)

[37/957] (4%) [02-销售话术300套] 机顶盒销售话术.docx
  ✅ → 02-销售话术300套/机顶盒销售话术.md (5KB)

[38/957] (4%) [02-销售话术300套] 汽车美容导购话术.pdf
  ✅ → 02-销售话术300套/汽车美容导购话术.md (6KB)

[39/957] (4%) [02-销售话术300套] 淘宝销售技巧与沟通话术.txt
  ✅ → 02-销售话术300套/淘宝销售技巧与沟通话术.md (7KB)

[40/957] (4%) [02-销售话术300套] 猎头电话沟通话术.docx
  ✅ → 02-销售话术300套/猎头电话沟通话术.md (4KB)

[41/957] (4%) [02-销售话术300套] 电话销售技巧及话术.docx
  ✅ → 02-销售话术300套/电话销售技巧及话术.md (25KB)

[42/957] (4%) [02-销售话术300套] 直销沟通话术.pdf
  ✅ → 02-销售话术300套/直销沟通话术.md (19KB)

[43/957] (4%) [02-销售话术300套] 神级销售话术.docx
  ✅ → 02-销售话术300套/神级销售话术.md (7KB)

[44/957] (5%) [02-销售话术300套] 素转非话术.docx
  ✅ → 02-销售话术300套/素转非话术.md (8KB)

[45/957] (5%) [02-销售话术300套] 经典推广话术.txt
  ✅ → 02-销售话术300套/经典推广话术.md (12KB)

[46/957] (5%) [02-销售话术300套] 绝对成交实战篇课程笔记.docx
  ✅ → 02-销售话术300套/绝对成交实战篇课程笔记.md (27KB)

[47/957] (5%) [02-销售话术300套] 绝对成交整理全集-百度文库.txt
  ✅ → 02-销售话术300套/绝对成交整理全集-百度文库.md (16KB)

[48/957] (5%) [02-销售话术300套] 绝对成交的电话销售话术.docx
  ✅ → 02-销售话术300套/绝对成交的电话销售话术.md (3KB)

[49/957] (5%) [02-销售话术300套] 绝对成交话术.docx
  ✅ → 02-销售话术300套/绝对成交话术.md (11KB)

[50/957] (5%) [02-销售话术300套] 维护话术.docx
  ✅ → 02-销售话术300套/维护话术.md (33KB)

[51/957] (5%) [02-销售话术300套] 美发师销售话术大全.txt
  ✅ → 02-销售话术300套/美发师销售话术大全.md (24KB)

[52/957] (5%) [02-销售话术300套] 衣柜终端销售话术.docx
  ✅ → 02-销售话术300套/衣柜终端销售话术.md (27KB)

[53/957] (6%) [02-销售话术300套] 财务软件电话销售话术.docx
  ✅ → 02-销售话术300套/财务软件电话销售话术.md (11KB)

[54/957] (6%) [02-销售话术300套] 超级销售话术.pdf
  ✅ → 02-销售话术300套/超级销售话术.md (17KB)

[55/957] (6%) [02-销售话术300套] 车展话术.docx
  ✅ → 02-销售话术300套/车展话术.md (4KB)

[56/957] (6%) [02-销售话术300套] 软件销售技巧和销售话术.docx
  ✅ → 02-销售话术300套/软件销售技巧和销售话术.md (26KB)

[57/957] (6%) [02-销售话术300套] 软件销售话术.docx
  ✅ → 02-销售话术300套/软件销售话术.md (18KB)

[58/957] (6%) [02-销售话术300套] 金牌导购绝对成交Word版.docx
  ✅ → 02-销售话术300套/金牌导购绝对成交Word版.md (19KB)

[59/957] (6%) [02-销售话术300套] 钻石销售话术.docx
  ✅ → 02-销售话术300套/钻石销售话术.md (5KB)

[60/957] (6%) [02-销售话术300套] 销售基本话术.docx
  ✅ → 02-销售话术300套/销售基本话术.md (12KB)

[61/957] (6%) [02-销售话术300套] 销售成交话术.txt
  ✅ → 02-销售话术300套/销售成交话术.md (6KB)

[62/957] (6%) [02-销售话术300套] 销售技巧和话术.docx
  ✅ → 02-销售话术300套/销售技巧和话术.md (3KB)

[63/957] (7%) [02-销售话术300套] 销售技巧和话术：教你解决客户没有兴趣的问题.pdf
  ✅ → 02-销售话术300套/销售技巧和话术：教你解决客户没有兴趣的问题.md (10KB)

[64/957] (7%) [02-销售话术300套] 销售流程话术.docx
  ✅ → 02-销售话术300套/销售流程话术.md (62KB)

[65/957] (7%) [02-销售话术300套] 销售话术.docx
  ✅ → 02-销售话术300套/销售话术.md (9KB)

[66/957] (7%) [02-销售话术300套] 销售话术开场白.txt
  ✅ → 02-销售话术300套/销售话术开场白.md (7KB)

[67/957] (7%) [02-销售话术300套] 销售话术整理.docx
  ✅ → 02-销售话术300套/销售话术整理.md (128KB)

[68/957] (7%) [02-销售话术300套] 销售话术案例.txt
  ✅ → 02-销售话术300套/销售话术案例.md (8KB)

[69/957] (7%) [02-销售话术300套] 销售逼单成交话术及技巧.docx
  ✅ → 02-销售话术300套/销售逼单成交话术及技巧.md (9KB)

[70/957] (7%) [02-销售话术300套] 门店销售话术.docx
  ✅ → 02-销售话术300套/门店销售话术.md (48KB)

[71/957] (7%) [01-高情商接话话术] 万能聊天话题.docx
  ✅ → 01-高情商接话话术/万能聊天话题.md (3KB)

[72/957] (8%) [01-高情商接话话术] 优秀服务的100条甜言蜜语.docx
  ✅ → 01-高情商接话话术/优秀服务的100条甜言蜜语.md (10KB)

[73/957] (8%) [01-高情商接话话术] 劝酒顺口溜.pdf
  ✅ → 01-高情商接话话术/劝酒顺口溜.md (0KB)

[74/957] (8%) [01-高情商接话话术] 同学聚会劝酒词顺口溜.docx
  ✅ → 01-高情商接话话术/同学聚会劝酒词顺口溜.md (3KB)

[75/957] (8%) [01-高情商接话话术] 和不熟悉的同事吃饭应该聊些什么话题？.pdf
  ✅ → 01-高情商接话话术/和不熟悉的同事吃饭应该聊些什么话题？.md (4KB)

[76/957] (8%) [01-高情商接话话术] 和同事聊天最好不要聊到私隐.docx
  ✅ → 01-高情商接话话术/和同事聊天最好不要聊到私隐.md (10KB)

[77/957] (8%) [01-高情商接话话术] 商务宴请劝酒词顺口溜.docx
  ✅ → 01-高情商接话话术/商务宴请劝酒词顺口溜.md (18KB)

[78/957] (8%) [01-高情商接话话术] 实用口才大全 祝酒词 应酬语 场面话.pdf
  ✅ → 01-高情商接话话术/实用口才大全 祝酒词 应酬语 场面话.md (820KB)

[79/957] (8%) [01-高情商接话话术] 山东劝酒词顺口溜.docx
  ✅ → 01-高情商接话话术/山东劝酒词顺口溜.md (2KB)

[80/957] (8%) [01-高情商接话话术] 开场白注意事项.docx
  ✅ → 01-高情商接话话术/开场白注意事项.md (2KB)

[81/957] (8%) [01-高情商接话话术] 很实用的8种聊天开场白方式.docx
  ✅ → 01-高情商接话话术/很实用的8种聊天开场白方式.md (3KB)

[82/957] (9%) [01-高情商接话话术] 瞬间赢得他人信任的实用话术 .pdf
  ✅ → 01-高情商接话话术/瞬间赢得他人信任的实用话术.md (8KB)

[83/957] (9%) [01-高情商接话话术] 社交必学：工作聚会中万能谈话话题.docx
  ✅ → 01-高情商接话话术/社交必学：工作聚会中万能谈话话题.md (6KB)

[84/957] (9%) [01-高情商接话话术] 祝酒词.docx
  ✅ → 01-高情商接话话术/祝酒词.md (2KB)

[85/957] (9%) [01-高情商接话话术] 祝酒词.pdf
  ✅ → 01-高情商接话话术/祝酒词.md (338KB)

[86/957] (9%) [01-高情商接话话术] 高情商的打招呼开场白.docx
  ✅ → 01-高情商接话话术/高情商的打招呼开场白.md (3KB)

[87/957] (9%) [03-送礼话术全攻略] 人情大师.pdf
  ❌ 失败: Failed to open file 'G:\\BaiduNetdiskDownload\\高情商话术\\送礼话术技巧全攻略\\送礼秘籍（电子书）\\人情大师.pdf' as type pdf.

[88/957] (9%) [03-送礼话术全攻略] 我是这样送礼的.pdf
  ❌ 失败: Failed to open file 'G:\\BaiduNetdiskDownload\\高情商话术\\送礼话术技巧全攻略\\送礼秘籍（电子书）\\我是这样送礼的.pdf' as type pdf.

[89/957] (9%) [03-送礼话术全攻略] 送礼绝学108招.pdf
  ❌ 失败: Failed to open file 'G:\\BaiduNetdiskDownload\\高情商话术\\送礼话术技巧全攻略\\送礼秘籍（电子书）\\送礼绝学108招.pdf' as type pdf.

[90/957] (9%) [03-送礼话术全攻略] 给领导送礼话术.pdf
  ❌ 失败: Failed to open file 'G:\\BaiduNetdiskDownload\\高情商话术\\送礼话术技巧全攻略\\送礼话术（电子书）\\给领导送礼话术.pdf' as type pdf.

[91/957] (10%) [03-送礼话术全攻略] 送礼话术（直接套用版）.pdf
  ❌ 失败: Failed to open file 'G:\\BaiduNetdiskDownload\\高情商话术\\送礼话术技巧全攻略\\送礼话术（电子书）\\送礼话术（直接套用版）.pdf' as type pdf.

[92/957] (10%) [03-送礼话术全攻略] 送礼话术（简易版）.pdf
  ❌ 失败: Failed to open file 'G:\\BaiduNetdiskDownload\\高情商话术\\送礼话术技巧全攻略\\送礼话术（电子书）\\送礼话术（简易版）.pdf' as type pdf.

[93/957] (10%) [03-送礼话术全攻略] 送礼话术（精准分类版）.pdf
  ❌ 失败: Failed to open file 'G:\\BaiduNetdiskDownload\\高情商话术\\送礼话术技巧全攻略\\送礼话术（电子书）\\送礼话术（精准分类版）.pdf' as type pdf.

[94/957] (10%) [06-人性认知思维] 1《女性开悟宝典》(1).pdf
  ✅ → 06-人性认知思维/1《女性开悟宝典》(1).md (6KB)

[95/957] (10%) [06-人性认知思维] 1《女性开悟宝典》.pdf
  ✅ → 06-人性认知思维/1《女性开悟宝典》.md (6KB)

[96/957] (10%) [06-人性认知思维] 2.《人性邪恶密码》(1).pdf
  ✅ → 06-人性认知思维/2.《人性邪恶密码》(1).md (4KB)

[97/957] (10%) [06-人性认知思维] 2.《人性邪恶密码》.pdf
  ✅ → 06-人性认知思维/2.《人性邪恶密码》.md (4KB)

[98/957] (10%) [06-人性认知思维] 3.《女性成长智慧揭秘优质男人的刚需》(1).pdf
  ✅ → 06-人性认知思维/3.《女性成长智慧揭秘优质男人的刚需》(1).md (10KB)

[99/957] (10%) [06-人性认知思维] 3.《女性成长智慧揭秘优质男人的刚需》.pdf
  ✅ → 06-人性认知思维/3.《女性成长智慧揭秘优质男人的刚需》.md (10KB)

[100/957] (10%) [06-人性认知思维] 4.《女性人情宝典》(1).pdf
  ✅ → 06-人性认知思维/4.《女性人情宝典》(1).md (454KB)

[101/957] (11%) [06-人性认知思维] 4.《女性人情宝典》.pdf
  ✅ → 06-人性认知思维/4.《女性人情宝典》.md (454KB)

[102/957] (11%) [06-人性认知思维] 5.开窍开悟开智(1).pdf
  ✅ → 06-人性认知思维/5.开窍开悟开智(1).md (7KB)

[103/957] (11%) [06-人性认知思维] 5.开窍开悟开智.pdf
  ✅ → 06-人性认知思维/5.开窍开悟开智.md (7KB)

[104/957] (11%) [06-人性认知思维] 1.《女性自我提升之路》(1).pdf
  ✅ → 06-人性认知思维/1.《女性自我提升之路》(1).md (293KB)

[105/957] (11%) [06-人性认知思维] 1.《女性自我提升之路》.pdf
  ✅ → 06-人性认知思维/1.《女性自我提升之路》.md (293KB)

[106/957] (11%) [06-人性认知思维] 2.《狐狸精炼修手册》(1).pdf
  ✅ → 06-人性认知思维/2.《狐狸精炼修手册》(1).md (3KB)

[107/957] (11%) [06-人性认知思维] 2.《狐狸精炼修手册》.pdf
  ✅ → 06-人性认知思维/2.《狐狸精炼修手册》.md (3KB)

[108/957] (11%) [06-人性认知思维] 3.《女性觉醒智慧》(1).pdf
  ✅ → 06-人性认知思维/3.《女性觉醒智慧》(1).md (4KB)

[109/957] (11%) [06-人性认知思维] 3.《女性觉醒智慧》.pdf
  ✅ → 06-人性认知思维/3.《女性觉醒智慧》.md (4KB)

[110/957] (11%) [06-人性认知思维] 4.《高级女人手册》(1).pdf
  ✅ → 06-人性认知思维/4.《高级女人手册》(1).md (389KB)

[111/957] (12%) [06-人性认知思维] 4.《高级女人手册》.pdf
  ✅ → 06-人性认知思维/4.《高级女人手册》.md (389KB)

[112/957] (12%) [06-人性认知思维] 5.《女性成长智慧揭秘优质男人的刚需》(1).pdf
  ✅ → 06-人性认知思维/5.《女性成长智慧揭秘优质男人的刚需》(1).md (10KB)

[113/957] (12%) [06-人性认知思维] 5.《女性成长智慧揭秘优质男人的刚需》.pdf
  ✅ → 06-人性认知思维/5.《女性成长智慧揭秘优质男人的刚需》.md (10KB)

[114/957] (12%) [06-人性认知思维] 6.《女性红灯宝典》(1).pdf
  ✅ → 06-人性认知思维/6.《女性红灯宝典》(1).md (13KB)

[115/957] (12%) [06-人性认知思维] 6.《女性红灯宝典》.pdf
  ✅ → 06-人性认知思维/6.《女性红灯宝典》.md (13KB)

[116/957] (12%) [06-人性认知思维] 7.《女性人情宝典》(1).pdf
  ✅ → 06-人性认知思维/7.《女性人情宝典》(1).md (454KB)

[117/957] (12%) [06-人性认知思维] 7.《女性人情宝典》.pdf
  ✅ → 06-人性认知思维/7.《女性人情宝典》.md (454KB)

[118/957] (12%) [06-人性认知思维] 8.《女性智谋大师》(1).pdf
  ✅ → 06-人性认知思维/8.《女性智谋大师》(1).md (64KB)

[119/957] (12%) [06-人性认知思维] 8.《女性智谋大师》.pdf
  ✅ → 06-人性认知思维/8.《女性智谋大师》.md (64KB)

[120/957] (13%) [06-人性认知思维] 01.《绝密人性天书》(1).pdf
  ✅ → 06-人性认知思维/01.《绝密人性天书》(1).md (308KB)

[121/957] (13%) [06-人性认知思维] 01.《绝密人性天书》.pdf
  ✅ → 06-人性认知思维/01.《绝密人性天书》.md (308KB)

[122/957] (13%) [06-人性认知思维] 02.《人性操控术》(1).pdf
  ✅ → 06-人性认知思维/02.《人性操控术》(1).md (8KB)

[123/957] (13%) [06-人性认知思维] 02.《人性操控术》.pdf
  ✅ → 06-人性认知思维/02.《人性操控术》.md (8KB)

[124/957] (13%) [06-人性认知思维] 03.《开窍开悟开智1.0》(1).pdf
  ✅ → 06-人性认知思维/03.《开窍开悟开智1.0》(1).md (462KB)

[125/957] (13%) [06-人性认知思维] 03.《开窍开悟开智1.0》.pdf
  ✅ → 06-人性认知思维/03.《开窍开悟开智1.0》.md (462KB)

[126/957] (13%) [06-人性认知思维] 04.《人性真言》(1).pdf
  ✅ → 06-人性认知思维/04.《人性真言》(1).md (3KB)

[127/957] (13%) [06-人性认知思维] 04.《人性真言》.pdf
  ✅ → 06-人性认知思维/04.《人性真言》.md (3KB)

[128/957] (13%) [06-人性认知思维] 05.《易经里的人情世故》(1).pdf
  ✅ → 06-人性认知思维/05.《易经里的人情世故》(1).md (460KB)

[129/957] (13%) [06-人性认知思维] 05.《易经里的人情世故》.pdf
  ✅ → 06-人性认知思维/05.《易经里的人情世故》.md (460KB)

[130/957] (14%) [06-人性认知思维] 06.《人性-老杨458条人性解析》(1).pdf
  ✅ → 06-人性认知思维/06.《人性-老杨458条人性解析》(1).md (1076KB)

[131/957] (14%) [06-人性认知思维] 06.《人性-老杨458条人性解析》.pdf
  ✅ → 06-人性认知思维/06.《人性-老杨458条人性解析》.md (1076KB)

[132/957] (14%) [06-人性认知思维] 07.《人性天眼》(1).pdf
  ✅ → 06-人性认知思维/07.《人性天眼》(1).md (12KB)

[133/957] (14%) [06-人性认知思维] 07.《人性天眼》.pdf
  ✅ → 06-人性认知思维/07.《人性天眼》.md (12KB)

[134/957] (14%) [06-人性认知思维] 08.《人性邪恶密码》(1).pdf
  ✅ → 06-人性认知思维/08.《人性邪恶密码》(1).md (4KB)

[135/957] (14%) [06-人性认知思维] 08.《人性邪恶密码》.pdf
  ✅ → 06-人性认知思维/08.《人性邪恶密码》.md (4KB)

[136/957] (14%) [06-人性认知思维] 09.《驭心高手》(1).pdf
  ✅ → 06-人性认知思维/09.《驭心高手》(1).md (462KB)

[137/957] (14%) [06-人性认知思维] 09.《驭心高手》.pdf
  ✅ → 06-人性认知思维/09.《驭心高手》.md (462KB)

[138/957] (14%) [06-人性认知思维] 10.《强势文化》(1).pdf
  ✅ → 06-人性认知思维/10.《强势文化》(1).md (437KB)

[139/957] (15%) [06-人性认知思维] 10.《强势文化》.pdf
  ✅ → 06-人性认知思维/10.《强势文化》.md (437KB)

[140/957] (15%) [06-人性认知思维] 11.《道破人性一书》(1).pdf
  ✅ → 06-人性认知思维/11.《道破人性一书》(1).md (226KB)

[141/957] (15%) [06-人性认知思维] 11.《道破人性一书》.pdf
  ✅ → 06-人性认知思维/11.《道破人性一书》.md (226KB)

[142/957] (15%) [06-人性认知思维] 12.《红尘纵横1.0》(1).pdf
  ✅ → 06-人性认知思维/12.《红尘纵横1.0》(1).md (16KB)

[143/957] (15%) [06-人性认知思维] 12.《红尘纵横1.0》.pdf
  ✅ → 06-人性认知思维/12.《红尘纵横1.0》.md (16KB)

[144/957] (15%) [06-人性认知思维] 13.《人性顶级秘术》(1).pdf
  ✅ → 06-人性认知思维/13.《人性顶级秘术》(1).md (1025KB)

[145/957] (15%) [06-人性认知思维] 13.《人性顶级秘术》.pdf
  ✅ → 06-人性认知思维/13.《人性顶级秘术》.md (1025KB)

[146/957] (15%) [06-人性认知思维] 14.《人性宝典》(1).pdf
  ✅ → 06-人性认知思维/14.《人性宝典》(1).md (153KB)

[147/957] (15%) [06-人性认知思维] 14.《人性宝典》.pdf
  ✅ → 06-人性认知思维/14.《人性宝典》.md (153KB)

[148/957] (15%) [06-人性认知思维] 15.《人性修炼手册》(1).pdf
  ✅ → 06-人性认知思维/15.《人性修炼手册》(1).md (20KB)

[149/957] (16%) [06-人性认知思维] 15.《人性修炼手册》.pdf
  ✅ → 06-人性认知思维/15.《人性修炼手册》.md (20KB)

[150/957] (16%) [06-人性认知思维] 1.《做局大师-人间博弈之术》(1).pdf
  ✅ → 06-人性认知思维/1.《做局大师-人间博弈之术》(1).md (527KB)

[151/957] (16%) [06-人性认知思维] 1.《做局大师-人间博弈之术》.pdf
  ✅ → 06-人性认知思维/1.《做局大师-人间博弈之术》.md (527KB)

[152/957] (16%) [06-人性认知思维] 10.《韩非子的权术智慧》(1).pdf
  ✅ → 06-人性认知思维/10.《韩非子的权术智慧》(1).md (1055KB)

[153/957] (16%) [06-人性认知思维] 10.《韩非子的权术智慧》.pdf
  ✅ → 06-人性认知思维/10.《韩非子的权术智慧》.md (1055KB)

[154/957] (16%) [06-人性认知思维] 11.《一个顶层人的权谋术》(1).pdf
  ✅ → 06-人性认知思维/11.《一个顶层人的权谋术》(1).md (55KB)

[155/957] (16%) [06-人性认知思维] 11.《一个顶层人的权谋术》.pdf
  ✅ → 06-人性认知思维/11.《一个顶层人的权谋术》.md (55KB)

[156/957] (16%) [06-人性认知思维] 12.《权谋兵法道》(1).pdf
  ✅ → 06-人性认知思维/12.《权谋兵法道》(1).md (21KB)

[157/957] (16%) [06-人性认知思维] 12.《权谋兵法道》.pdf
  ✅ → 06-人性认知思维/12.《权谋兵法道》.md (21KB)

[158/957] (17%) [06-人性认知思维] 13.《江湖失传的秘诀》(1).pdf
  ✅ → 06-人性认知思维/13.《江湖失传的秘诀》(1).md (24KB)

[159/957] (17%) [06-人性认知思维] 13.《江湖失传的秘诀》.pdf
  ✅ → 06-人性认知思维/13.《江湖失传的秘诀》.md (24KB)

[160/957] (17%) [06-人性认知思维] 14.《顶级谋士说1.0》(1).pdf
  ✅ → 06-人性认知思维/14.《顶级谋士说1.0》(1).md (374KB)

[161/957] (17%) [06-人性认知思维] 14.《顶级谋士说1.0》.pdf
  ✅ → 06-人性认知思维/14.《顶级谋士说1.0》.md (374KB)

[162/957] (17%) [06-人性认知思维] 15.《权谋心理》(1).pdf
  ✅ → 06-人性认知思维/15.《权谋心理》(1).md (179KB)

[163/957] (17%) [06-人性认知思维] 15.《权谋心理》.pdf
  ✅ → 06-人性认知思维/15.《权谋心理》.md (179KB)

[164/957] (17%) [06-人性认知思维] 16.《权谋心术》(1).pdf
  ✅ → 06-人性认知思维/16.《权谋心术》(1).md (330KB)

[165/957] (17%) [06-人性认知思维] 16.《权谋心术》.pdf
  ✅ → 06-人性认知思维/16.《权谋心术》.md (330KB)

[166/957] (17%) [06-人性认知思维] 17.《权谋伪装》(1).pdf
  ✅ → 06-人性认知思维/17.《权谋伪装》(1).md (310KB)

[167/957] (17%) [06-人性认知思维] 17.《权谋伪装》.pdf
  ✅ → 06-人性认知思维/17.《权谋伪装》.md (310KB)

[168/957] (18%) [06-人性认知思维] 18.《权谋思想》(1).pdf
  ✅ → 06-人性认知思维/18.《权谋思想》(1).md (216KB)

[169/957] (18%) [06-人性认知思维] 18.《权谋思想》.pdf
  ✅ → 06-人性认知思维/18.《权谋思想》.md (216KB)

[170/957] (18%) [06-人性认知思维] 2.《布局锦囊1.0》 (1).pdf
  ✅ → 06-人性认知思维/2.《布局锦囊1.0》 (1).md (55KB)

[171/957] (18%) [06-人性认知思维] 2.《布局锦囊1.0》 .pdf
  ✅ → 06-人性认知思维/2.《布局锦囊1.0》.md (55KB)

[172/957] (18%) [06-人性认知思维] 3.《易谋略》(1).pdf
  ✅ → 06-人性认知思维/3.《易谋略》(1).md (179KB)

[173/957] (18%) [06-人性认知思维] 3.《易谋略》.pdf
  ✅ → 06-人性认知思维/3.《易谋略》.md (179KB)

[174/957] (18%) [06-人性认知思维] 4.《读三国有心机》(1).pdf
  ✅ → 06-人性认知思维/4.《读三国有心机》(1).md (445KB)

[175/957] (18%) [06-人性认知思维] 4.《读三国有心机》.pdf
  ✅ → 06-人性认知思维/4.《读三国有心机》.md (445KB)

[176/957] (18%) [06-人性认知思维] 5.《谋道》(1).pdf
  ✅ → 06-人性认知思维/5.《谋道》(1).md (130KB)

[177/957] (18%) [06-人性认知思维] 5.《谋道》.pdf
  ✅ → 06-人性认知思维/5.《谋道》.md (130KB)

[178/957] (19%) [06-人性认知思维] 6.《权谋思略》(1).pdf
  ✅ → 06-人性认知思维/6.《权谋思略》(1).md (121KB)

[179/957] (19%) [06-人性认知思维] 6.《权谋思略》.pdf
  ✅ → 06-人性认知思维/6.《权谋思略》.md (121KB)

[180/957] (19%) [06-人性认知思维] 7.《权谋暗流》(1).pdf
  ✅ → 06-人性认知思维/7.《权谋暗流》(1).md (333KB)

[181/957] (19%) [06-人性认知思维] 7.《权谋暗流》.pdf
  ✅ → 06-人性认知思维/7.《权谋暗流》.md (333KB)

[182/957] (19%) [06-人性认知思维] 8.《布局锦囊4.0》(1).pdf
MuPDF error: format error: non-page object in page tree

  ✅ → 06-人性认知思维/8.《布局锦囊4.0》(1).md (12KB)

[183/957] (19%) [06-人性认知思维] 8.《布局锦囊4.0》.pdf
MuPDF error: format error: non-page object in page tree

  ✅ → 06-人性认知思维/8.《布局锦囊4.0》.md (12KB)

[184/957] (19%) [06-人性认知思维] 9.《天机38局》(1).pdf
  ✅ → 06-人性认知思维/9.《天机38局》(1).md (6KB)

[185/957] (19%) [06-人性认知思维] 9.《天机38局》.pdf
  ✅ → 06-人性认知思维/9.《天机38局》.md (6KB)

[186/957] (19%) [06-人性认知思维] 01.《顶尖思维密码》(1).pdf
  ✅ → 06-人性认知思维/01.《顶尖思维密码》(1).md (52KB)

[187/957] (20%) [06-人性认知思维] 01.《顶尖思维密码》.pdf
  ✅ → 06-人性认知思维/01.《顶尖思维密码》.md (52KB)

[188/957] (20%) [06-人性认知思维] 02.《隐性思维操控术Ⅱ—策略篇》(1).pdf
  ✅ → 06-人性认知思维/02.《隐性思维操控术Ⅱ—策略篇》(1).md (441KB)

[189/957] (20%) [06-人性认知思维] 02.《隐性思维操控术Ⅱ—策略篇》.pdf
  ✅ → 06-人性认知思维/02.《隐性思维操控术Ⅱ—策略篇》.md (441KB)

[190/957] (20%) [06-人性认知思维] 03.《隐性思维操控术Ⅰ—原理篇》(1).pdf
  ✅ → 06-人性认知思维/03.《隐性思维操控术Ⅰ—原理篇》(1).md (316KB)

[191/957] (20%) [06-人性认知思维] 03.《隐性思维操控术Ⅰ—原理篇》.pdf
  ✅ → 06-人性认知思维/03.《隐性思维操控术Ⅰ—原理篇》.md (316KB)

[192/957] (20%) [06-人性认知思维] 04.《红尘破局之宇宙能量》(1).pdf
  ✅ → 06-人性认知思维/04.《红尘破局之宇宙能量》(1).md (13KB)

[193/957] (20%) [06-人性认知思维] 04.《红尘破局之宇宙能量》.pdf
  ✅ → 06-人性认知思维/04.《红尘破局之宇宙能量》.md (13KB)

[194/957] (20%) [06-人性认知思维] 05.《上层人大脑》(1).pdf
  ✅ → 06-人性认知思维/05.《上层人大脑》(1).md (224KB)

[195/957] (20%) [06-人性认知思维] 05.《上层人大脑》.pdf
  ✅ → 06-人性认知思维/05.《上层人大脑》.md (224KB)

[196/957] (20%) [06-人性认知思维] 06.《骨灰级学习高手不愿说的高效学习秘密》(1)(1).pdf
  ✅ → 06-人性认知思维/06.《骨灰级学习高手不愿说的高效学习秘密》(1)(1).md (319KB)

[197/957] (21%) [06-人性认知思维] 06.《骨灰级学习高手不愿说的高效学习秘密》(1).pdf
  ✅ → 06-人性认知思维/06.《骨灰级学习高手不愿说的高效学习秘密》(1).md (319KB)

[198/957] (21%) [06-人性认知思维] 07.《骨灰级学习高手不愿说的高效学习秘密》(1).pdf
  ✅ → 06-人性认知思维/07.《骨灰级学习高手不愿说的高效学习秘密》(1).md (335KB)

[199/957] (21%) [06-人性认知思维] 07.《骨灰级学习高手不愿说的高效学习秘密》.pdf
  ✅ → 06-人性认知思维/07.《骨灰级学习高手不愿说的高效学习秘密》.md (335KB)

[200/957] (21%) [06-人性认知思维] 08.《穷人的底层逻辑》(1).pdf
  ✅ → 06-人性认知思维/08.《穷人的底层逻辑》(1).md (275KB)

[201/957] (21%) [06-人性认知思维] 08.《穷人的底层逻辑》.pdf
  ✅ → 06-人性认知思维/08.《穷人的底层逻辑》.md (275KB)

[202/957] (21%) [06-人性认知思维] 09.《开悟觉醒绝世秘籍 》(1).pdf
  ✅ → 06-人性认知思维/09.《开悟觉醒绝世秘籍 》(1).md (11KB)

[203/957] (21%) [06-人性认知思维] 09.《开悟觉醒绝世秘籍 》.pdf
  ✅ → 06-人性认知思维/09.《开悟觉醒绝世秘籍 》.md (11KB)

[204/957] (21%) [06-人性认知思维] 10.《认知觉醒：21天潜意识进化心法 》(1).pdf
  ✅ → 06-人性认知思维/10.《认知觉醒：21天潜意识进化心法 》(1).md (410KB)

[205/957] (21%) [06-人性认知思维] 10.《认知觉醒：21天潜意识进化心法 》.pdf
  ✅ → 06-人性认知思维/10.《认知觉醒：21天潜意识进化心法 》.md (410KB)

[206/957] (22%) [06-人性认知思维] 11.《反认知觉醒》(1).pdf
  ✅ → 06-人性认知思维/11.《反认知觉醒》(1).md (13KB)

[207/957] (22%) [06-人性认知思维] 11.《反认知觉醒》.pdf
  ✅ → 06-人性认知思维/11.《反认知觉醒》.md (13KB)

[208/957] (22%) [06-人性认知思维] 12.《阶层跃进与认知》(1).pdf
  ✅ → 06-人性认知思维/12.《阶层跃进与认知》(1).md (33KB)

[209/957] (22%) [06-人性认知思维] 12.《阶层跃进与认知》.pdf
  ✅ → 06-人性认知思维/12.《阶层跃进与认知》.md (33KB)

[210/957] (22%) [06-人性认知思维] 13.《超认知经济学》(1).pdf
  ✅ → 06-人性认知思维/13.《超认知经济学》(1).md (766KB)

[211/957] (22%) [06-人性认知思维] 13.《超认知经济学》.pdf
  ✅ → 06-人性认知思维/13.《超认知经济学》.md (766KB)

[212/957] (22%) [06-人性认知思维] 14.《生命觉醒》(1).pdf
  ✅ → 06-人性认知思维/14.《生命觉醒》(1).md (14KB)

[213/957] (22%) [06-人性认知思维] 14.《生命觉醒》.pdf
  ✅ → 06-人性认知思维/14.《生命觉醒》.md (14KB)

[214/957] (22%) [06-人性认知思维] 15.《洞悉社会真相高深度思考的秘密》(1).pdf
  ✅ → 06-人性认知思维/15.《洞悉社会真相高深度思考的秘密》(1).md (157KB)

[215/957] (22%) [06-人性认知思维] 15.《洞悉社会真相高深度思考的秘密》.pdf
  ✅ → 06-人性认知思维/15.《洞悉社会真相高深度思考的秘密》.md (157KB)

[216/957] (23%) [06-人性认知思维] 16.《老子的逆袭人生》(1).pdf
  ✅ → 06-人性认知思维/16.《老子的逆袭人生》(1).md (454KB)

[217/957] (23%) [06-人性认知思维] 16.《老子的逆袭人生》.pdf
  ✅ → 06-人性认知思维/16.《老子的逆袭人生》.md (454KB)

[218/957] (23%) [04-职场社交提升] 01.《职场处事经》(1).pdf
  ✅ → 04-职场社交提升/01.《职场处事经》(1).md (574KB)

[219/957] (23%) [04-职场社交提升] 01.《职场处事经》.pdf
  ✅ → 04-职场社交提升/01.《职场处事经》.md (574KB)

[220/957] (23%) [04-职场社交提升] 02.《职场实用宝典》(1).pdf
  ✅ → 04-职场社交提升/02.《职场实用宝典》(1).md (8KB)

[221/957] (23%) [04-职场社交提升] 02.《职场实用宝典》.pdf
  ✅ → 04-职场社交提升/02.《职场实用宝典》.md (8KB)

[222/957] (23%) [04-职场社交提升] 03.《职场智慧168问》(1).pdf
  ✅ → 04-职场社交提升/03.《职场智慧168问》(1).md (301KB)

[223/957] (23%) [04-职场社交提升] 03.《职场智慧168问》.pdf
  ✅ → 04-职场社交提升/03.《职场智慧168问》.md (301KB)

[224/957] (23%) [04-职场社交提升] 04.《职场权谋宝典》(1).pdf
  ✅ → 04-职场社交提升/04.《职场权谋宝典》(1).md (50KB)

[225/957] (24%) [04-职场社交提升] 04.《职场权谋宝典》.pdf
  ✅ → 04-职场社交提升/04.《职场权谋宝典》.md (50KB)

[226/957] (24%) [04-职场社交提升] 05.《职场晋升心计》(1).pdf
  ✅ → 04-职场社交提升/05.《职场晋升心计》(1).md (20KB)

[227/957] (24%) [04-职场社交提升] 05.《职场晋升心计》.pdf
  ✅ → 04-职场社交提升/05.《职场晋升心计》.md (20KB)

[228/957] (24%) [04-职场社交提升] 06.《职场问题大全 》(1).pdf
  ✅ → 04-职场社交提升/06.《职场问题大全 》(1).md (72KB)

[229/957] (24%) [04-职场社交提升] 06.《职场问题大全 》.pdf
  ✅ → 04-职场社交提升/06.《职场问题大全 》.md (72KB)

[230/957] (24%) [04-职场社交提升] 07.《职场厚黑学》(1).pdf
  ✅ → 04-职场社交提升/07.《职场厚黑学》(1).md (85KB)

[231/957] (24%) [04-职场社交提升] 07.《职场厚黑学》.pdf
  ✅ → 04-职场社交提升/07.《职场厚黑学》.md (85KB)

[232/957] (24%) [04-职场社交提升] 08.《职场中的百科全书得到锦囊》(1).pdf
  ✅ → 04-职场社交提升/08.《职场中的百科全书得到锦囊》(1).md (2139KB)

[233/957] (24%) [04-职场社交提升] 08.《职场中的百科全书得到锦囊》.pdf
  ✅ → 04-职场社交提升/08.《职场中的百科全书得到锦囊》.md (2139KB)

[234/957] (24%) [04-职场社交提升] 09.《关系操控术》(1).pdf
  ✅ → 04-职场社交提升/09.《关系操控术》(1).md (22KB)

[235/957] (25%) [04-职场社交提升] 09.《关系操控术》.pdf
  ✅ → 04-职场社交提升/09.《关系操控术》.md (22KB)

[236/957] (25%) [04-职场社交提升] 10.《玩的就是操纵术》(1).pdf
  ✅ → 04-职场社交提升/10.《玩的就是操纵术》(1).md (9KB)

[237/957] (25%) [04-职场社交提升] 10.《玩的就是操纵术》.pdf
  ✅ → 04-职场社交提升/10.《玩的就是操纵术》.md (9KB)

[238/957] (25%) [04-职场社交提升] 11.《生存谋略》(1).pdf
  ✅ → 04-职场社交提升/11.《生存谋略》(1).md (216KB)

[239/957] (25%) [04-职场社交提升] 11.《生存谋略》.pdf
  ✅ → 04-职场社交提升/11.《生存谋略》.md (216KB)

[240/957] (25%) [04-职场社交提升] 12.《体制内生存之道》(1).pdf
  ✅ → 04-职场社交提升/12.《体制内生存之道》(1).md (4KB)

[241/957] (25%) [04-职场社交提升] 12.《体制内生存之道》.pdf
  ✅ → 04-职场社交提升/12.《体制内生存之道》.md (4KB)

[242/957] (25%) [04-职场社交提升] 13.《三国职场谋生术》(1).pdf
  ✅ → 04-职场社交提升/13.《三国职场谋生术》(1).md (227KB)

[243/957] (25%) [04-职场社交提升] 13.《三国职场谋生术》.pdf
  ✅ → 04-职场社交提升/13.《三国职场谋生术》.md (227KB)

[244/957] (25%) [04-职场社交提升] 14.《老板用人智慧》(1).pdf
  ✅ → 04-职场社交提升/14.《老板用人智慧》(1).md (32KB)

[245/957] (26%) [04-职场社交提升] 14.《老板用人智慧》.pdf
  ✅ → 04-职场社交提升/14.《老板用人智慧》.md (32KB)

[246/957] (26%) [06-人性认知思维] 1.《108套话术公式》(1).pdf
  ✅ → 06-人性认知思维/1.《108套话术公式》(1).md (7KB)

[247/957] (26%) [06-人性认知思维] 1.《108套话术公式》.pdf
  ✅ → 06-人性认知思维/1.《108套话术公式》.md (7KB)

[248/957] (26%) [06-人性认知思维] 2、《多场景人性话术秘籍》(1).pdf
  ✅ → 06-人性认知思维/2、《多场景人性话术秘籍》(1).md (89KB)

[249/957] (26%) [06-人性认知思维] 2、《多场景人性话术秘籍》.pdf
  ✅ → 06-人性认知思维/2、《多场景人性话术秘籍》.md (89KB)

[250/957] (26%) [06-人性认知思维] 3、《聊天战术与案例：进攻防守》(1).pdf
  ✅ → 06-人性认知思维/3、《聊天战术与案例：进攻防守》(1).md (453KB)

[251/957] (26%) [06-人性认知思维] 3、《聊天战术与案例：进攻防守》.pdf
  ✅ → 06-人性认知思维/3、《聊天战术与案例：进攻防守》.md (453KB)

[252/957] (26%) [06-人性认知思维] 4、《高情商话术速成秘籍》(1).pdf
  ✅ → 06-人性认知思维/4、《高情商话术速成秘籍》(1).md (226KB)

[253/957] (26%) [06-人性认知思维] 4、《高情商话术速成秘籍》.pdf
  ✅ → 06-人性认知思维/4、《高情商话术速成秘籍》.md (226KB)

[254/957] (27%) [06-人性认知思维] 5、《问话艺术与技巧》(1).pdf
  ✅ → 06-人性认知思维/5、《问话艺术与技巧》(1).md (248KB)

[255/957] (27%) [06-人性认知思维] 5、《问话艺术与技巧》.pdf
  ✅ → 06-人性认知思维/5、《问话艺术与技巧》.md (248KB)

[256/957] (27%) [06-人性认知思维] 6、《回话艺术与技巧》(1).pdf
  ✅ → 06-人性认知思维/6、《回话艺术与技巧》(1).md (7KB)

[257/957] (27%) [06-人性认知思维] 6、《回话艺术与技巧》.pdf
  ✅ → 06-人性认知思维/6、《回话艺术与技巧》.md (7KB)

[258/957] (27%) [07-赚钱营销提升] 1.《互联网赚钱模版》(1).pdf
MuPDF error: format error: cannot find object in xref (746 0 R)

MuPDF error: format error: cannot find object in xref (746 0 R)

MuPDF error: format error: cannot find object in xref (746 0 R)

MuPDF error: format error: cannot find object in xref (746 0 R)

  ✅ → 07-赚钱营销提升/1.《互联网赚钱模版》(1).md (20KB)

[259/957] (27%) [07-赚钱营销提升] 1.《互联网赚钱模版》.pdf
MuPDF error: format error: cannot find object in xref (746 0 R)

MuPDF error: format error: cannot find object in xref (746 0 R)

MuPDF error: format error: cannot find object in xref (746 0 R)

MuPDF error: format error: cannot find object in xref (746 0 R)

Traceback (most recent call last):
  File "C:\Python314\Lib\site-packages\pymupdf\__init__.py", line 3013, in __init__
    doc = mupdf.fz_open_document_with_stream_and_dir(suffix, fz_stream, archive.this)
  File "C:\Python314\Lib\site-packages\pymupdf\mupdf.py", line 53426, in fz_open_document_with_stream_and_dir
    return _mupdf.fz_open_document_with_stream_and_dir(magic, stream, dir)
           ~~~~~~~~~~~~~~~~~~~~~~~~~~~~~~~~~~~~~~~~~~~^^^^^^^^^^^^^^^^^^^^
pymupdf.mupdf.FzErrorFormat: code=7: no objects found

The above exception was the direct cause of the following exception:

Traceback (most recent call last):
  File "F:\开发软件项目文件\对练社交\batch_extract_docs.py", line 251, in main
    text = extract_pdf(f)
  File "F:\开发软件项目文件\对练社交\batch_extract_docs.py", line 84, in extract_pdf
    doc = pymupdf.open(pdf_path)
  File "C:\Python314\Lib\site-packages\pymupdf\__init__.py", line 3016, in __init__
    raise FileDataError(f'Failed to open file {filename!r} as type {suffix}.') from e
pymupdf.FileDataError: Failed to open file 'G:\\BaiduNetdiskDownload\\高情商话术\\B.精选好书合集\\两性情感53本大合集\\1.《绿茶女权谋术》.pdf' as t
ype pdf.
Traceback (most recent call last):
  File "C:\Python314\Lib\site-packages\pymupdf\__init__.py", line 3013, in __init__
    doc = mupdf.fz_open_document_with_stream_and_dir(suffix, fz_stream, archive.this)
  File "C:\Python314\Lib\site-packages\pymupdf\mupdf.py", line 53426, in fz_open_document_with_stream_and_dir
    return _mupdf.fz_open_document_with_stream_and_dir(magic, stream, dir)
           ~~~~~~~~~~~~~~~~~~~~~~~~~~~~~~~~~~~~~~~~~~~^^^^^^^^^^^^^^^^^^^^
pymupdf.mupdf.FzErrorFormat: code=7: no objects found

The above exception was the direct cause of the following exception:

Traceback (most recent call last):
  File "F:\开发软件项目文件\对练社交\batch_extract_docs.py", line 251, in main
    text = extract_pdf(f)
  File "F:\开发软件项目文件\对练社交\batch_extract_docs.py", line 84, in extract_pdf
    doc = pymupdf.open(pdf_path)
  File "C:\Python314\Lib\site-packages\pymupdf\__init__.py", line 3016, in __init__
    raise FileDataError(f'Failed to open file {filename!r} as type {suffix}.') from e
pymupdf.FileDataError: Failed to open file 'G:\\BaiduNetdiskDownload\\高情商话术\\B.精选好书合集\\两性情感53本大合集\\10.《怎样与女人相处》.pdf' as
 type pdf.
Traceback (most recent call last):
  File "C:\Python314\Lib\site-packages\pymupdf\__init__.py", line 3013, in __init__
    doc = mupdf.fz_open_document_with_stream_and_dir(suffix, fz_stream, archive.this)
  File "C:\Python314\Lib\site-packages\pymupdf\mupdf.py", line 53426, in fz_open_document_with_stream_and_dir
    return _mupdf.fz_open_document_with_stream_and_dir(magic, stream, dir)
           ~~~~~~~~~~~~~~~~~~~~~~~~~~~~~~~~~~~~~~~~~~~^^^^^^^^^^^^^^^^^^^^
pymupdf.mupdf.FzErrorFormat: code=7: no objects found

The above exception was the direct cause of the following exception:

Traceback (most recent call last):
  File "F:\开发软件项目文件\对练社交\batch_extract_docs.py", line 251, in main
    text = extract_pdf(f)
  File "F:\开发软件项目文件\对练社交\batch_extract_docs.py", line 84, in extract_pdf
    doc = pymupdf.open(pdf_path)
  File "C:\Python314\Lib\site-packages\pymupdf\__init__.py", line 3016, in __init__
    raise FileDataError(f'Failed to open file {filename!r} as type {suffix}.') from e
pymupdf.FileDataError: Failed to open file 'G:\\BaiduNetdiskDownload\\高情商话术\\B.精选好书合集\\两性情感53本大合集\\12.《高级女人手册》.pdf' as 
type pdf.
Traceback (most recent call last):
  File "C:\Python314\Lib\site-packages\pymupdf\__init__.py", line 3013, in __init__
    doc = mupdf.fz_open_document_with_stream_and_dir(suffix, fz_stream, archive.this)
  File "C:\Python314\Lib\site-packages\pymupdf\mupdf.py", line 53426, in fz_open_document_with_stream_and_dir
    return _mupdf.fz_open_document_with_stream_and_dir(magic, stream, dir)
           ~~~~~~~~~~~~~~~~~~~~~~~~~~~~~~~~~~~~~~~~~~~^^^^^^^^^^^^^^^^^^^^
pymupdf.mupdf.FzErrorFormat: code=7: no objects found

The above exception was the direct cause of the following exception:

Traceback (most recent call last):
  File "F:\开发软件项目文件\对练社交\batch_extract_docs.py", line 251, in main
    text = extract_pdf(f)
  File "F:\开发软件项目文件\对练社交\batch_extract_docs.py", line 84, in extract_pdf
    doc = pymupdf.open(pdf_path)
  File "C:\Python314\Lib\site-packages\pymupdf\__init__.py", line 3016, in __init__
    raise FileDataError(f'Failed to open file {filename!r} as type {suffix}.') from e
pymupdf.FileDataError: Failed to open file 'G:\\BaiduNetdiskDownload\\高情商话术\\B.精选好书合集\\两性情感53本大合集\\14.《厚黑女人最好命》.pdf' as
 type pdf.
Traceback (most recent call last):
  File "C:\Python314\Lib\site-packages\pymupdf\__init__.py", line 3013, in __init__
    doc = mupdf.fz_open_document_with_stream_and_dir(suffix, fz_stream, archive.this)
  File "C:\Python314\Lib\site-packages\pymupdf\mupdf.py", line 53426, in fz_open_document_with_stream_and_dir
    return _mupdf.fz_open_document_with_stream_and_dir(magic, stream, dir)
           ~~~~~~~~~~~~~~~~~~~~~~~~~~~~~~~~~~~~~~~~~~~^^^^^^^^^^^^^^^^^^^^
pymupdf.mupdf.FzErrorFormat: code=7: no objects found

The above exception was the direct cause of the following exception:

Traceback (most recent call last):
  File "F:\开发软件项目文件\对练社交\batch_extract_docs.py", line 251, in main
    text = extract_pdf(f)
  File "F:\开发软件项目文件\对练社交\batch_extract_docs.py", line 84, in extract_pdf
    doc = pymupdf.open(pdf_path)
  File "C:\Python314\Lib\site-packages\pymupdf\__init__.py", line 3016, in __init__
    raise FileDataError(f'Failed to open file {filename!r} as type {suffix}.') from e
pymupdf.FileDataError: Failed to open file 'G:\\BaiduNetdiskDownload\\高情商话术\\B.精选好书合集\\两性情感53本大合集\\15.《绿茶情感男女》.pdf' as 
type pdf.
Traceback (most recent call last):
  File "C:\Python314\Lib\site-packages\pymupdf\__init__.py", line 3013, in __init__
    doc = mupdf.fz_open_document_with_stream_and_dir(suffix, fz_stream, archive.this)
  File "C:\Python314\Lib\site-packages\pymupdf\mupdf.py", line 53426, in fz_open_document_with_stream_and_dir
    return _mupdf.fz_open_document_with_stream_and_dir(magic, stream, dir)
           ~~~~~~~~~~~~~~~~~~~~~~~~~~~~~~~~~~~~~~~~~~~^^^^^^^^^^^^^^^^^^^^
pymupdf.mupdf.FzErrorFormat: code=7: no objects found

The above exception was the direct cause of the following exception:

Traceback (most recent call last):
  File "F:\开发软件项目文件\对练社交\batch_extract_docs.py", line 251, in main
    text = extract_pdf(f)
  File "F:\开发软件项目文件\对练社交\batch_extract_docs.py", line 84, in extract_pdf
    doc = pymupdf.open(pdf_path)
  File "C:\Python314\Lib\site-packages\pymupdf\__init__.py", line 3016, in __init__
    raise FileDataError(f'Failed to open file {filename!r} as type {suffix}.') from e
pymupdf.FileDataError: Failed to open file 'G:\\BaiduNetdiskDownload\\高情商话术\\B.精选好书合集\\两性情感53本大合集\\17.《女人恋爱幸福宝典》.pdf' a
s type pdf.
Traceback (most recent call last):
  File "C:\Python314\Lib\site-packages\pymupdf\__init__.py", line 3013, in __init__
    doc = mupdf.fz_open_document_with_stream_and_dir(suffix, fz_stream, archive.this)
  File "C:\Python314\Lib\site-packages\pymupdf\mupdf.py", line 53426, in fz_open_document_with_stream_and_dir
    return _mupdf.fz_open_document_with_stream_and_dir(magic, stream, dir)
           ~~~~~~~~~~~~~~~~~~~~~~~~~~~~~~~~~~~~~~~~~~~^^^^^^^^^^^^^^^^^^^^
pymupdf.mupdf.FzErrorFormat: code=7: no objects found

The above exception was the direct cause of the following exception:

Traceback (most recent call last):
  File "F:\开发软件项目文件\对练社交\batch_extract_docs.py", line 251, in main
    text = extract_pdf(f)
  File "F:\开发软件项目文件\对练社交\batch_extract_docs.py", line 84, in extract_pdf
    doc = pymupdf.open(pdf_path)
  File "C:\Python314\Lib\site-packages\pymupdf\__init__.py", line 3016, in __init__
    raise FileDataError(f'Failed to open file {filename!r} as type {suffix}.') from e
pymupdf.FileDataError: Failed to open file 'G:\\BaiduNetdiskDownload\\高情商话术\\B.精选好书合集\\两性情感53本大合集\\19.《女人用法》.pdf' as ty
pe pdf.
Traceback (most recent call last):
  File "C:\Python314\Lib\site-packages\pymupdf\__init__.py", line 3013, in __init__
    doc = mupdf.fz_open_document_with_stream_and_dir(suffix, fz_stream, archive.this)
  File "C:\Python314\Lib\site-packages\pymupdf\mupdf.py", line 53426, in fz_open_document_with_stream_and_dir
    return _mupdf.fz_open_document_with_stream_and_dir(magic, stream, dir)
           ~~~~~~~~~~~~~~~~~~~~~~~~~~~~~~~~~~~~~~~~~~~^^^^^^^^^^^^^^^^^^^^
pymupdf.mupdf.FzErrorFormat: code=7: no objects found

The above exception was the direct cause of the following exception:

Traceback (most recent call last):
  File "F:\开发软件项目文件\对练社交\batch_extract_docs.py", line 251, in main
    text = extract_pdf(f)
  File "F:\开发软件项目文件\对练社交\batch_extract_docs.py", line 84, in extract_pdf
    doc = pymupdf.open(pdf_path)
  File "C:\Python314\Lib\site-packages\pymupdf\__init__.py", line 3016, in __init__
    raise FileDataError(f'Failed to open file {filename!r} as type {suffix}.') from e
pymupdf.FileDataError: Failed to open file 'G:\\BaiduNetdiskDownload\\高情商话术\\B.精选好书合集\\两性情感53本大合集\\20.《女王秘籍与必杀技》.pdf' a
s type pdf.
Traceback (most recent call last):
  File "C:\Python314\Lib\site-packages\pymupdf\__init__.py", line 3013, in __init__
    doc = mupdf.fz_open_document_with_stream_and_dir(suffix, fz_stream, archive.this)
  File "C:\Python314\Lib\site-packages\pymupdf\mupdf.py", line 53426, in fz_open_document_with_stream_and_dir
    return _mupdf.fz_open_document_with_stream_and_dir(magic, stream, dir)
           ~~~~~~~~~~~~~~~~~~~~~~~~~~~~~~~~~~~~~~~~~~~^^^^^^^^^^^^^^^^^^^^
pymupdf.mupdf.FzErrorFormat: code=7: no objects found

The above exception was the direct cause of the following exception:

Traceback (most recent call last):
  File "F:\开发软件项目文件\对练社交\batch_extract_docs.py", line 251, in main
    text = extract_pdf(f)
  File "F:\开发软件项目文件\对练社交\batch_extract_docs.py", line 84, in extract_pdf
    doc = pymupdf.open(pdf_path)
  File "C:\Python314\Lib\site-packages\pymupdf\__init__.py", line 3016, in __init__
    raise FileDataError(f'Failed to open file {filename!r} as type {suffix}.') from e
pymupdf.FileDataError: Failed to open file 'G:\\BaiduNetdiskDownload\\高情商话术\\B.精选好书合集\\两性情感53本大合集\\21.《女性操纵者》.pdf' as t
ype pdf.
Traceback (most recent call last):
  File "C:\Python314\Lib\site-packages\pymupdf\__init__.py", line 3013, in __init__
    doc = mupdf.fz_open_document_with_stream_and_dir(suffix, fz_stream, archive.this)
  File "C:\Python314\Lib\site-packages\pymupdf\mupdf.py", line 53426, in fz_open_document_with_stream_and_dir
    return _mupdf.fz_open_document_with_stream_and_dir(magic, stream, dir)
           ~~~~~~~~~~~~~~~~~~~~~~~~~~~~~~~~~~~~~~~~~~~^^^^^^^^^^^^^^^^^^^^
pymupdf.mupdf.FzErrorFormat: code=7: no objects found

The above exception was the direct cause of the following exception:

Traceback (most recent call last):
  File "F:\开发软件项目文件\对练社交\batch_extract_docs.py", line 251, in main
    text = extract_pdf(f)
  File "F:\开发软件项目文件\对练社交\batch_extract_docs.py", line 84, in extract_pdf
    doc = pymupdf.open(pdf_path)
  File "C:\Python314\Lib\site-packages\pymupdf\__init__.py", line 3016, in __init__
    raise FileDataError(f'Failed to open file {filename!r} as type {suffix}.') from e
pymupdf.FileDataError: Failed to open file 'G:\\BaiduNetdiskDownload\\高情商话术\\B.精选好书合集\\两性情感53本大合集\\23.《女性改运智慧》.pdf' as 
type pdf.
Traceback (most recent call last):
  File "C:\Python314\Lib\site-packages\pymupdf\__init__.py", line 3013, in __init__
    doc = mupdf.fz_open_document_with_stream_and_dir(suffix, fz_stream, archive.this)
  File "C:\Python314\Lib\site-packages\pymupdf\mupdf.py", line 53426, in fz_open_document_with_stream_and_dir
    return _mupdf.fz_open_document_with_stream_and_dir(magic, stream, dir)
           ~~~~~~~~~~~~~~~~~~~~~~~~~~~~~~~~~~~~~~~~~~~^^^^^^^^^^^^^^^^^^^^
pymupdf.mupdf.FzErrorFormat: code=7: no objects found

The above exception was the direct cause of the following exception:

Traceback (most recent call last):
  File "F:\开发软件项目文件\对练社交\batch_extract_docs.py", line 251, in main
    text = extract_pdf(f)
  File "F:\开发软件项目文件\对练社交\batch_extract_docs.py", line 84, in extract_pdf
    doc = pymupdf.open(pdf_path)
  File "C:\Python314\Lib\site-packages\pymupdf\__init__.py", line 3016, in __init__
    raise FileDataError(f'Failed to open file {filename!r} as type {suffix}.') from e
pymupdf.FileDataError: Failed to open file 'G:\\BaiduNetdiskDownload\\高情商话术\\B.精选好书合集\\两性情感53本大合集\\25.《女性能量》.pdf' as ty
pe pdf.
Traceback (most recent call last):
  File "C:\Python314\Lib\site-packages\pymupdf\__init__.py", line 3013, in __init__
    doc = mupdf.fz_open_document_with_stream_and_dir(suffix, fz_stream, archive.this)
  File "C:\Python314\Lib\site-packages\pymupdf\mupdf.py", line 53426, in fz_open_document_with_stream_and_dir
    return _mupdf.fz_open_document_with_stream_and_dir(magic, stream, dir)
           ~~~~~~~~~~~~~~~~~~~~~~~~~~~~~~~~~~~~~~~~~~~^^^^^^^^^^^^^^^^^^^^
pymupdf.mupdf.FzErrorFormat: code=7: no objects found

The above exception was the direct cause of the following exception:

Traceback (most recent call last):
  File "F:\开发软件项目文件\对练社交\batch_extract_docs.py", line 251, in main
    text = extract_pdf(f)
  File "F:\开发软件项目文件\对练社交\batch_extract_docs.py", line 84, in extract_pdf
    doc = pymupdf.open(pdf_path)
  File "C:\Python314\Lib\site-packages\pymupdf\__init__.py", line 3016, in __init__
    raise FileDataError(f'Failed to open file {filename!r} as type {suffix}.') from e
pymupdf.FileDataError: Failed to open file 'G:\\BaiduNetdiskDownload\\高情商话术\\B.精选好书合集\\两性情感53本大合集\\26.《女性人情宝典》.pdf' as 
type pdf.
Traceback (most recent call last):
  File "C:\Python314\Lib\site-packages\pymupdf\__init__.py", line 3013, in __init__
    doc = mupdf.fz_open_document_with_stream_and_dir(suffix, fz_stream, archive.this)
  File "C:\Python314\Lib\site-packages\pymupdf\mupdf.py", line 53426, in fz_open_document_with_stream_and_dir
    return _mupdf.fz_open_document_with_stream_and_dir(magic, stream, dir)
           ~~~~~~~~~~~~~~~~~~~~~~~~~~~~~~~~~~~~~~~~~~~^^^^^^^^^^^^^^^^^^^^
pymupdf.mupdf.FzErrorFormat: code=7: no objects found

The above exception was the direct cause of the following exception:

Traceback (most recent call last):
  File "F:\开发软件项目文件\对练社交\batch_extract_docs.py", line 251, in main
    text = extract_pdf(f)
  File "F:\开发软件项目文件\对练社交\batch_extract_docs.py", line 84, in extract_pdf
    doc = pymupdf.open(pdf_path)
  File "C:\Python314\Lib\site-packages\pymupdf\__init__.py", line 3016, in __init__
    raise FileDataError(f'Failed to open file {filename!r} as type {suffix}.') from e
pymupdf.FileDataError: Failed to open file 'G:\\BaiduNetdiskDownload\\高情商话术\\B.精选好书合集\\两性情感53本大合集\\27.《女性智谋大师》.pdf' as 
type pdf.
Traceback (most recent call last):
  File "C:\Python314\Lib\site-packages\pymupdf\__init__.py", line 3013, in __init__
    doc = mupdf.fz_open_document_with_stream_and_dir(suffix, fz_stream, archive.this)
  File "C:\Python314\Lib\site-packages\pymupdf\mupdf.py", line 53426, in fz_open_document_with_stream_and_dir
    return _mupdf.fz_open_document_with_stream_and_dir(magic, stream, dir)
           ~~~~~~~~~~~~~~~~~~~~~~~~~~~~~~~~~~~~~~~~~~~^^^^^^^^^^^^^^^^^^^^
pymupdf.mupdf.FzErrorFormat: code=7: no objects found

The above exception was the direct cause of the following exception:

Traceback (most recent call last):
  File "F:\开发软件项目文件\对练社交\batch_extract_docs.py", line 251, in main
    text = extract_pdf(f)
  File "F:\开发软件项目文件\对练社交\batch_extract_docs.py", line 84, in extract_pdf
    doc = pymupdf.open(pdf_path)
  File "C:\Python314\Lib\site-packages\pymupdf\__init__.py", line 3016, in __init__
    raise FileDataError(f'Failed to open file {filename!r} as type {suffix}.') from e
pymupdf.FileDataError: Failed to open file 'G:\\BaiduNetdiskDownload\\高情商话术\\B.精选好书合集\\两性情感53本大合集\\28.《羞羞男女》.pdf' as ty
pe pdf.
Traceback (most recent call last):
  File "C:\Python314\Lib\site-packages\pymupdf\__init__.py", line 3013, in __init__
    doc = mupdf.fz_open_document_with_stream_and_dir(suffix, fz_stream, archive.this)
  File "C:\Python314\Lib\site-packages\pymupdf\mupdf.py", line 53426, in fz_open_document_with_stream_and_dir
    return _mupdf.fz_open_document_with_stream_and_dir(magic, stream, dir)
           ~~~~~~~~~~~~~~~~~~~~~~~~~~~~~~~~~~~~~~~~~~~^^^^^^^^^^^^^^^^^^^^
pymupdf.mupdf.FzErrorFormat: code=7: no objects found

The above exception was the direct cause of the following exception:

Traceback (most recent call last):
  File "F:\开发软件项目文件\对练社交\batch_extract_docs.py", line 251, in main
    text = extract_pdf(f)
  File "F:\开发软件项目文件\对练社交\batch_extract_docs.py", line 84, in extract_pdf
    doc = pymupdf.open(pdf_path)
  File "C:\Python314\Lib\site-packages\pymupdf\__init__.py", line 3016, in __init__
    raise FileDataError(f'Failed to open file {filename!r} as type {suffix}.') from e
pymupdf.FileDataError: Failed to open file 'G:\\BaiduNetdiskDownload\\高情商话术\\B.精选好书合集\\两性情感53本大合集\\29.《认知男女》.pdf' as ty
pe pdf.
Traceback (most recent call last):
  File "C:\Python314\Lib\site-packages\pymupdf\__init__.py", line 3013, in __init__
    doc = mupdf.fz_open_document_with_stream_and_dir(suffix, fz_stream, archive.this)
  File "C:\Python314\Lib\site-packages\pymupdf\mupdf.py", line 53426, in fz_open_document_with_stream_and_dir
    return _mupdf.fz_open_document_with_stream_and_dir(magic, stream, dir)
           ~~~~~~~~~~~~~~~~~~~~~~~~~~~~~~~~~~~~~~~~~~~^^^^^^^^^^^^^^^^^^^^
pymupdf.mupdf.FzErrorFormat: code=7: no objects found

The above exception was the direct cause of the following exception:

Traceback (most recent call last):
  File "F:\开发软件项目文件\对练社交\batch_extract_docs.py", line 251, in main
    text = extract_pdf(f)
  File "F:\开发软件项目文件\对练社交\batch_extract_docs.py", line 84, in extract_pdf
    doc = pymupdf.open(pdf_path)
  File "C:\Python314\Lib\site-packages\pymupdf\__init__.py", line 3016, in __init__
    raise FileDataError(f'Failed to open file {filename!r} as type {suffix}.') from e
pymupdf.FileDataError: Failed to open file 'G:\\BaiduNetdiskDownload\\高情商话术\\B.精选好书合集\\两性情感53本大合集\\3.《女性自我提升之路》.pdf' as
 type pdf.
Traceback (most recent call last):
  File "C:\Python314\Lib\site-packages\pymupdf\__init__.py", line 3013, in __init__
    doc = mupdf.fz_open_document_with_stream_and_dir(suffix, fz_stream, archive.this)
  File "C:\Python314\Lib\site-packages\pymupdf\mupdf.py", line 53426, in fz_open_document_with_stream_and_dir
    return _mupdf.fz_open_document_with_stream_and_dir(magic, stream, dir)
           ~~~~~~~~~~~~~~~~~~~~~~~~~~~~~~~~~~~~~~~~~~~^^^^^^^^^^^^^^^^^^^^
pymupdf.mupdf.FzErrorFormat: code=7: no objects found

The above exception was the direct cause of the following exception:

Traceback (most recent call last):
  File "F:\开发软件项目文件\对练社交\batch_extract_docs.py", line 251, in main
    text = extract_pdf(f)
  File "F:\开发软件项目文件\对练社交\batch_extract_docs.py", line 84, in extract_pdf
    doc = pymupdf.open(pdf_path)
  File "C:\Python314\Lib\site-packages\pymupdf\__init__.py", line 3016, in __init__
    raise FileDataError(f'Failed to open file {filename!r} as type {suffix}.') from e
pymupdf.FileDataError: Failed to open file 'G:\\BaiduNetdiskDownload\\高情商话术\\B.精选好书合集\\两性情感53本大合集\\31.《幸福女人修炼手册》.pdf' a
s type pdf.
Traceback (most recent call last):
  File "C:\Python314\Lib\site-packages\pymupdf\__init__.py", line 3013, in __init__
    doc = mupdf.fz_open_document_with_stream_and_dir(suffix, fz_stream, archive.this)
  File "C:\Python314\Lib\site-packages\pymupdf\mupdf.py", line 53426, in fz_open_document_with_stream_and_dir
    return _mupdf.fz_open_document_with_stream_and_dir(magic, stream, dir)
           ~~~~~~~~~~~~~~~~~~~~~~~~~~~~~~~~~~~~~~~~~~~^^^^^^^^^^^^^^^^^^^^
pymupdf.mupdf.FzErrorFormat: code=7: no objects found

The above exception was the direct cause of the following exception:

Traceback (most recent call last):
  File "F:\开发软件项目文件\对练社交\batch_extract_docs.py", line 251, in main
    text = extract_pdf(f)
  File "F:\开发软件项目文件\对练社交\batch_extract_docs.py", line 84, in extract_pdf
    doc = pymupdf.open(pdf_path)
  File "C:\Python314\Lib\site-packages\pymupdf\__init__.py", line 3016, in __init__
    raise FileDataError(f'Failed to open file {filename!r} as type {suffix}.') from e
pymupdf.FileDataError: Failed to open file 'G:\\BaiduNetdiskDownload\\高情商话术\\B.精选好书合集\\两性情感53本大合集\\33.《约会倍增术——男人篇》.pdf'
 as type pdf.
Traceback (most recent call last):
  File "C:\Python314\Lib\site-packages\pymupdf\__init__.py", line 3013, in __init__
    doc = mupdf.fz_open_document_with_stream_and_dir(suffix, fz_stream, archive.this)
  File "C:\Python314\Lib\site-packages\pymupdf\mupdf.py", line 53426, in fz_open_document_with_stream_and_dir
    return _mupdf.fz_open_document_with_stream_and_dir(magic, stream, dir)
           ~~~~~~~~~~~~~~~~~~~~~~~~~~~~~~~~~~~~~~~~~~~^^^^^^^^^^^^^^^^^^^^
pymupdf.mupdf.FzErrorFormat: code=7: no objects found

The above exception was the direct cause of the following exception:

Traceback (most recent call last):
  File "F:\开发软件项目文件\对练社交\batch_extract_docs.py", line 251, in main
    text = extract_pdf(f)
  File "F:\开发软件项目文件\对练社交\batch_extract_docs.py", line 84, in extract_pdf
    doc = pymupdf.open(pdf_path)
  File "C:\Python314\Lib\site-packages\pymupdf\__init__.py", line 3016, in __init__
    raise FileDataError(f'Failed to open file {filename!r} as type {suffix}.') from e
pymupdf.FileDataError: Failed to open file 'G:\\BaiduNetdiskDownload\\高情商话术\\B.精选好书合集\\两性情感53本大合集\\35.《约会法则》.pdf' as ty
pe pdf.
Traceback (most recent call last):
  File "C:\Python314\Lib\site-packages\pymupdf\__init__.py", line 3013, in __init__
    doc = mupdf.fz_open_document_with_stream_and_dir(suffix, fz_stream, archive.this)
  File "C:\Python314\Lib\site-packages\pymupdf\mupdf.py", line 53426, in fz_open_document_with_stream_and_dir
    return _mupdf.fz_open_document_with_stream_and_dir(magic, stream, dir)
           ~~~~~~~~~~~~~~~~~~~~~~~~~~~~~~~~~~~~~~~~~~~^^^^^^^^^^^^^^^^^^^^
pymupdf.mupdf.FzErrorFormat: code=7: no objects found

The above exception was the direct cause of the following exception:

Traceback (most recent call last):
  File "F:\开发软件项目文件\对练社交\batch_extract_docs.py", line 251, in main
    text = extract_pdf(f)
  File "F:\开发软件项目文件\对练社交\batch_extract_docs.py", line 84, in extract_pdf
    doc = pymupdf.open(pdf_path)
  File "C:\Python314\Lib\site-packages\pymupdf\__init__.py", line 3016, in __init__
    raise FileDataError(f'Failed to open file {filename!r} as type {suffix}.') from e
pymupdf.FileDataError: Failed to open file 'G:\\BaiduNetdiskDownload\\高情商话术\\B.精选好书合集\\两性情感53本大合集\\4.《狐狸精炼修手册》.pdf' as 
type pdf.
Traceback (most recent call last):
  File "C:\Python314\Lib\site-packages\pymupdf\__init__.py", line 3013, in __init__
    doc = mupdf.fz_open_document_with_stream_and_dir(suffix, fz_stream, archive.this)
  File "C:\Python314\Lib\site-packages\pymupdf\mupdf.py", line 53426, in fz_open_document_with_stream_and_dir
    return _mupdf.fz_open_document_with_stream_and_dir(magic, stream, dir)
           ~~~~~~~~~~~~~~~~~~~~~~~~~~~~~~~~~~~~~~~~~~~^^^^^^^^^^^^^^^^^^^^
pymupdf.mupdf.FzErrorFormat: code=7: no objects found

The above exception was the direct cause of the following exception:

Traceback (most recent call last):
  File "F:\开发软件项目文件\对练社交\batch_extract_docs.py", line 251, in main
    text = extract_pdf(f)
  File "F:\开发软件项目文件\对练社交\batch_extract_docs.py", line 84, in extract_pdf
    doc = pymupdf.open(pdf_path)
  File "C:\Python314\Lib\site-packages\pymupdf\__init__.py", line 3016, in __init__
    raise FileDataError(f'Failed to open file {filename!r} as type {suffix}.') from e
pymupdf.FileDataError: Failed to open file 'G:\\BaiduNetdiskDownload\\高情商话术\\B.精选好书合集\\两性情感53本大合集\\40.《搞定男人》.pdf' as ty
pe pdf.
Traceback (most recent call last):
  File "C:\Python314\Lib\site-packages\pymupdf\__init__.py", line 3013, in __init__
    doc = mupdf.fz_open_document_with_stream_and_dir(suffix, fz_stream, archive.this)
  File "C:\Python314\Lib\site-packages\pymupdf\mupdf.py", line 53426, in fz_open_document_with_stream_and_dir
    return _mupdf.fz_open_document_with_stream_and_dir(magic, stream, dir)
           ~~~~~~~~~~~~~~~~~~~~~~~~~~~~~~~~~~~~~~~~~~~^^^^^^^^^^^^^^^^^^^^
pymupdf.mupdf.FzErrorFormat: code=7: no objects found

The above exception was the direct cause of the following exception:

Traceback (most recent call last):
  File "F:\开发软件项目文件\对练社交\batch_extract_docs.py", line 251, in main
    text = extract_pdf(f)
  File "F:\开发软件项目文件\对练社交\batch_extract_docs.py", line 84, in extract_pdf
    doc = pymupdf.open(pdf_path)
  File "C:\Python314\Lib\site-packages\pymupdf\__init__.py", line 3016, in __init__
    raise FileDataError(f'Failed to open file {filename!r} as type {suffix}.') from e
pymupdf.FileDataError: Failed to open file 'G:\\BaiduNetdiskDownload\\高情商话术\\B.精选好书合集\\两性情感53本大合集\\41.《用男人的思维跟男人谈恋爱百战百胜
》.pdf' as type pdf.
Traceback (most recent call last):
  File "C:\Python314\Lib\site-packages\pymupdf\__init__.py", line 3013, in __init__
    doc = mupdf.fz_open_document_with_stream_and_dir(suffix, fz_stream, archive.this)
  File "C:\Python314\Lib\site-packages\pymupdf\mupdf.py", line 53426, in fz_open_document_with_stream_and_dir
    return _mupdf.fz_open_document_with_stream_and_dir(magic, stream, dir)
           ~~~~~~~~~~~~~~~~~~~~~~~~~~~~~~~~~~~~~~~~~~~^^^^^^^^^^^^^^^^^^^^
pymupdf.mupdf.FzErrorFormat: code=7: no objects found

The above exception was the direct cause of the following exception:

Traceback (most recent call last):
  File "F:\开发软件项目文件\对练社交\batch_extract_docs.py", line 251, in main
    text = extract_pdf(f)
  File "F:\开发软件项目文件\对练社交\batch_extract_docs.py", line 84, in extract_pdf
    doc = pymupdf.open(pdf_path)
  File "C:\Python314\Lib\site-packages\pymupdf\__init__.py", line 3016, in __init__
    raise FileDataError(f'Failed to open file {filename!r} as type {suffix}.') from e
pymupdf.FileDataError: Failed to open file 'G:\\BaiduNetdiskDownload\\高情商话术\\B.精选好书合集\\两性情感53本大合集\\44.《坏男孩私教课》 .pdf' as
 type pdf.
Traceback (most recent call last):
  File "C:\Python314\Lib\site-packages\pymupdf\__init__.py", line 3013, in __init__
    doc = mupdf.fz_open_document_with_stream_and_dir(suffix, fz_stream, archive.this)
  File "C:\Python314\Lib\site-packages\pymupdf\mupdf.py", line 53426, in fz_open_document_with_stream_and_dir
    return _mupdf.fz_open_document_with_stream_and_dir(magic, stream, dir)
           ~~~~~~~~~~~~~~~~~~~~~~~~~~~~~~~~~~~~~~~~~~~^^^^^^^^^^^^^^^^^^^^
pymupdf.mupdf.FzErrorFormat: code=7: no objects found

The above exception was the direct cause of the following exception:

Traceback (most recent call last):
  File "F:\开发软件项目文件\对练社交\batch_extract_docs.py", line 251, in main
    text = extract_pdf(f)
  File "F:\开发软件项目文件\对练社交\batch_extract_docs.py", line 84, in extract_pdf
    doc = pymupdf.open(pdf_path)
  File "C:\Python314\Lib\site-packages\pymupdf\__init__.py", line 3016, in __init__
    raise FileDataError(f'Failed to open file {filename!r} as type {suffix}.') from e
pymupdf.FileDataError: Failed to open file 'G:\\BaiduNetdiskDownload\\高情商话术\\B.精选好书合集\\两性情感53本大合集\\47.《谜男启示录》.pdf' as t
ype pdf.
Traceback (most recent call last):
  File "C:\Python314\Lib\site-packages\pymupdf\__init__.py", line 3013, in __init__
    doc = mupdf.fz_open_document_with_stream_and_dir(suffix, fz_stream, archive.this)
  File "C:\Python314\Lib\site-packages\pymupdf\mupdf.py", line 53426, in fz_open_document_with_stream_and_dir
    return _mupdf.fz_open_document_with_stream_and_dir(magic, stream, dir)
           ~~~~~~~~~~~~~~~~~~~~~~~~~~~~~~~~~~~~~~~~~~~^^^^^^^^^^^^^^^^^^^^
pymupdf.mupdf.FzErrorFormat: code=7: no objects found

The above exception was the direct cause of the following exception:

Traceback (most recent call last):
  File "F:\开发软件项目文件\对练社交\batch_extract_docs.py", line 251, in main
    text = extract_pdf(f)
  File "F:\开发软件项目文件\对练社交\batch_extract_docs.py", line 84, in extract_pdf
    doc = pymupdf.open(pdf_path)
  File "C:\Python314\Lib\site-packages\pymupdf\__init__.py", line 3016, in __init__
    raise FileDataError(f'Failed to open file {filename!r} as type {suffix}.') from e
pymupdf.FileDataError: Failed to open file 'G:\\BaiduNetdiskDownload\\高情商话术\\B.精选好书合集\\两性情感53本大合集\\48.《恋爱撩天术》.pdf' as t
ype pdf.
Traceback (most recent call last):
  File "C:\Python314\Lib\site-packages\pymupdf\__init__.py", line 3013, in __init__
    doc = mupdf.fz_open_document_with_stream_and_dir(suffix, fz_stream, archive.this)
  File "C:\Python314\Lib\site-packages\pymupdf\mupdf.py", line 53426, in fz_open_document_with_stream_and_dir
    return _mupdf.fz_open_document_with_stream_and_dir(magic, stream, dir)
           ~~~~~~~~~~~~~~~~~~~~~~~~~~~~~~~~~~~~~~~~~~~^^^^^^^^^^^^^^^^^^^^
pymupdf.mupdf.FzErrorFormat: code=7: no objects found

The above exception was the direct cause of the following exception:

Traceback (most recent call last):
  File "F:\开发软件项目文件\对练社交\batch_extract_docs.py", line 251, in main
    text = extract_pdf(f)
  File "F:\开发软件项目文件\对练社交\batch_extract_docs.py", line 84, in extract_pdf
    doc = pymupdf.open(pdf_path)
  File "C:\Python314\Lib\site-packages\pymupdf\__init__.py", line 3016, in __init__
    raise FileDataError(f'Failed to open file {filename!r} as type {suffix}.') from e
pymupdf.FileDataError: Failed to open file 'G:\\BaiduNetdiskDownload\\高情商话术\\B.精选好书合集\\两性情感53本大合集\\48.《泡妹72招》.pdf' as t
ype pdf.
Traceback (most recent call last):
  File "C:\Python314\Lib\site-packages\pymupdf\__init__.py", line 3013, in __init__
    doc = mupdf.fz_open_document_with_stream_and_dir(suffix, fz_stream, archive.this)
  File "C:\Python314\Lib\site-packages\pymupdf\mupdf.py", line 53426, in fz_open_document_with_stream_and_dir
    return _mupdf.fz_open_document_with_stream_and_dir(magic, stream, dir)
           ~~~~~~~~~~~~~~~~~~~~~~~~~~~~~~~~~~~~~~~~~~~^^^^^^^^^^^^^^^^^^^^
pymupdf.mupdf.FzErrorFormat: code=7: no objects found

The above exception was the direct cause of the following exception:

Traceback (most recent call last):
  File "F:\开发软件项目文件\对练社交\batch_extract_docs.py", line 251, in main
    text = extract_pdf(f)
  File "F:\开发软件项目文件\对练社交\batch_extract_docs.py", line 84, in extract_pdf
    doc = pymupdf.open(pdf_path)
  File "C:\Python314\Lib\site-packages\pymupdf\__init__.py", line 3016, in __init__
    raise FileDataError(f'Failed to open file {filename!r} as type {suffix}.') from e
pymupdf.FileDataError: Failed to open file 'G:\\BaiduNetdiskDownload\\高情商话术\\B.精选好书合集\\两性情感53本大合集\\49.《情感操控》.pdf' as ty
pe pdf.
  ✅ → 07-赚钱营销提升/1.《互联网赚钱模版》.md (20KB)

[260/957] (27%) [07-赚钱营销提升] 10.《价值1000万的赚钱心法》(1).pdf
  ✅ → 07-赚钱营销提升/10.《价值1000万的赚钱心法》(1).md (121KB)

[261/957] (27%) [07-赚钱营销提升] 10.《价值1000万的赚钱心法》.pdf
  ✅ → 07-赚钱营销提升/10.《价值1000万的赚钱心法》.md (121KB)

[262/957] (27%) [07-赚钱营销提升] 11.《人性赚钱逻辑108问》(1).pdf
  ✅ → 07-赚钱营销提升/11.《人性赚钱逻辑108问》(1).md (69KB)

[263/957] (27%) [07-赚钱营销提升] 11.《人性赚钱逻辑108问》.pdf
  ✅ → 07-赚钱营销提升/11.《人性赚钱逻辑108问》.md (69KB)

[264/957] (28%) [07-赚钱营销提升] 12.《稳赚不赔的秘密》(1).pdf
  ✅ → 07-赚钱营销提升/12.《稳赚不赔的秘密》(1).md (338KB)

[265/957] (28%) [07-赚钱营销提升] 12.《稳赚不赔的秘密》.pdf
  ✅ → 07-赚钱营销提升/12.《稳赚不赔的秘密》.md (338KB)

[266/957] (28%) [07-赚钱营销提升] 13.《现金风暴计划之赚钱绝活》(1).pdf
  ✅ → 07-赚钱营销提升/13.《现金风暴计划之赚钱绝活》(1).md (2440KB)

[267/957] (28%) [07-赚钱营销提升] 13.《现金风暴计划之赚钱绝活》.pdf
  ✅ → 07-赚钱营销提升/13.《现金风暴计划之赚钱绝活》.md (2440KB)

[268/957] (28%) [07-赚钱营销提升] 14.《小老板赚钱术》(1).pdf
  ✅ → 07-赚钱营销提升/14.《小老板赚钱术》(1).md (524KB)

[269/957] (28%) [07-赚钱营销提升] 14.《小老板赚钱术》.pdf
  ✅ → 07-赚钱营销提升/14.《小老板赚钱术》.md (524KB)

[270/957] (28%) [07-赚钱营销提升] 15.《知识变现赚钱招》(1).pdf
  ✅ → 07-赚钱营销提升/15.《知识变现赚钱招》(1).md (221KB)

[271/957] (28%) [07-赚钱营销提升] 15.《知识变现赚钱招》.pdf
  ✅ → 07-赚钱营销提升/15.《知识变现赚钱招》.md (221KB)

[272/957] (28%) [07-赚钱营销提升] 16.《赚钱高手内幕》(1).pdf
  ✅ → 07-赚钱营销提升/16.《赚钱高手内幕》(1).md (392KB)

[273/957] (29%) [07-赚钱营销提升] 16.《赚钱高手内幕》.pdf
  ✅ → 07-赚钱营销提升/16.《赚钱高手内幕》.md (392KB)

[274/957] (29%) [07-赚钱营销提升] 17.《赚钱魔法师》(1).pdf
  ✅ → 07-赚钱营销提升/17.《赚钱魔法师》(1).md (221KB)

[275/957] (29%) [07-赚钱营销提升] 17.《赚钱魔法师》.pdf
  ✅ → 07-赚钱营销提升/17.《赚钱魔法师》.md (221KB)

[276/957] (29%) [07-赚钱营销提升] 18.《赚钱思维的最高境界》(1).pdf
  ✅ → 07-赚钱营销提升/18.《赚钱思维的最高境界》(1).md (425KB)

[277/957] (29%) [07-赚钱营销提升] 18.《赚钱思维的最高境界》.pdf
  ✅ → 07-赚钱营销提升/18.《赚钱思维的最高境界》.md (425KB)

[278/957] (29%) [07-赚钱营销提升] 19.《赚钱心法》(1).pdf
  ✅ → 07-赚钱营销提升/19.《赚钱心法》(1).md (181KB)

[279/957] (29%) [07-赚钱营销提升] 19.《赚钱心法》.pdf
  ✅ → 07-赚钱营销提升/19.《赚钱心法》.md (181KB)

[280/957] (29%) [07-赚钱营销提升] 2.《如何成为赚钱高手》(1).pdf
  ✅ → 07-赚钱营销提升/2.《如何成为赚钱高手》(1).md (11KB)

[281/957] (29%) [07-赚钱营销提升] 2.《如何成为赚钱高手》.pdf
  ✅ → 07-赚钱营销提升/2.《如何成为赚钱高手》.md (11KB)

[282/957] (29%) [07-赚钱营销提升] 20.《资源操控赚钱哲学》(1).pdf
  ✅ → 07-赚钱营销提升/20.《资源操控赚钱哲学》(1).md (609KB)

[283/957] (30%) [07-赚钱营销提升] 20.《资源操控赚钱哲学》.pdf
  ✅ → 07-赚钱营销提升/20.《资源操控赚钱哲学》.md (609KB)

[284/957] (30%) [07-赚钱营销提升] 21.《超级赚钱术》(1).pdf
  ✅ → 07-赚钱营销提升/21.《超级赚钱术》(1).md (724KB)

[285/957] (30%) [07-赚钱营销提升] 21.《超级赚钱术》.pdf
  ✅ → 07-赚钱营销提升/21.《超级赚钱术》.md (724KB)

[286/957] (30%) [07-赚钱营销提升] 22.《营销锦囊赚钱妙计》(1).pdf
  ✅ → 07-赚钱营销提升/22.《营销锦囊赚钱妙计》(1).md (279KB)

[287/957] (30%) [07-赚钱营销提升] 22.《营销锦囊赚钱妙计》.pdf
  ✅ → 07-赚钱营销提升/22.《营销锦囊赚钱妙计》.md (279KB)

[288/957] (30%) [07-赚钱营销提升] 23.《人性赚钱逻辑108问》(1).pdf
  ✅ → 07-赚钱营销提升/23.《人性赚钱逻辑108问》(1).md (78KB)

[289/957] (30%) [07-赚钱营销提升] 23.《人性赚钱逻辑108问》.pdf
  ✅ → 07-赚钱营销提升/23.《人性赚钱逻辑108问》.md (78KB)

[290/957] (30%) [07-赚钱营销提升] 24.《财神秘籍》(1).pdf
  ✅ → 07-赚钱营销提升/24.《财神秘籍》(1).md (34KB)

[291/957] (30%) [07-赚钱营销提升] 24.《财神秘籍》.pdf
  ✅ → 07-赚钱营销提升/24.《财神秘籍》.md (34KB)

[292/957] (31%) [07-赚钱营销提升] 25.《从零到亿万微商》(1).pdf
  ✅ → 07-赚钱营销提升/25.《从零到亿万微商》(1).md (5KB)

[293/957] (31%) [07-赚钱营销提升] 25.《从零到亿万微商》.pdf
  ✅ → 07-赚钱营销提升/25.《从零到亿万微商》.md (5KB)

[294/957] (31%) [07-赚钱营销提升] 26.《财富玄机》(1).pdf
  ✅ → 07-赚钱营销提升/26.《财富玄机》(1).md (10KB)

[295/957] (31%) [07-赚钱营销提升] 26.《财富玄机》.pdf
  ✅ → 07-赚钱营销提升/26.《财富玄机》.md (10KB)

[296/957] (31%) [07-赚钱营销提升] 27.《新财富大系统》(1).pdf
  ✅ → 07-赚钱营销提升/27.《新财富大系统》(1).md (11KB)

[297/957] (31%) [07-赚钱营销提升] 27.《新财富大系统》.pdf
  ✅ → 07-赚钱营销提升/27.《新财富大系统》.md (11KB)

[298/957] (31%) [07-赚钱营销提升] 3.《懂懂说赚钱》(1).pdf
  ✅ → 07-赚钱营销提升/3.《懂懂说赚钱》(1).md (96KB)

[299/957] (31%) [07-赚钱营销提升] 3.《懂懂说赚钱》.pdf
  ✅ → 07-赚钱营销提升/3.《懂懂说赚钱》.md (96KB)

[300/957] (31%) [07-赚钱营销提升] 4.《一年多赚300万的思维逻辑》(1).pdf
  ✅ → 07-赚钱营销提升/4.《一年多赚300万的思维逻辑》(1).md (4KB)

[301/957] (31%) [07-赚钱营销提升] 4.《一年多赚300万的思维逻辑》.pdf
  ✅ → 07-赚钱营销提升/4.《一年多赚300万的思维逻辑》.md (4KB)

[302/957] (32%) [07-赚钱营销提升] 5.《致富说明书》(1).pdf
  ✅ → 07-赚钱营销提升/5.《致富说明书》(1).md (9KB)

[303/957] (32%) [07-赚钱营销提升] 5.《致富说明书》.pdf
  ✅ → 07-赚钱营销提升/5.《致富说明书》.md (9KB)

[304/957] (32%) [07-赚钱营销提升] 6.《只做不说的50个赚钱秘密》(1).pdf
  ✅ → 07-赚钱营销提升/6.《只做不说的50个赚钱秘密》(1).md (18KB)

[305/957] (32%) [07-赚钱营销提升] 6.《只做不说的50个赚钱秘密》.pdf
  ✅ → 07-赚钱营销提升/6.《只做不说的50个赚钱秘密》.md (18KB)

[306/957] (32%) [07-赚钱营销提升] 7.《2022•利用人性赚钱天机》(1).pdf
  ✅ → 07-赚钱营销提升/7.《2022•利用人性赚钱天机》(1).md (13KB)

[307/957] (32%) [07-赚钱营销提升] 7.《2022•利用人性赚钱天机》.pdf
  ✅ → 07-赚钱营销提升/7.《2022•利用人性赚钱天机》.md (13KB)

[308/957] (32%) [07-赚钱营销提升] 8.《财富倍增赚钱系统》(1).pdf
  ✅ → 07-赚钱营销提升/8.《财富倍增赚钱系统》(1).md (19KB)

[309/957] (32%) [07-赚钱营销提升] 8.《财富倍增赚钱系统》.pdf
  ✅ → 07-赚钱营销提升/8.《财富倍增赚钱系统》.md (19KB)

[310/957] (32%) [07-赚钱营销提升] 9.《打造互联网自动赚钱系统》(1).pdf
  ✅ → 07-赚钱营销提升/9.《打造互联网自动赚钱系统》(1).md (338KB)

[311/957] (32%) [07-赚钱营销提升] 9.《打造互联网自动赚钱系统》.pdf
  ✅ → 07-赚钱营销提升/9.《打造互联网自动赚钱系统》.md (338KB)

[312/957] (33%) [05-礼仪培训] 苹果手机、安卓手机 通用下载地址.txt
  ✅ → 05-礼仪培训/苹果手机、安卓手机 通用下载地址.md (1KB)

[313/957] (33%) [05-礼仪培训] 苹果手机、安卓手机 通用下载地址.txt
  ✅ → 05-礼仪培训/苹果手机、安卓手机 通用下载地址.md (0KB)

[314/957] (33%) [05-礼仪培训] 此WIN播放器使用步骤.txt
  ✅ → 05-礼仪培训/此WIN播放器使用步骤.md (1KB)

[315/957] (33%) [05-礼仪培训] MAC系统安装说明.txt
  ✅ → 05-礼仪培训/MAC系统安装说明.md (0KB)

[316/957] (33%) [08-两性情感] 1.《绿茶女权谋术》(1).pdf
  ✅ → 08-两性情感/1.《绿茶女权谋术》(1).md (512KB)

[317/957] (33%) [08-两性情感] 1.《绿茶女权谋术》.pdf
  ❌ 失败: Failed to open file 'G:\\BaiduNetdiskDownload\\高情商话术\\B.精选好书合集\\两性情感53本大合集\\1.《绿茶女权谋术》.pdf' as type pdf.

[318/957] (33%) [08-两性情感] 10.《怎样与女人相处》(1).pdf
  ✅ → 08-两性情感/10.《怎样与女人相处》(1).md (36KB)

[319/957] (33%) [08-两性情感] 10.《怎样与女人相处》.pdf
  ❌ 失败: Failed to open file 'G:\\BaiduNetdiskDownload\\高情商话术\\B.精选好书合集\\两性情感53本大合集\\10.《怎样与女人相处》.pdf' as type pdf.

[320/957] (33%) [08-两性情感] 11.《俘获女配》.pdf
  ⚠️ 空内容 → 跳过

[321/957] (34%) [08-两性情感] 12.《高级女人手册》(1).pdf
  ✅ → 08-两性情感/12.《高级女人手册》(1).md (389KB)

[322/957] (34%) [08-两性情感] 12.《高级女人手册》.pdf
  ❌ 失败: Failed to open file 'G:\\BaiduNetdiskDownload\\高情商话术\\B.精选好书合集\\两性情感53本大合集\\12.《高级女人手册》.pdf' as type pdf.

[323/957] (34%) [08-两性情感] 13.《搞定女人》.pdf
  ⚠️ 空内容 → 跳过

[324/957] (34%) [08-两性情感] 14.《厚黑女人最好命》(1).pdf
  ✅ → 08-两性情感/14.《厚黑女人最好命》(1).md (200KB)

[325/957] (34%) [08-两性情感] 14.《厚黑女人最好命》.pdf
  ❌ 失败: Failed to open file 'G:\\BaiduNetdiskDownload\\高情商话术\\B.精选好书合集\\两性情感53本大合集\\14.《厚黑女人最好命》.pdf' as type pdf.

[326/957] (34%) [08-两性情感] 15.《绿茶情感男女》(1).pdf
  ✅ → 08-两性情感/15.《绿茶情感男女》(1).md (251KB)

[327/957] (34%) [08-两性情感] 15.《绿茶情感男女》.pdf
  ❌ 失败: Failed to open file 'G:\\BaiduNetdiskDownload\\高情商话术\\B.精选好书合集\\两性情感53本大合集\\15.《绿茶情感男女》.pdf' as type pdf.

[328/957] (34%) [08-两性情感] 16.《男欢女爱》(1).pdf
  ✅ → 08-两性情感/16.《男欢女爱》(1).md (57KB)

[329/957] (34%) [08-两性情感] 16.《男欢女爱》.pdf
  ✅ → 08-两性情感/16.《男欢女爱》.md (57KB)

[330/957] (34%) [08-两性情感] 17.《女人恋爱幸福宝典》.pdf
  ❌ 失败: Failed to open file 'G:\\BaiduNetdiskDownload\\高情商话术\\B.精选好书合集\\两性情感53本大合集\\17.《女人恋爱幸福宝典》.pdf' as type pdf.

[331/957] (35%) [08-两性情感] 18.《女人心机》.pdf
  ⚠️ 空内容 → 跳过

[332/957] (35%) [08-两性情感] 19.《女人用法》.pdf
  ❌ 失败: Failed to open file 'G:\\BaiduNetdiskDownload\\高情商话术\\B.精选好书合集\\两性情感53本大合集\\19.《女人用法》.pdf' as type pdf.

[333/957] (35%) [08-两性情感] 2.《女人心理操K术》.pdf
  ⚠️ 空内容 → 跳过

[334/957] (35%) [08-两性情感] 20.《女王秘籍与必杀技》.pdf
  ❌ 失败: Failed to open file 'G:\\BaiduNetdiskDownload\\高情商话术\\B.精选好书合集\\两性情感53本大合集\\20.《女王秘籍与必杀技》.pdf' as type pdf.

[335/957] (35%) [08-两性情感] 21.《女性操纵者》.pdf
  ❌ 失败: Failed to open file 'G:\\BaiduNetdiskDownload\\高情商话术\\B.精选好书合集\\两性情感53本大合集\\21.《女性操纵者》.pdf' as type pdf.

[336/957] (35%) [08-两性情感] 22.《女性成长智慧揭秘优质男人的刚需》.pdf
  ✅ → 08-两性情感/22.《女性成长智慧揭秘优质男人的刚需》.md (10KB)

[337/957] (35%) [08-两性情感] 23.《女性改运智慧》.pdf
  ❌ 失败: Failed to open file 'G:\\BaiduNetdiskDownload\\高情商话术\\B.精选好书合集\\两性情感53本大合集\\23.《女性改运智慧》.pdf' as type pdf.

[338/957] (35%) [08-两性情感] 24.《女性红灯宝典》.pdf
  ⚠️ 空内容 → 跳过

[339/957] (35%) [08-两性情感] 25.《女性能量》.pdf
  ❌ 失败: Failed to open file 'G:\\BaiduNetdiskDownload\\高情商话术\\B.精选好书合集\\两性情感53本大合集\\25.《女性能量》.pdf' as type pdf.

[340/957] (36%) [08-两性情感] 26.《女性人情宝典》.pdf
  ❌ 失败: Failed to open file 'G:\\BaiduNetdiskDownload\\高情商话术\\B.精选好书合集\\两性情感53本大合集\\26.《女性人情宝典》.pdf' as type pdf.

[341/957] (36%) [08-两性情感] 27.《女性智谋大师》.pdf
  ❌ 失败: Failed to open file 'G:\\BaiduNetdiskDownload\\高情商话术\\B.精选好书合集\\两性情感53本大合集\\27.《女性智谋大师》.pdf' as type pdf.

[342/957] (36%) [08-两性情感] 28.《羞羞男女》.pdf
  ❌ 失败: Failed to open file 'G:\\BaiduNetdiskDownload\\高情商话术\\B.精选好书合集\\两性情感53本大合集\\28.《羞羞男女》.pdf' as type pdf.

[343/957] (36%) [08-两性情感] 29.《认知男女》.pdf
  ❌ 失败: Failed to open file 'G:\\BaiduNetdiskDownload\\高情商话术\\B.精选好书合集\\两性情感53本大合集\\29.《认知男女》.pdf' as type pdf.

[344/957] (36%) [08-两性情感] 3.《女性自我提升之路》.pdf
  ❌ 失败: Failed to open file 'G:\\BaiduNetdiskDownload\\高情商话术\\B.精选好书合集\\两性情感53本大合集\\3.《女性自我提升之路》.pdf' as type pdf.

[345/957] (36%) [08-两性情感] 30.《挽恋女神》.pdf
  ⚠️ 空内容 → 跳过

[346/957] (36%) [08-两性情感] 31.《幸福女人修炼手册》.pdf
  ❌ 失败: Failed to open file 'G:\\BaiduNetdiskDownload\\高情商话术\\B.精选好书合集\\两性情感53本大合集\\31.《幸福女人修炼手册》.pdf' as type pdf.

[347/957] (36%) [08-两性情感] 32.《约会倍增术-女人篇》.pdf
  ✅ → 08-两性情感/32.《约会倍增术-女人篇》.md (71KB)

[348/957] (36%) [08-两性情感] 33.《约会倍增术——男人篇》.pdf
  ❌ 失败: Failed to open file 'G:\\BaiduNetdiskDownload\\高情商话术\\B.精选好书合集\\两性情感53本大合集\\33.《约会倍增术——男人篇》.pdf' as type pdf.

[349/957] (36%) [08-两性情感] 34.《白天约会宝典》.pdf
  ✅ → 08-两性情感/34.《白天约会宝典》.md (225KB)

[350/957] (37%) [08-两性情感] 35.《约会法则》.pdf
  ❌ 失败: Failed to open file 'G:\\BaiduNetdiskDownload\\高情商话术\\B.精选好书合集\\两性情感53本大合集\\35.《约会法则》.pdf' as type pdf.

[351/957] (37%) [08-两性情感] 36.《预谋的约会》.pdf
  ⚠️ 空内容 → 跳过

[352/957] (37%) [08-两性情感] 37.《Q帝把妹文集》.pdf
  ⚠️ 空内容 → 跳过

[353/957] (37%) [08-两性情感] 38.《爱情阴谋论》.pdf
  ⚠️ 空内容 → 跳过

[354/957] (37%) [08-两性情感] 39.《少妇杀手速成》.pdf
  ⚠️ 空内容 → 跳过

[355/957] (37%) [08-两性情感] 4.《狐狸精炼修手册》.pdf
  ❌ 失败: Failed to open file 'G:\\BaiduNetdiskDownload\\高情商话术\\B.精选好书合集\\两性情感53本大合集\\4.《狐狸精炼修手册》.pdf' as type pdf.

[356/957] (37%) [08-两性情感] 40.《搞定男人》.pdf
  ❌ 失败: Failed to open file 'G:\\BaiduNetdiskDownload\\高情商话术\\B.精选好书合集\\两性情感53本大合集\\40.《搞定男人》.pdf' as type pdf.

[357/957] (37%) [08-两性情感] 41.《用男人的思维跟男人谈恋爱百战百胜》.pdf
  ❌ 失败: Failed to open file 'G:\\BaiduNetdiskDownload\\高情商话术\\B.精选好书合集\\两性情感53本大合集\\41.《用男人的思维跟男人谈恋爱百战百胜》.pdf' as type pdf.

[358/957] (37%) [08-两性情感] 42.《高级男人手册》.pdf
  ⚠️ 空内容 → 跳过

[359/957] (38%) [08-两性情感] 43.《恋爱攻略》.pdf
  ⚠️ 空内容 → 跳过

[360/957] (38%) [08-两性情感] 44.《坏男孩私教课》 .pdf
  ❌ 失败: Failed to open file 'G:\\BaiduNetdiskDownload\\高情商话术\\B.精选好书合集\\两性情感53本大合集\\44.《坏男孩私教课》 .pdf' as type pdf.

[361/957] (38%) [08-两性情感] 45.《撩汉秘术》.pdf
  ⚠️ 空内容 → 跳过

[362/957] (38%) [08-两性情感] 46.《零成本泡妞》.pdf
  ⚠️ 空内容 → 跳过

[363/957] (38%) [08-两性情感] 47.《谜男启示录》.pdf
  ❌ 失败: Failed to open file 'G:\\BaiduNetdiskDownload\\高情商话术\\B.精选好书合集\\两性情感53本大合集\\47.《谜男启示录》.pdf' as type pdf.

[364/957] (38%) [08-两性情感] 48.《恋爱撩天术》.pdf
  ❌ 失败: Failed to open file 'G:\\BaiduNetdiskDownload\\高情商话术\\B.精选好书合集\\两性情感53本大合集\\48.《恋爱撩天术》.pdf' as type pdf.

[365/957] (38%) [08-两性情感] 48.《泡妹72招》.pdf
  ❌ 失败: Failed to open file 'G:\\BaiduNetdiskDownload\\高情商话术\\B.精选好书合集\\两性情感53本大合集\\48.《泡妹72招》.pdf' as type pdf.

[366/957] (38%) [08-两性情感] 49.《情感操控》.pdf
  ❌ 失败: Failed to open file 'G:\\BaiduNetdiskDownload\\高情商话术\\B.精选好书合集\\两性情感53本大合集\\49.《情感操控》.pdf' as type pdf.

[367/957] (38%) [08-两性情感] 5.《女人交际心理学》.pdf
MuPDF error: format error: non-page object in page tree

Traceback (most recent call last):
  File "C:\Python314\Lib\site-packages\pymupdf\__init__.py", line 3013, in __init__
    doc = mupdf.fz_open_document_with_stream_and_dir(suffix, fz_stream, archive.this)
  File "C:\Python314\Lib\site-packages\pymupdf\mupdf.py", line 53426, in fz_open_document_with_stream_and_dir
    return _mupdf.fz_open_document_with_stream_and_dir(magic, stream, dir)
           ~~~~~~~~~~~~~~~~~~~~~~~~~~~~~~~~~~~~~~~~~~~^^^^^^^^^^^^^^^^^^^^
pymupdf.mupdf.FzErrorFormat: code=7: no objects found

The above exception was the direct cause of the following exception:

Traceback (most recent call last):
  File "F:\开发软件项目文件\对练社交\batch_extract_docs.py", line 251, in main
    text = extract_pdf(f)
  File "F:\开发软件项目文件\对练社交\batch_extract_docs.py", line 84, in extract_pdf
    doc = pymupdf.open(pdf_path)
  File "C:\Python314\Lib\site-packages\pymupdf\__init__.py", line 3016, in __init__
    raise FileDataError(f'Failed to open file {filename!r} as type {suffix}.') from e
pymupdf.FileDataError: Failed to open file 'G:\\BaiduNetdiskDownload\\高情商话术\\B.精选好书合集\\两性情感53本大合集\\50.《旺夫帮夫108招》.pdf' a
s type pdf.
Traceback (most recent call last):
  File "C:\Python314\Lib\site-packages\pymupdf\__init__.py", line 3013, in __init__
    doc = mupdf.fz_open_document_with_stream_and_dir(suffix, fz_stream, archive.this)
  File "C:\Python314\Lib\site-packages\pymupdf\mupdf.py", line 53426, in fz_open_document_with_stream_and_dir
    return _mupdf.fz_open_document_with_stream_and_dir(magic, stream, dir)
           ~~~~~~~~~~~~~~~~~~~~~~~~~~~~~~~~~~~~~~~~~~~^^^^^^^^^^^^^^^^^^^^
pymupdf.mupdf.FzErrorFormat: code=7: no objects found

The above exception was the direct cause of the following exception:

Traceback (most recent call last):
  File "F:\开发软件项目文件\对练社交\batch_extract_docs.py", line 251, in main
    text = extract_pdf(f)
  File "F:\开发软件项目文件\对练社交\batch_extract_docs.py", line 84, in extract_pdf
    doc = pymupdf.open(pdf_path)
  File "C:\Python314\Lib\site-packages\pymupdf\__init__.py", line 3016, in __init__
    raise FileDataError(f'Failed to open file {filename!r} as type {suffix}.') from e
pymupdf.FileDataError: Failed to open file 'G:\\BaiduNetdiskDownload\\高情商话术\\B.精选好书合集\\两性情感53本大合集\\51.《明日恋爱聊天秘籍1.0》.pdf
' as type pdf.
Traceback (most recent call last):
  File "C:\Python314\Lib\site-packages\pymupdf\__init__.py", line 3013, in __init__
    doc = mupdf.fz_open_document_with_stream_and_dir(suffix, fz_stream, archive.this)
  File "C:\Python314\Lib\site-packages\pymupdf\mupdf.py", line 53426, in fz_open_document_with_stream_and_dir
    return _mupdf.fz_open_document_with_stream_and_dir(magic, stream, dir)
           ~~~~~~~~~~~~~~~~~~~~~~~~~~~~~~~~~~~~~~~~~~~^^^^^^^^^^^^^^^^^^^^
pymupdf.mupdf.FzErrorFormat: code=7: no objects found

The above exception was the direct cause of the following exception:

Traceback (most recent call last):
  File "F:\开发软件项目文件\对练社交\batch_extract_docs.py", line 251, in main
    text = extract_pdf(f)
  File "F:\开发软件项目文件\对练社交\batch_extract_docs.py", line 84, in extract_pdf
    doc = pymupdf.open(pdf_path)
  File "C:\Python314\Lib\site-packages\pymupdf\__init__.py", line 3016, in __init__
    raise FileDataError(f'Failed to open file {filename!r} as type {suffix}.') from e
pymupdf.FileDataError: Failed to open file 'G:\\BaiduNetdiskDownload\\高情商话术\\B.精选好书合集\\两性情感53本大合集\\52.《泡学规则》.pdf' as ty
pe pdf.
Traceback (most recent call last):
  File "C:\Python314\Lib\site-packages\pymupdf\__init__.py", line 3013, in __init__
    doc = mupdf.fz_open_document_with_stream_and_dir(suffix, fz_stream, archive.this)
  File "C:\Python314\Lib\site-packages\pymupdf\mupdf.py", line 53426, in fz_open_document_with_stream_and_dir
    return _mupdf.fz_open_document_with_stream_and_dir(magic, stream, dir)
           ~~~~~~~~~~~~~~~~~~~~~~~~~~~~~~~~~~~~~~~~~~~^^^^^^^^^^^^^^^^^^^^
pymupdf.mupdf.FzErrorFormat: code=7: no objects found

The above exception was the direct cause of the following exception:

Traceback (most recent call last):
  File "F:\开发软件项目文件\对练社交\batch_extract_docs.py", line 251, in main
    text = extract_pdf(f)
  File "F:\开发软件项目文件\对练社交\batch_extract_docs.py", line 84, in extract_pdf
    doc = pymupdf.open(pdf_path)
  File "C:\Python314\Lib\site-packages\pymupdf\__init__.py", line 3016, in __init__
    raise FileDataError(f'Failed to open file {filename!r} as type {suffix}.') from e
pymupdf.FileDataError: Failed to open file 'G:\\BaiduNetdiskDownload\\高情商话术\\B.精选好书合集\\两性情感53本大合集\\52.《绿茶情感男女》.pdf' as 
type pdf.
Traceback (most recent call last):
  File "C:\Python314\Lib\site-packages\pymupdf\__init__.py", line 3013, in __init__
    doc = mupdf.fz_open_document_with_stream_and_dir(suffix, fz_stream, archive.this)
  File "C:\Python314\Lib\site-packages\pymupdf\mupdf.py", line 53426, in fz_open_document_with_stream_and_dir
    return _mupdf.fz_open_document_with_stream_and_dir(magic, stream, dir)
           ~~~~~~~~~~~~~~~~~~~~~~~~~~~~~~~~~~~~~~~~~~~^^^^^^^^^^^^^^^^^^^^
pymupdf.mupdf.FzErrorFormat: code=7: no objects found

The above exception was the direct cause of the following exception:

Traceback (most recent call last):
  File "F:\开发软件项目文件\对练社交\batch_extract_docs.py", line 251, in main
    text = extract_pdf(f)
  File "F:\开发软件项目文件\对练社交\batch_extract_docs.py", line 84, in extract_pdf
    doc = pymupdf.open(pdf_path)
  File "C:\Python314\Lib\site-packages\pymupdf\__init__.py", line 3016, in __init__
    raise FileDataError(f'Failed to open file {filename!r} as type {suffix}.') from e
pymupdf.FileDataError: Failed to open file 'G:\\BaiduNetdiskDownload\\高情商话术\\B.精选好书合集\\两性情感53本大合集\\6.《女性觉醒智慧》.pdf' as t
ype pdf.
  ✅ → 08-两性情感/5.《女人交际心理学》.md (7KB)

[368/957] (38%) [08-两性情感] 50.《旺夫帮夫108招》.pdf
  ❌ 失败: Failed to open file 'G:\\BaiduNetdiskDownload\\高情商话术\\B.精选好书合集\\两性情感53本大合集\\50.《旺夫帮夫108招》.pdf' as type pdf.

[369/957] (39%) [08-两性情感] 51.《明日恋爱聊天秘籍1.0》.pdf
  ❌ 失败: Failed to open file 'G:\\BaiduNetdiskDownload\\高情商话术\\B.精选好书合集\\两性情感53本大合集\\51.《明日恋爱聊天秘籍1.0》.pdf' as type pdf.

[370/957] (39%) [08-两性情感] 52.《泡学规则》.pdf
  ❌ 失败: Failed to open file 'G:\\BaiduNetdiskDownload\\高情商话术\\B.精选好书合集\\两性情感53本大合集\\52.《泡学规则》.pdf' as type pdf.

[371/957] (39%) [08-两性情感] 52.《绿茶情感男女》.pdf
  ❌ 失败: Failed to open file 'G:\\BaiduNetdiskDownload\\高情商话术\\B.精选好书合集\\两性情感53本大合集\\52.《绿茶情感男女》.pdf' as type pdf.

[372/957] (39%) [08-两性情感] 53.《夫妻 双修》.pdf
  ⚠️ 空内容 → 跳过

[373/957] (39%) [08-两性情感] 6.《女性觉醒智慧》.pdf
  ❌ 失败: Failed to open file 'G:\\BaiduNetdiskDownload\\高情商话术\\B.精选好书合集\\两性情感53本大合集\\6.《女性觉醒智慧》.pdf' as type pdf.

[374/957] (39%) [08-两性情感] 7.《如何得到你想要的婚姻与爱情 》.pdf
MuPDF error: syntax error: unknown cid font type

MuPDF error: syntax error: unknown cid font type

MuPDF error: syntax error: unknown cid font type

MuPDF error: syntax error: unknown cid font type

MuPDF error: syntax error: unknown cid font type

MuPDF error: syntax error: unknown cid font type

MuPDF error: syntax error: unknown cid font type

MuPDF error: syntax error: unknown cid font type

MuPDF error: syntax error: unknown cid font type

MuPDF error: syntax error: unknown cid font type

Traceback (most recent call last):
  File "C:\Python314\Lib\site-packages\pymupdf\__init__.py", line 3013, in __init__
    doc = mupdf.fz_open_document_with_stream_and_dir(suffix, fz_stream, archive.this)
  File "C:\Python314\Lib\site-packages\pymupdf\mupdf.py", line 53426, in fz_open_document_with_stream_and_dir
    return _mupdf.fz_open_document_with_stream_and_dir(magic, stream, dir)
           ~~~~~~~~~~~~~~~~~~~~~~~~~~~~~~~~~~~~~~~~~~~^^^^^^^^^^^^^^^^^^^^
pymupdf.mupdf.FzErrorFormat: code=7: no objects found

The above exception was the direct cause of the following exception:

Traceback (most recent call last):
  File "F:\开发软件项目文件\对练社交\batch_extract_docs.py", line 251, in main
    text = extract_pdf(f)
  File "F:\开发软件项目文件\对练社交\batch_extract_docs.py", line 84, in extract_pdf
    doc = pymupdf.open(pdf_path)
  File "C:\Python314\Lib\site-packages\pymupdf\__init__.py", line 3016, in __init__
    raise FileDataError(f'Failed to open file {filename!r} as type {suffix}.') from e
pymupdf.FileDataError: Failed to open file 'G:\\BaiduNetdiskDownload\\高情商话术\\B.精选好书合集\\两性情感53本大合集\\《哄老婆手册》.pdf' as type
 pdf.
Traceback (most recent call last):
  File "C:\Python314\Lib\site-packages\pymupdf\__init__.py", line 3013, in __init__
    doc = mupdf.fz_open_document_with_stream_and_dir(suffix, fz_stream, archive.this)
  File "C:\Python314\Lib\site-packages\pymupdf\mupdf.py", line 53426, in fz_open_document_with_stream_and_dir
    return _mupdf.fz_open_document_with_stream_and_dir(magic, stream, dir)
           ~~~~~~~~~~~~~~~~~~~~~~~~~~~~~~~~~~~~~~~~~~~^^^^^^^^^^^^^^^^^^^^
pymupdf.mupdf.FzErrorFormat: code=7: no objects found

The above exception was the direct cause of the following exception:

Traceback (most recent call last):
  File "F:\开发软件项目文件\对练社交\batch_extract_docs.py", line 251, in main
    text = extract_pdf(f)
  File "F:\开发软件项目文件\对练社交\batch_extract_docs.py", line 84, in extract_pdf
    doc = pymupdf.open(pdf_path)
  File "C:\Python314\Lib\site-packages\pymupdf\__init__.py", line 3016, in __init__
    raise FileDataError(f'Failed to open file {filename!r} as type {suffix}.') from e
pymupdf.FileDataError: Failed to open file 'G:\\BaiduNetdiskDownload\\高情商话术\\B.精选好书合集\\人性密学66本合集\\01.《绝密人性天书》.pdf' as t
ype pdf.
Traceback (most recent call last):
  File "C:\Python314\Lib\site-packages\pymupdf\__init__.py", line 3013, in __init__
    doc = mupdf.fz_open_document_with_stream_and_dir(suffix, fz_stream, archive.this)
  File "C:\Python314\Lib\site-packages\pymupdf\mupdf.py", line 53426, in fz_open_document_with_stream_and_dir
    return _mupdf.fz_open_document_with_stream_and_dir(magic, stream, dir)
           ~~~~~~~~~~~~~~~~~~~~~~~~~~~~~~~~~~~~~~~~~~~^^^^^^^^^^^^^^^^^^^^
pymupdf.mupdf.FzErrorFormat: code=7: no objects found

The above exception was the direct cause of the following exception:

Traceback (most recent call last):
  File "F:\开发软件项目文件\对练社交\batch_extract_docs.py", line 251, in main
    text = extract_pdf(f)
  File "F:\开发软件项目文件\对练社交\batch_extract_docs.py", line 84, in extract_pdf
    doc = pymupdf.open(pdf_path)
  File "C:\Python314\Lib\site-packages\pymupdf\__init__.py", line 3016, in __init__
    raise FileDataError(f'Failed to open file {filename!r} as type {suffix}.') from e
pymupdf.FileDataError: Failed to open file 'G:\\BaiduNetdiskDownload\\高情商话术\\B.精选好书合集\\人性密学66本合集\\03.《开窍开悟开智1.0》.pdf' a
s type pdf.
  ✅ → 08-两性情感/7.《如何得到你想要的婚姻与爱情 》.md (9KB)

[375/957] (39%) [08-两性情感] 8.《性商  男人篇》.pdf
  ⚠️ 空内容 → 跳过

[376/957] (39%) [08-两性情感] 9.《性商·女人篇》.pdf
  ⚠️ 空内容 → 跳过

[377/957] (39%) [08-两性情感] 《哄老婆手册》.pdf
  ❌ 失败: Failed to open file 'G:\\BaiduNetdiskDownload\\高情商话术\\B.精选好书合集\\两性情感53本大合集\\《哄老婆手册》.pdf' as type pdf.

[378/957] (39%) [06-人性认知思维] 01.《绝密人性天书》.pdf
  ❌ 失败: Failed to open file 'G:\\BaiduNetdiskDownload\\高情商话术\\B.精选好书合集\\人性密学66本合集\\01.《绝密人性天书》.pdf' as type pdf.

[379/957] (40%) [06-人性认知思维] 02.《人性操控术》.pdf
  ⚠️ 空内容 → 跳过

[380/957] (40%) [06-人性认知思维] 03.《开窍开悟开智1.0》.pdf
  ❌ 失败: Failed to open file 'G:\\BaiduNetdiskDownload\\高情商话术\\B.精选好书合集\\人性密学66本合集\\03.《开窍开悟开智1.0》.pdf' as type pdf.

[381/957] (40%) [06-人性认知思维] 04.《开窍开悟开智2.0》.pdf
MuPDF error: format error: non-page object in page tree

MuPDF error: format error: object is not a stream

MuPDF error: format error: object is not a stream

MuPDF error: format error: object is not a stream

MuPDF error: format error: object is not a stream

MuPDF error: format error: object is not a stream

MuPDF error: format error: object is not a stream

MuPDF error: format error: object is not a stream

Traceback (most recent call last):
  File "C:\Python314\Lib\site-packages\pymupdf\__init__.py", line 3013, in __init__
    doc = mupdf.fz_open_document_with_stream_and_dir(suffix, fz_stream, archive.this)
  File "C:\Python314\Lib\site-packages\pymupdf\mupdf.py", line 53426, in fz_open_document_with_stream_and_dir
    return _mupdf.fz_open_document_with_stream_and_dir(magic, stream, dir)
           ~~~~~~~~~~~~~~~~~~~~~~~~~~~~~~~~~~~~~~~~~~~^^^^^^^^^^^^^^^^^^^^
pymupdf.mupdf.FzErrorFormat: code=7: no objects found

The above exception was the direct cause of the following exception:

Traceback (most recent call last):
  File "F:\开发软件项目文件\对练社交\batch_extract_docs.py", line 251, in main
    text = extract_pdf(f)
  File "F:\开发软件项目文件\对练社交\batch_extract_docs.py", line 84, in extract_pdf
    doc = pymupdf.open(pdf_path)
  File "C:\Python314\Lib\site-packages\pymupdf\__init__.py", line 3016, in __init__
    raise FileDataError(f'Failed to open file {filename!r} as type {suffix}.') from e
pymupdf.FileDataError: Failed to open file 'G:\\BaiduNetdiskDownload\\高情商话术\\B.精选好书合集\\人性密学66本合集\\05.《女性觉醒智慧》.pdf' as t
ype pdf.
Traceback (most recent call last):
  File "C:\Python314\Lib\site-packages\pymupdf\__init__.py", line 3013, in __init__
    doc = mupdf.fz_open_document_with_stream_and_dir(suffix, fz_stream, archive.this)
  File "C:\Python314\Lib\site-packages\pymupdf\mupdf.py", line 53426, in fz_open_document_with_stream_and_dir
    return _mupdf.fz_open_document_with_stream_and_dir(magic, stream, dir)
           ~~~~~~~~~~~~~~~~~~~~~~~~~~~~~~~~~~~~~~~~~~~^^^^^^^^^^^^^^^^^^^^
pymupdf.mupdf.FzErrorFormat: code=7: no objects found

The above exception was the direct cause of the following exception:

Traceback (most recent call last):
  File "F:\开发软件项目文件\对练社交\batch_extract_docs.py", line 251, in main
    text = extract_pdf(f)
  File "F:\开发软件项目文件\对练社交\batch_extract_docs.py", line 84, in extract_pdf
    doc = pymupdf.open(pdf_path)
  File "C:\Python314\Lib\site-packages\pymupdf\__init__.py", line 3016, in __init__
    raise FileDataError(f'Failed to open file {filename!r} as type {suffix}.') from e
pymupdf.FileDataError: Failed to open file 'G:\\BaiduNetdiskDownload\\高情商话术\\B.精选好书合集\\人性密学66本合集\\07.《易经里的人情世故》.pdf' as
 type pdf.
Traceback (most recent call last):
  File "C:\Python314\Lib\site-packages\pymupdf\__init__.py", line 3013, in __init__
    doc = mupdf.fz_open_document_with_stream_and_dir(suffix, fz_stream, archive.this)
  File "C:\Python314\Lib\site-packages\pymupdf\mupdf.py", line 53426, in fz_open_document_with_stream_and_dir
    return _mupdf.fz_open_document_with_stream_and_dir(magic, stream, dir)
           ~~~~~~~~~~~~~~~~~~~~~~~~~~~~~~~~~~~~~~~~~~~^^^^^^^^^^^^^^^^^^^^
pymupdf.mupdf.FzErrorFormat: code=7: no objects found

The above exception was the direct cause of the following exception:

Traceback (most recent call last):
  File "F:\开发软件项目文件\对练社交\batch_extract_docs.py", line 251, in main
    text = extract_pdf(f)
  File "F:\开发软件项目文件\对练社交\batch_extract_docs.py", line 84, in extract_pdf
    doc = pymupdf.open(pdf_path)
  File "C:\Python314\Lib\site-packages\pymupdf\__init__.py", line 3016, in __init__
    raise FileDataError(f'Failed to open file {filename!r} as type {suffix}.') from e
pymupdf.FileDataError: Failed to open file 'G:\\BaiduNetdiskDownload\\高情商话术\\B.精选好书合集\\人性密学66本合集\\08.《人性营销式》.pdf' as ty
pe pdf.
Traceback (most recent call last):
  File "C:\Python314\Lib\site-packages\pymupdf\__init__.py", line 3013, in __init__
    doc = mupdf.fz_open_document_with_stream_and_dir(suffix, fz_stream, archive.this)
  File "C:\Python314\Lib\site-packages\pymupdf\mupdf.py", line 53426, in fz_open_document_with_stream_and_dir
    return _mupdf.fz_open_document_with_stream_and_dir(magic, stream, dir)
           ~~~~~~~~~~~~~~~~~~~~~~~~~~~~~~~~~~~~~~~~~~~^^^^^^^^^^^^^^^^^^^^
pymupdf.mupdf.FzErrorFormat: code=7: no objects found

The above exception was the direct cause of the following exception:

Traceback (most recent call last):
  File "F:\开发软件项目文件\对练社交\batch_extract_docs.py", line 251, in main
    text = extract_pdf(f)
  File "F:\开发软件项目文件\对练社交\batch_extract_docs.py", line 84, in extract_pdf
    doc = pymupdf.open(pdf_path)
  File "C:\Python314\Lib\site-packages\pymupdf\__init__.py", line 3016, in __init__
    raise FileDataError(f'Failed to open file {filename!r} as type {suffix}.') from e
pymupdf.FileDataError: Failed to open file 'G:\\BaiduNetdiskDownload\\高情商话术\\B.精选好书合集\\人性密学66本合集\\09.《人性-老杨458条人性解析》.pd
f' as type pdf.
Traceback (most recent call last):
  File "C:\Python314\Lib\site-packages\pymupdf\__init__.py", line 3013, in __init__
    doc = mupdf.fz_open_document_with_stream_and_dir(suffix, fz_stream, archive.this)
  File "C:\Python314\Lib\site-packages\pymupdf\mupdf.py", line 53426, in fz_open_document_with_stream_and_dir
    return _mupdf.fz_open_document_with_stream_and_dir(magic, stream, dir)
           ~~~~~~~~~~~~~~~~~~~~~~~~~~~~~~~~~~~~~~~~~~~^^^^^^^^^^^^^^^^^^^^
pymupdf.mupdf.FzErrorFormat: code=7: no objects found

The above exception was the direct cause of the following exception:

Traceback (most recent call last):
  File "F:\开发软件项目文件\对练社交\batch_extract_docs.py", line 251, in main
    text = extract_pdf(f)
  File "F:\开发软件项目文件\对练社交\batch_extract_docs.py", line 84, in extract_pdf
    doc = pymupdf.open(pdf_path)
  File "C:\Python314\Lib\site-packages\pymupdf\__init__.py", line 3016, in __init__
    raise FileDataError(f'Failed to open file {filename!r} as type {suffix}.') from e
pymupdf.FileDataError: Failed to open file 'G:\\BaiduNetdiskDownload\\高情商话术\\B.精选好书合集\\人性密学66本合集\\10.《人生翻盘运用手册》 .pdf' a
s type pdf.
Traceback (most recent call last):
  File "C:\Python314\Lib\site-packages\pymupdf\__init__.py", line 3013, in __init__
    doc = mupdf.fz_open_document_with_stream_and_dir(suffix, fz_stream, archive.this)
  File "C:\Python314\Lib\site-packages\pymupdf\mupdf.py", line 53426, in fz_open_document_with_stream_and_dir
    return _mupdf.fz_open_document_with_stream_and_dir(magic, stream, dir)
           ~~~~~~~~~~~~~~~~~~~~~~~~~~~~~~~~~~~~~~~~~~~^^^^^^^^^^^^^^^^^^^^
pymupdf.mupdf.FzErrorFormat: code=7: no objects found

The above exception was the direct cause of the following exception:

Traceback (most recent call last):
  File "F:\开发软件项目文件\对练社交\batch_extract_docs.py", line 251, in main
    text = extract_pdf(f)
  File "F:\开发软件项目文件\对练社交\batch_extract_docs.py", line 84, in extract_pdf
    doc = pymupdf.open(pdf_path)
  File "C:\Python314\Lib\site-packages\pymupdf\__init__.py", line 3016, in __init__
    raise FileDataError(f'Failed to open file {filename!r} as type {suffix}.') from e
pymupdf.FileDataError: Failed to open file 'G:\\BaiduNetdiskDownload\\高情商话术\\B.精选好书合集\\人性密学66本合集\\14.《洗脑的最高境界》.pdf' as 
type pdf.
Traceback (most recent call last):
  File "C:\Python314\Lib\site-packages\pymupdf\__init__.py", line 3013, in __init__
    doc = mupdf.fz_open_document_with_stream_and_dir(suffix, fz_stream, archive.this)
  File "C:\Python314\Lib\site-packages\pymupdf\mupdf.py", line 53426, in fz_open_document_with_stream_and_dir
    return _mupdf.fz_open_document_with_stream_and_dir(magic, stream, dir)
           ~~~~~~~~~~~~~~~~~~~~~~~~~~~~~~~~~~~~~~~~~~~^^^^^^^^^^^^^^^^^^^^
pymupdf.mupdf.FzErrorFormat: code=7: no objects found

The above exception was the direct cause of the following exception:

Traceback (most recent call last):
  File "F:\开发软件项目文件\对练社交\batch_extract_docs.py", line 251, in main
    text = extract_pdf(f)
  File "F:\开发软件项目文件\对练社交\batch_extract_docs.py", line 84, in extract_pdf
    doc = pymupdf.open(pdf_path)
  File "C:\Python314\Lib\site-packages\pymupdf\__init__.py", line 3016, in __init__
    raise FileDataError(f'Failed to open file {filename!r} as type {suffix}.') from e
pymupdf.FileDataError: Failed to open file 'G:\\BaiduNetdiskDownload\\高情商话术\\B.精选好书合集\\人性密学66本合集\\15.《驭心高手》.pdf' as typ
e pdf.
Traceback (most recent call last):
  File "C:\Python314\Lib\site-packages\pymupdf\__init__.py", line 3013, in __init__
    doc = mupdf.fz_open_document_with_stream_and_dir(suffix, fz_stream, archive.this)
  File "C:\Python314\Lib\site-packages\pymupdf\mupdf.py", line 53426, in fz_open_document_with_stream_and_dir
    return _mupdf.fz_open_document_with_stream_and_dir(magic, stream, dir)
           ~~~~~~~~~~~~~~~~~~~~~~~~~~~~~~~~~~~~~~~~~~~^^^^^^^^^^^^^^^^^^^^
pymupdf.mupdf.FzErrorFormat: code=7: no objects found

The above exception was the direct cause of the following exception:

Traceback (most recent call last):
  File "F:\开发软件项目文件\对练社交\batch_extract_docs.py", line 251, in main
    text = extract_pdf(f)
  File "F:\开发软件项目文件\对练社交\batch_extract_docs.py", line 84, in extract_pdf
    doc = pymupdf.open(pdf_path)
  File "C:\Python314\Lib\site-packages\pymupdf\__init__.py", line 3016, in __init__
    raise FileDataError(f'Failed to open file {filename!r} as type {suffix}.') from e
pymupdf.FileDataError: Failed to open file 'G:\\BaiduNetdiskDownload\\高情商话术\\B.精选好书合集\\人性密学66本合集\\16.《强势文化》最终版.pdf' as 
type pdf.
Traceback (most recent call last):
  File "C:\Python314\Lib\site-packages\pymupdf\__init__.py", line 3013, in __init__
    doc = mupdf.fz_open_document_with_stream_and_dir(suffix, fz_stream, archive.this)
  File "C:\Python314\Lib\site-packages\pymupdf\mupdf.py", line 53426, in fz_open_document_with_stream_and_dir
    return _mupdf.fz_open_document_with_stream_and_dir(magic, stream, dir)
           ~~~~~~~~~~~~~~~~~~~~~~~~~~~~~~~~~~~~~~~~~~~^^^^^^^^^^^^^^^^^^^^
pymupdf.mupdf.FzErrorFormat: code=7: no objects found

The above exception was the direct cause of the following exception:

Traceback (most recent call last):
  File "F:\开发软件项目文件\对练社交\batch_extract_docs.py", line 251, in main
    text = extract_pdf(f)
  File "F:\开发软件项目文件\对练社交\batch_extract_docs.py", line 84, in extract_pdf
    doc = pymupdf.open(pdf_path)
  File "C:\Python314\Lib\site-packages\pymupdf\__init__.py", line 3016, in __init__
    raise FileDataError(f'Failed to open file {filename!r} as type {suffix}.') from e
pymupdf.FileDataError: Failed to open file 'G:\\BaiduNetdiskDownload\\高情商话术\\B.精选好书合集\\人性密学66本合集\\17.《人性成败拿捏》.pdf' as t
ype pdf.
Traceback (most recent call last):
  File "C:\Python314\Lib\site-packages\pymupdf\__init__.py", line 3013, in __init__
    doc = mupdf.fz_open_document_with_stream_and_dir(suffix, fz_stream, archive.this)
  File "C:\Python314\Lib\site-packages\pymupdf\mupdf.py", line 53426, in fz_open_document_with_stream_and_dir
    return _mupdf.fz_open_document_with_stream_and_dir(magic, stream, dir)
           ~~~~~~~~~~~~~~~~~~~~~~~~~~~~~~~~~~~~~~~~~~~^^^^^^^^^^^^^^^^^^^^
pymupdf.mupdf.FzErrorFormat: code=7: no objects found

The above exception was the direct cause of the following exception:

Traceback (most recent call last):
  File "F:\开发软件项目文件\对练社交\batch_extract_docs.py", line 251, in main
    text = extract_pdf(f)
  File "F:\开发软件项目文件\对练社交\batch_extract_docs.py", line 84, in extract_pdf
    doc = pymupdf.open(pdf_path)
  File "C:\Python314\Lib\site-packages\pymupdf\__init__.py", line 3016, in __init__
    raise FileDataError(f'Failed to open file {filename!r} as type {suffix}.') from e
pymupdf.FileDataError: Failed to open file 'G:\\BaiduNetdiskDownload\\高情商话术\\B.精选好书合集\\人性密学66本合集\\19.《红尘纵横1.0》.pdf' as 
type pdf.
  ✅ → 06-人性认知思维/04.《开窍开悟开智2.0》.md (6KB)

[382/957] (40%) [06-人性认知思维] 05.《女性觉醒智慧》.pdf
  ❌ 失败: Failed to open file 'G:\\BaiduNetdiskDownload\\高情商话术\\B.精选好书合集\\人性密学66本合集\\05.《女性觉醒智慧》.pdf' as type pdf.

[383/957] (40%) [06-人性认知思维] 06.《人性真言》.pdf
  ✅ → 06-人性认知思维/06.《人性真言》.md (3KB)

[384/957] (40%) [06-人性认知思维] 07.《易经里的人情世故》.pdf
  ❌ 失败: Failed to open file 'G:\\BaiduNetdiskDownload\\高情商话术\\B.精选好书合集\\人性密学66本合集\\07.《易经里的人情世故》.pdf' as type pdf.

[385/957] (40%) [06-人性认知思维] 08.《人性营销式》.pdf
  ❌ 失败: Failed to open file 'G:\\BaiduNetdiskDownload\\高情商话术\\B.精选好书合集\\人性密学66本合集\\08.《人性营销式》.pdf' as type pdf.

[386/957] (40%) [06-人性认知思维] 09.《人性-老杨458条人性解析》.pdf
  ❌ 失败: Failed to open file 'G:\\BaiduNetdiskDownload\\高情商话术\\B.精选好书合集\\人性密学66本合集\\09.《人性-老杨458条人性解析》.pdf' as type pdf.

[387/957] (40%) [06-人性认知思维] 10.《人生翻盘运用手册》 .pdf
  ❌ 失败: Failed to open file 'G:\\BaiduNetdiskDownload\\高情商话术\\B.精选好书合集\\人性密学66本合集\\10.《人生翻盘运用手册》 .pdf' as type pdf.

[388/957] (41%) [06-人性认知思维] 11.《人性天眼》.pdf
  ⚠️ 空内容 → 跳过

[389/957] (41%) [06-人性认知思维] 12.《人性邪恶密码》.pdf
  ✅ → 06-人性认知思维/12.《人性邪恶密码》.md (4KB)

[390/957] (41%) [06-人性认知思维] 13.《人性心法》.pdf
  ⚠️ 空内容 → 跳过

[391/957] (41%) [06-人性认知思维] 14.《洗脑的最高境界》.pdf
  ❌ 失败: Failed to open file 'G:\\BaiduNetdiskDownload\\高情商话术\\B.精选好书合集\\人性密学66本合集\\14.《洗脑的最高境界》.pdf' as type pdf.

[392/957] (41%) [06-人性认知思维] 15.《驭心高手》.pdf
  ❌ 失败: Failed to open file 'G:\\BaiduNetdiskDownload\\高情商话术\\B.精选好书合集\\人性密学66本合集\\15.《驭心高手》.pdf' as type pdf.

[393/957] (41%) [06-人性认知思维] 16.《强势文化》最终版.pdf
  ❌ 失败: Failed to open file 'G:\\BaiduNetdiskDownload\\高情商话术\\B.精选好书合集\\人性密学66本合集\\16.《强势文化》最终版.pdf' as type pdf.

[394/957] (41%) [06-人性认知思维] 17.《人性成败拿捏》.pdf
  ❌ 失败: Failed to open file 'G:\\BaiduNetdiskDownload\\高情商话术\\B.精选好书合集\\人性密学66本合集\\17.《人性成败拿捏》.pdf' as type pdf.

[395/957] (41%) [06-人性认知思维] 18.《道破人性一书》.pdf
  ✅ → 06-人性认知思维/18.《道破人性一书》.md (226KB)

[396/957] (41%) [06-人性认知思维] 19.《红尘纵横1.0》.pdf
  ❌ 失败: Failed to open file 'G:\\BaiduNetdiskDownload\\高情商话术\\B.精选好书合集\\人性密学66本合集\\19.《红尘纵横1.0》.pdf' as type pdf.

[397/957] (41%) [06-人性认知思维] 20.《红尘纵横2》.pdf
  ✅ → 06-人性认知思维/20.《红尘纵横2》.md (4KB)

[398/957] (42%) [06-人性认知思维] 21.《男人人性的底层逻辑》.pdf
  ✅ → 06-人性认知思维/21.《男人人性的底层逻辑》.md (27KB)

[399/957] (42%) [06-人性认知思维] 21.《红尘纵横3》.pdf
MuPDF error: format error: non-page object in page tree

Traceback (most recent call last):
  File "C:\Python314\Lib\site-packages\pymupdf\__init__.py", line 3013, in __init__
    doc = mupdf.fz_open_document_with_stream_and_dir(suffix, fz_stream, archive.this)
  File "C:\Python314\Lib\site-packages\pymupdf\mupdf.py", line 53426, in fz_open_document_with_stream_and_dir
    return _mupdf.fz_open_document_with_stream_and_dir(magic, stream, dir)
           ~~~~~~~~~~~~~~~~~~~~~~~~~~~~~~~~~~~~~~~~~~~^^^^^^^^^^^^^^^^^^^^
pymupdf.mupdf.FzErrorFormat: code=7: no objects found

The above exception was the direct cause of the following exception:

Traceback (most recent call last):
  File "F:\开发软件项目文件\对练社交\batch_extract_docs.py", line 251, in main
    text = extract_pdf(f)
  File "F:\开发软件项目文件\对练社交\batch_extract_docs.py", line 84, in extract_pdf
    doc = pymupdf.open(pdf_path)
  File "C:\Python314\Lib\site-packages\pymupdf\__init__.py", line 3016, in __init__
    raise FileDataError(f'Failed to open file {filename!r} as type {suffix}.') from e
pymupdf.FileDataError: Failed to open file 'G:\\BaiduNetdiskDownload\\高情商话术\\B.精选好书合集\\人性密学66本合集\\22.《坏人基因》上册.pdf' as t
ype pdf.
Traceback (most recent call last):
  File "C:\Python314\Lib\site-packages\pymupdf\__init__.py", line 3013, in __init__
    doc = mupdf.fz_open_document_with_stream_and_dir(suffix, fz_stream, archive.this)
  File "C:\Python314\Lib\site-packages\pymupdf\mupdf.py", line 53426, in fz_open_document_with_stream_and_dir
    return _mupdf.fz_open_document_with_stream_and_dir(magic, stream, dir)
           ~~~~~~~~~~~~~~~~~~~~~~~~~~~~~~~~~~~~~~~~~~~^^^^^^^^^^^^^^^^^^^^
pymupdf.mupdf.FzErrorFormat: code=7: no objects found

The above exception was the direct cause of the following exception:

Traceback (most recent call last):
  File "F:\开发软件项目文件\对练社交\batch_extract_docs.py", line 251, in main
    text = extract_pdf(f)
  File "F:\开发软件项目文件\对练社交\batch_extract_docs.py", line 84, in extract_pdf
    doc = pymupdf.open(pdf_path)
  File "C:\Python314\Lib\site-packages\pymupdf\__init__.py", line 3016, in __init__
    raise FileDataError(f'Failed to open file {filename!r} as type {suffix}.') from e
pymupdf.FileDataError: Failed to open file 'G:\\BaiduNetdiskDownload\\高情商话术\\B.精选好书合集\\人性密学66本合集\\23.《坏人基因》下册.pdf' as t
ype pdf.
Traceback (most recent call last):
  File "C:\Python314\Lib\site-packages\pymupdf\__init__.py", line 3013, in __init__
    doc = mupdf.fz_open_document_with_stream_and_dir(suffix, fz_stream, archive.this)
  File "C:\Python314\Lib\site-packages\pymupdf\mupdf.py", line 53426, in fz_open_document_with_stream_and_dir
    return _mupdf.fz_open_document_with_stream_and_dir(magic, stream, dir)
           ~~~~~~~~~~~~~~~~~~~~~~~~~~~~~~~~~~~~~~~~~~~^^^^^^^^^^^^^^^^^^^^
pymupdf.mupdf.FzErrorFormat: code=7: no objects found

The above exception was the direct cause of the following exception:

Traceback (most recent call last):
  File "F:\开发软件项目文件\对练社交\batch_extract_docs.py", line 251, in main
    text = extract_pdf(f)
  File "F:\开发软件项目文件\对练社交\batch_extract_docs.py", line 84, in extract_pdf
    doc = pymupdf.open(pdf_path)
  File "C:\Python314\Lib\site-packages\pymupdf\__init__.py", line 3016, in __init__
    raise FileDataError(f'Failed to open file {filename!r} as type {suffix}.') from e
pymupdf.FileDataError: Failed to open file 'G:\\BaiduNetdiskDownload\\高情商话术\\B.精选好书合集\\人性密学66本合集\\24.《揭秘男人的人性》.pdf' as 
type pdf.
  ✅ → 06-人性认知思维/21.《红尘纵横3》.md (4KB)

[400/957] (42%) [06-人性认知思维] 22.《坏人基因》上册.pdf
  ❌ 失败: Failed to open file 'G:\\BaiduNetdiskDownload\\高情商话术\\B.精选好书合集\\人性密学66本合集\\22.《坏人基因》上册.pdf' as type pdf.

[401/957] (42%) [06-人性认知思维] 23.《坏人基因》下册.pdf
  ❌ 失败: Failed to open file 'G:\\BaiduNetdiskDownload\\高情商话术\\B.精选好书合集\\人性密学66本合集\\23.《坏人基因》下册.pdf' as type pdf.

[402/957] (42%) [06-人性认知思维] 24.《揭秘男人的人性》.pdf
  ❌ 失败: Failed to open file 'G:\\BaiduNetdiskDownload\\高情商话术\\B.精选好书合集\\人性密学66本合集\\24.《揭秘男人的人性》.pdf' as type pdf.

[403/957] (42%) [06-人性认知思维] 25.《老实人启蒙》.pdf
MuPDF error: format error: non-page object in page tree

  ✅ → 06-人性认知思维/25.《老实人启蒙》.md (12KB)

[404/957] (42%) [06-人性认知思维] 26.《洞察人性天机》.pdf
  ✅ → 06-人性认知思维/26.《洞察人性天机》.md (135KB)

[405/957] (42%) [06-人性认知思维] 27.《人性纵横说》1.0.pdf
  ⚠️ 空内容 → 跳过

[406/957] (42%) [06-人性认知思维] 28.《人性宝典》.2.0.pdf
  ✅ → 06-人性认知思维/28.《人性宝典》.2.0.md (18KB)

[407/957] (43%) [06-人性认知思维] 29.《人情世故自救指南》.pdf
MuPDF error: syntax error: cannot find ExtGState resource 'KSPE10223'

MuPDF error: syntax error: cannot find ExtGState resource 'KSPE10223'

MuPDF error: syntax error: cannot find ExtGState resource 'KSPE10223'

MuPDF error: syntax error: cannot find ExtGState resource 'KSPE10223'

MuPDF error: syntax error: cannot find ExtGState resource 'KSPE10223'

MuPDF error: syntax error: cannot find ExtGState resource 'KSPE10223'

MuPDF error: syntax error: cannot find ExtGState resource 'KSPE10223'

MuPDF error: syntax error: cannot find ExtGState resource 'KSPE10223'

MuPDF error: syntax error: cannot find ExtGState resource 'KSPE10223'

MuPDF error: syntax error: cannot find ExtGState resource 'KSPE10223'

MuPDF error: syntax error: cannot find ExtGState resource 'KSPE10223'

MuPDF error: syntax error: cannot find ExtGState resource 'KSPE10223'

MuPDF error: syntax error: cannot find ExtGState resource 'KSPE10223'

MuPDF error: syntax error: cannot find ExtGState resource 'KSPE10223'

MuPDF error: syntax error: cannot find ExtGState resource 'KSPE10223'

MuPDF error: syntax error: cannot find ExtGState resource 'KSPE10223'

MuPDF error: syntax error: cannot find ExtGState resource 'KSPE10223'

MuPDF error: syntax error: cannot find ExtGState resource 'KSPE10223'

MuPDF error: syntax error: cannot find ExtGState resource 'KSPE10223'

MuPDF error: syntax error: cannot find ExtGState resource 'KSPE10223'

MuPDF error: syntax error: cannot find ExtGState resource 'KSPE10223'

MuPDF error: syntax error: cannot find ExtGState resource 'KSPE10223'

MuPDF error: syntax error: cannot find ExtGState resource 'KSPE10223'

MuPDF error: syntax error: cannot find ExtGState resource 'KSPE10223'

MuPDF error: syntax error: cannot find ExtGState resource 'KSPE10223'

MuPDF error: syntax error: cannot find ExtGState resource 'KSPE10223'

MuPDF error: syntax error: cannot find ExtGState resource 'KSPE10223'

MuPDF error: syntax error: cannot find ExtGState resource 'KSPE10223'

MuPDF error: syntax error: cannot find ExtGState resource 'KSPE10223'

MuPDF error: syntax error: cannot find ExtGState resource 'KSPE10223'

MuPDF error: syntax error: cannot find ExtGState resource 'KSPE10223'

MuPDF error: syntax error: cannot find ExtGState resource 'KSPE10223'

MuPDF error: syntax error: cannot find ExtGState resource 'KSPE10223'

MuPDF error: syntax error: cannot find ExtGState resource 'KSPE10223'

MuPDF error: syntax error: cannot find ExtGState resource 'KSPE10223'

MuPDF error: syntax error: cannot find ExtGState resource 'KSPE10223'

MuPDF error: syntax error: cannot find ExtGState resource 'KSPE10223'

MuPDF error: syntax error: cannot find ExtGState resource 'KSPE10223'

MuPDF error: syntax error: cannot find ExtGState resource 'KSPE10223'

MuPDF error: syntax error: cannot find ExtGState resource 'KSPE10223'

MuPDF error: syntax error: cannot find ExtGState resource 'KSPE10223'

MuPDF error: syntax error: cannot find ExtGState resource 'KSPE10223'

MuPDF error: syntax error: cannot find ExtGState resource 'KSPE10223'

MuPDF error: syntax error: cannot find ExtGState resource 'KSPE10223'

MuPDF error: syntax error: cannot find ExtGState resource 'KSPE10223'

MuPDF error: syntax error: cannot find ExtGState resource 'KSPE10223'

MuPDF error: syntax error: cannot find ExtGState resource 'KSPE10223'

MuPDF error: syntax error: cannot find ExtGState resource 'KSPE10223'

MuPDF error: syntax error: cannot find ExtGState resource 'KSPE10223'

MuPDF error: syntax error: cannot find ExtGState resource 'KSPE10223'

MuPDF error: syntax error: cannot find ExtGState resource 'KSPE10223'

MuPDF error: syntax error: cannot find ExtGState resource 'KSPE10223'

MuPDF error: syntax error: cannot find ExtGState resource 'KSPE10223'

MuPDF error: syntax error: cannot find ExtGState resource 'KSPE10223'

MuPDF error: syntax error: cannot find ExtGState resource 'KSPE10223'

MuPDF error: syntax error: cannot find ExtGState resource 'KSPE10223'

MuPDF error: syntax error: cannot find ExtGState resource 'KSPE10223'

MuPDF error: syntax error: cannot find ExtGState resource 'KSPE10223'

MuPDF error: syntax error: cannot find ExtGState resource 'KSPE10223'

MuPDF error: syntax error: cannot find ExtGState resource 'KSPE10223'

MuPDF error: syntax error: cannot find ExtGState resource 'KSPE10223'

MuPDF error: syntax error: cannot find ExtGState resource 'KSPE10223'

MuPDF error: syntax error: cannot find ExtGState resource 'KSPE10223'

MuPDF error: syntax error: cannot find ExtGState resource 'KSPE10223'

MuPDF error: syntax error: cannot find ExtGState resource 'KSPE10223'

MuPDF error: syntax error: cannot find ExtGState resource 'KSPE10223'

MuPDF error: syntax error: cannot find ExtGState resource 'KSPE10223'

MuPDF error: syntax error: cannot find ExtGState resource 'KSPE10223'

MuPDF error: syntax error: cannot find ExtGState resource 'KSPE10223'

MuPDF error: syntax error: cannot find ExtGState resource 'KSPE10223'

MuPDF error: syntax error: cannot find ExtGState resource 'KSPE10223'

MuPDF error: syntax error: cannot find ExtGState resource 'KSPE10223'

MuPDF error: syntax error: cannot find ExtGState resource 'KSPE10223'

MuPDF error: syntax error: cannot find ExtGState resource 'KSPE10223'

MuPDF error: syntax error: cannot find ExtGState resource 'KSPE10223'

MuPDF error: syntax error: cannot find ExtGState resource 'KSPE10223'

MuPDF error: syntax error: cannot find ExtGState resource 'KSPE10223'

MuPDF error: syntax error: cannot find ExtGState resource 'KSPE10223'

MuPDF error: syntax error: cannot find ExtGState resource 'KSPE10223'

MuPDF error: syntax error: cannot find ExtGState resource 'KSPE10223'

MuPDF error: syntax error: cannot find ExtGState resource 'KSPE10223'

MuPDF error: syntax error: cannot find ExtGState resource 'KSPE10223'

MuPDF error: syntax error: cannot find ExtGState resource 'KSPE10223'

MuPDF error: syntax error: cannot find ExtGState resource 'KSPE10223'

MuPDF error: syntax error: cannot find ExtGState resource 'KSPE10223'

MuPDF error: syntax error: cannot find ExtGState resource 'KSPE10223'

MuPDF error: syntax error: cannot find ExtGState resource 'KSPE10223'

MuPDF error: syntax error: cannot find ExtGState resource 'KSPE10223'

MuPDF error: syntax error: cannot find ExtGState resource 'KSPE10223'

MuPDF error: syntax error: cannot find ExtGState resource 'KSPE10223'

MuPDF error: syntax error: cannot find ExtGState resource 'KSPE10223'

MuPDF error: syntax error: cannot find ExtGState resource 'KSPE10223'

MuPDF error: syntax error: cannot find ExtGState resource 'KSPE10223'

MuPDF error: syntax error: cannot find ExtGState resource 'KSPE10223'

MuPDF error: syntax error: cannot find ExtGState resource 'KSPE10223'

MuPDF error: syntax error: cannot find ExtGState resource 'KSPE10223'

MuPDF error: syntax error: cannot find ExtGState resource 'KSPE10223'

MuPDF error: syntax error: cannot find ExtGState resource 'KSPE10223'

MuPDF error: syntax error: cannot find ExtGState resource 'KSPE10223'

MuPDF error: syntax error: cannot find ExtGState resource 'KSPE10223'

MuPDF error: syntax error: cannot find ExtGState resource 'KSPE10223'

MuPDF error: syntax error: cannot find ExtGState resource 'KSPE10223'

MuPDF error: syntax error: cannot find ExtGState resource 'KSPE10223'

MuPDF error: syntax error: cannot find ExtGState resource 'KSPE10223'

MuPDF error: syntax error: cannot find ExtGState resource 'KSPE10223'

MuPDF error: syntax error: cannot find ExtGState resource 'KSPE10223'

MuPDF error: syntax error: cannot find ExtGState resource 'KSPE10223'

MuPDF error: syntax error: cannot find ExtGState resource 'KSPE10223'

MuPDF error: syntax error: cannot find ExtGState resource 'KSPE10223'

MuPDF error: syntax error: cannot find ExtGState resource 'KSPE10223'

MuPDF error: syntax error: cannot find ExtGState resource 'KSPE10223'

MuPDF error: syntax error: cannot find ExtGState resource 'KSPE10223'

MuPDF error: syntax error: cannot find ExtGState resource 'KSPE10223'

MuPDF error: syntax error: cannot find ExtGState resource 'KSPE10223'

MuPDF error: syntax error: cannot find ExtGState resource 'KSPE10223'

MuPDF error: syntax error: cannot find ExtGState resource 'KSPE10223'

MuPDF error: syntax error: cannot find ExtGState resource 'KSPE10223'

MuPDF error: syntax error: cannot find ExtGState resource 'KSPE10223'

MuPDF error: syntax error: cannot find ExtGState resource 'KSPE10223'

MuPDF error: syntax error: cannot find ExtGState resource 'KSPE10223'

MuPDF error: syntax error: cannot find ExtGState resource 'KSPE10223'

MuPDF error: syntax error: cannot find ExtGState resource 'KSPE10223'

MuPDF error: syntax error: cannot find ExtGState resource 'KSPE10223'

MuPDF error: syntax error: cannot find ExtGState resource 'KSPE10223'

MuPDF error: syntax error: cannot find ExtGState resource 'KSPE10223'

MuPDF error: syntax error: cannot find ExtGState resource 'KSPE10223'

MuPDF error: syntax error: cannot find ExtGState resource 'KSPE10223'

MuPDF error: syntax error: cannot find ExtGState resource 'KSPE10223'

MuPDF error: syntax error: cannot find ExtGState resource 'KSPE10223'

MuPDF error: syntax error: cannot find ExtGState resource 'KSPE10223'

MuPDF error: syntax error: cannot find ExtGState resource 'KSPE10223'

MuPDF error: syntax error: cannot find ExtGState resource 'KSPE10223'

MuPDF error: syntax error: cannot find ExtGState resource 'KSPE10223'

MuPDF error: syntax error: cannot find ExtGState resource 'KSPE10223'

MuPDF error: syntax error: cannot find ExtGState resource 'KSPE10223'

MuPDF error: syntax error: cannot find ExtGState resource 'KSPE10223'

MuPDF error: syntax error: cannot find ExtGState resource 'KSPE10223'

MuPDF error: syntax error: cannot find ExtGState resource 'KSPE10223'

MuPDF error: syntax error: cannot find ExtGState resource 'KSPE10223'

MuPDF error: syntax error: cannot find ExtGState resource 'KSPE10223'

MuPDF error: syntax error: cannot find ExtGState resource 'KSPE10223'

MuPDF error: syntax error: cannot find ExtGState resource 'KSPE10223'

MuPDF error: syntax error: cannot find ExtGState resource 'KSPE10223'

MuPDF error: syntax error: cannot find ExtGState resource 'KSPE10223'

MuPDF error: syntax error: cannot find ExtGState resource 'KSPE10223'

MuPDF error: syntax error: cannot find ExtGState resource 'KSPE10223'

MuPDF error: syntax error: cannot find ExtGState resource 'KSPE10223'

MuPDF error: syntax error: cannot find ExtGState resource 'KSPE10223'

MuPDF error: syntax error: cannot find ExtGState resource 'KSPE10223'

MuPDF error: syntax error: cannot find ExtGState resource 'KSPE10223'

MuPDF error: syntax error: cannot find ExtGState resource 'KSPE10223'

MuPDF error: syntax error: cannot find ExtGState resource 'KSPE10223'

MuPDF error: syntax error: cannot find ExtGState resource 'KSPE10223'

MuPDF error: syntax error: cannot find ExtGState resource 'KSPE10223'

MuPDF error: syntax error: cannot find ExtGState resource 'KSPE10223'

MuPDF error: syntax error: cannot find ExtGState resource 'KSPE10223'

MuPDF error: syntax error: cannot find ExtGState resource 'KSPE10223'

MuPDF error: syntax error: cannot find ExtGState resource 'KSPE10223'

MuPDF error: syntax error: cannot find ExtGState resource 'KSPE10223'

MuPDF error: syntax error: cannot find ExtGState resource 'KSPE10223'

MuPDF error: syntax error: cannot find ExtGState resource 'KSPE10223'

MuPDF error: syntax error: cannot find ExtGState resource 'KSPE10223'

MuPDF error: syntax error: cannot find ExtGState resource 'KSPE10223'

MuPDF error: syntax error: cannot find ExtGState resource 'KSPE10223'

MuPDF error: syntax error: cannot find ExtGState resource 'KSPE10223'

MuPDF error: syntax error: cannot find ExtGState resource 'KSPE10223'

MuPDF error: syntax error: cannot find ExtGState resource 'KSPE10223'

MuPDF error: syntax error: cannot find ExtGState resource 'KSPE10223'

MuPDF error: syntax error: cannot find ExtGState resource 'KSPE10223'

MuPDF error: syntax error: cannot find ExtGState resource 'KSPE10223'

MuPDF error: syntax error: cannot find ExtGState resource 'KSPE10223'

MuPDF error: syntax error: cannot find ExtGState resource 'KSPE10223'

MuPDF error: syntax error: cannot find ExtGState resource 'KSPE10223'

MuPDF error: syntax error: cannot find ExtGState resource 'KSPE10223'

MuPDF error: syntax error: cannot find ExtGState resource 'KSPE10223'

Traceback (most recent call last):
  File "C:\Python314\Lib\site-packages\pymupdf\__init__.py", line 3013, in __init__
    doc = mupdf.fz_open_document_with_stream_and_dir(suffix, fz_stream, archive.this)
  File "C:\Python314\Lib\site-packages\pymupdf\mupdf.py", line 53426, in fz_open_document_with_stream_and_dir
    return _mupdf.fz_open_document_with_stream_and_dir(magic, stream, dir)
           ~~~~~~~~~~~~~~~~~~~~~~~~~~~~~~~~~~~~~~~~~~~^^^^^^^^^^^^^^^^^^^^
pymupdf.mupdf.FzErrorFormat: code=7: no objects found

The above exception was the direct cause of the following exception:

Traceback (most recent call last):
  File "F:\开发软件项目文件\对练社交\batch_extract_docs.py", line 251, in main
    text = extract_pdf(f)
  File "F:\开发软件项目文件\对练社交\batch_extract_docs.py", line 84, in extract_pdf
    doc = pymupdf.open(pdf_path)
  File "C:\Python314\Lib\site-packages\pymupdf\__init__.py", line 3016, in __init__
    raise FileDataError(f'Failed to open file {filename!r} as type {suffix}.') from e
pymupdf.FileDataError: Failed to open file 'G:\\BaiduNetdiskDownload\\高情商话术\\B.精选好书合集\\人性密学66本合集\\30.《人性顶级秘术》.pdf' as t
ype pdf.
Traceback (most recent call last):
  File "C:\Python314\Lib\site-packages\pymupdf\__init__.py", line 3013, in __init__
    doc = mupdf.fz_open_document_with_stream_and_dir(suffix, fz_stream, archive.this)
  File "C:\Python314\Lib\site-packages\pymupdf\mupdf.py", line 53426, in fz_open_document_with_stream_and_dir
    return _mupdf.fz_open_document_with_stream_and_dir(magic, stream, dir)
           ~~~~~~~~~~~~~~~~~~~~~~~~~~~~~~~~~~~~~~~~~~~^^^^^^^^^^^^^^^^^^^^
pymupdf.mupdf.FzErrorFormat: code=7: no objects found

The above exception was the direct cause of the following exception:

Traceback (most recent call last):
  File "F:\开发软件项目文件\对练社交\batch_extract_docs.py", line 251, in main
    text = extract_pdf(f)
  File "F:\开发软件项目文件\对练社交\batch_extract_docs.py", line 84, in extract_pdf
    doc = pymupdf.open(pdf_path)
  File "C:\Python314\Lib\site-packages\pymupdf\__init__.py", line 3016, in __init__
    raise FileDataError(f'Failed to open file {filename!r} as type {suffix}.') from e
pymupdf.FileDataError: Failed to open file 'G:\\BaiduNetdiskDownload\\高情商话术\\B.精选好书合集\\人性密学66本合集\\32.《人情世故潜规则》.pdf' as 
type pdf.
Traceback (most recent call last):
  File "C:\Python314\Lib\site-packages\pymupdf\__init__.py", line 3013, in __init__
    doc = mupdf.fz_open_document_with_stream_and_dir(suffix, fz_stream, archive.this)
  File "C:\Python314\Lib\site-packages\pymupdf\mupdf.py", line 53426, in fz_open_document_with_stream_and_dir
    return _mupdf.fz_open_document_with_stream_and_dir(magic, stream, dir)
           ~~~~~~~~~~~~~~~~~~~~~~~~~~~~~~~~~~~~~~~~~~~^^^^^^^^^^^^^^^^^^^^
pymupdf.mupdf.FzErrorFormat: code=7: no objects found

The above exception was the direct cause of the following exception:

Traceback (most recent call last):
  File "F:\开发软件项目文件\对练社交\batch_extract_docs.py", line 251, in main
    text = extract_pdf(f)
  File "F:\开发软件项目文件\对练社交\batch_extract_docs.py", line 84, in extract_pdf
    doc = pymupdf.open(pdf_path)
  File "C:\Python314\Lib\site-packages\pymupdf\__init__.py", line 3016, in __init__
    raise FileDataError(f'Failed to open file {filename!r} as type {suffix}.') from e
pymupdf.FileDataError: Failed to open file 'G:\\BaiduNetdiskDownload\\高情商话术\\B.精选好书合集\\人性密学66本合集\\33.《冷读术》.pdf' as type
 pdf.
Traceback (most recent call last):
  File "C:\Python314\Lib\site-packages\pymupdf\__init__.py", line 3013, in __init__
    doc = mupdf.fz_open_document_with_stream_and_dir(suffix, fz_stream, archive.this)
  File "C:\Python314\Lib\site-packages\pymupdf\mupdf.py", line 53426, in fz_open_document_with_stream_and_dir
    return _mupdf.fz_open_document_with_stream_and_dir(magic, stream, dir)
           ~~~~~~~~~~~~~~~~~~~~~~~~~~~~~~~~~~~~~~~~~~~^^^^^^^^^^^^^^^^^^^^
pymupdf.mupdf.FzErrorFormat: code=7: no objects found

The above exception was the direct cause of the following exception:

Traceback (most recent call last):
  File "F:\开发软件项目文件\对练社交\batch_extract_docs.py", line 251, in main
    text = extract_pdf(f)
  File "F:\开发软件项目文件\对练社交\batch_extract_docs.py", line 84, in extract_pdf
    doc = pymupdf.open(pdf_path)
  File "C:\Python314\Lib\site-packages\pymupdf\__init__.py", line 3016, in __init__
    raise FileDataError(f'Failed to open file {filename!r} as type {suffix}.') from e
pymupdf.FileDataError: Failed to open file 'G:\\BaiduNetdiskDownload\\高情商话术\\B.精选好书合集\\人性密学66本合集\\34.《穷人的底层逻辑》.pdf' as 
type pdf.
Traceback (most recent call last):
  File "C:\Python314\Lib\site-packages\pymupdf\__init__.py", line 3013, in __init__
    doc = mupdf.fz_open_document_with_stream_and_dir(suffix, fz_stream, archive.this)
  File "C:\Python314\Lib\site-packages\pymupdf\mupdf.py", line 53426, in fz_open_document_with_stream_and_dir
    return _mupdf.fz_open_document_with_stream_and_dir(magic, stream, dir)
           ~~~~~~~~~~~~~~~~~~~~~~~~~~~~~~~~~~~~~~~~~~~^^^^^^^^^^^^^^^^^^^^
pymupdf.mupdf.FzErrorFormat: code=7: no objects found

The above exception was the direct cause of the following exception:

Traceback (most recent call last):
  File "F:\开发软件项目文件\对练社交\batch_extract_docs.py", line 251, in main
    text = extract_pdf(f)
  File "F:\开发软件项目文件\对练社交\batch_extract_docs.py", line 84, in extract_pdf
    doc = pymupdf.open(pdf_path)
  File "C:\Python314\Lib\site-packages\pymupdf\__init__.py", line 3016, in __init__
    raise FileDataError(f'Failed to open file {filename!r} as type {suffix}.') from e
pymupdf.FileDataError: Failed to open file 'G:\\BaiduNetdiskDownload\\高情商话术\\B.精选好书合集\\人性密学66本合集\\36.《零距离人性》.pdf' as ty
pe pdf.
Traceback (most recent call last):
  File "C:\Python314\Lib\site-packages\pymupdf\__init__.py", line 3013, in __init__
    doc = mupdf.fz_open_document_with_stream_and_dir(suffix, fz_stream, archive.this)
  File "C:\Python314\Lib\site-packages\pymupdf\mupdf.py", line 53426, in fz_open_document_with_stream_and_dir
    return _mupdf.fz_open_document_with_stream_and_dir(magic, stream, dir)
           ~~~~~~~~~~~~~~~~~~~~~~~~~~~~~~~~~~~~~~~~~~~^^^^^^^^^^^^^^^^^^^^
pymupdf.mupdf.FzErrorFormat: code=7: no objects found

The above exception was the direct cause of the following exception:

Traceback (most recent call last):
  File "F:\开发软件项目文件\对练社交\batch_extract_docs.py", line 251, in main
    text = extract_pdf(f)
  File "F:\开发软件项目文件\对练社交\batch_extract_docs.py", line 84, in extract_pdf
    doc = pymupdf.open(pdf_path)
  File "C:\Python314\Lib\site-packages\pymupdf\__init__.py", line 3016, in __init__
    raise FileDataError(f'Failed to open file {filename!r} as type {suffix}.') from e
pymupdf.FileDataError: Failed to open file 'G:\\BaiduNetdiskDownload\\高情商话术\\B.精选好书合集\\人性密学66本合集\\37.《坏术大师》.pdf' as typ
e pdf.
Traceback (most recent call last):
  File "C:\Python314\Lib\site-packages\pymupdf\__init__.py", line 3013, in __init__
    doc = mupdf.fz_open_document_with_stream_and_dir(suffix, fz_stream, archive.this)
  File "C:\Python314\Lib\site-packages\pymupdf\mupdf.py", line 53426, in fz_open_document_with_stream_and_dir
    return _mupdf.fz_open_document_with_stream_and_dir(magic, stream, dir)
           ~~~~~~~~~~~~~~~~~~~~~~~~~~~~~~~~~~~~~~~~~~~^^^^^^^^^^^^^^^^^^^^
pymupdf.mupdf.FzErrorFormat: code=7: no objects found

The above exception was the direct cause of the following exception:

Traceback (most recent call last):
  File "F:\开发软件项目文件\对练社交\batch_extract_docs.py", line 251, in main
    text = extract_pdf(f)
  File "F:\开发软件项目文件\对练社交\batch_extract_docs.py", line 84, in extract_pdf
    doc = pymupdf.open(pdf_path)
  File "C:\Python314\Lib\site-packages\pymupdf\__init__.py", line 3016, in __init__
    raise FileDataError(f'Failed to open file {filename!r} as type {suffix}.') from e
pymupdf.FileDataError: Failed to open file 'G:\\BaiduNetdiskDownload\\高情商话术\\B.精选好书合集\\人性密学66本合集\\39.《天之卷：强者修炼手册》.pdf' 
as type pdf.
  ✅ → 06-人性认知思维/29.《人情世故自救指南》.md (6KB)

[408/957] (43%) [06-人性认知思维] 30.《人性顶级秘术》.pdf
  ❌ 失败: Failed to open file 'G:\\BaiduNetdiskDownload\\高情商话术\\B.精选好书合集\\人性密学66本合集\\30.《人性顶级秘术》.pdf' as type pdf.

[409/957] (43%) [06-人性认知思维] 31.《人性错觉控制术》.pdf
  ⚠️ 空内容 → 跳过

[410/957] (43%) [06-人性认知思维] 32.《人情世故潜规则》.pdf
  ❌ 失败: Failed to open file 'G:\\BaiduNetdiskDownload\\高情商话术\\B.精选好书合集\\人性密学66本合集\\32.《人情世故潜规则》.pdf' as type pdf.

[411/957] (43%) [06-人性认知思维] 33.《冷读术》.pdf
  ❌ 失败: Failed to open file 'G:\\BaiduNetdiskDownload\\高情商话术\\B.精选好书合集\\人性密学66本合集\\33.《冷读术》.pdf' as type pdf.

[412/957] (43%) [06-人性认知思维] 34.《穷人的底层逻辑》.pdf
  ❌ 失败: Failed to open file 'G:\\BaiduNetdiskDownload\\高情商话术\\B.精选好书合集\\人性密学66本合集\\34.《穷人的底层逻辑》.pdf' as type pdf.

[413/957] (43%) [06-人性认知思维] 35.《人脑操控力》.pdf
  ⚠️ 空内容 → 跳过

[414/957] (43%) [06-人性认知思维] 36.《零距离人性》.pdf
  ❌ 失败: Failed to open file 'G:\\BaiduNetdiskDownload\\高情商话术\\B.精选好书合集\\人性密学66本合集\\36.《零距离人性》.pdf' as type pdf.

[415/957] (43%) [06-人性认知思维] 37.《坏术大师》.pdf
  ❌ 失败: Failed to open file 'G:\\BaiduNetdiskDownload\\高情商话术\\B.精选好书合集\\人性密学66本合集\\37.《坏术大师》.pdf' as type pdf.

[416/957] (43%) [06-人性认知思维] 38.《地之卷：红尘修炼手册》.pdf
  ⚠️ 空内容 → 跳过

[417/957] (44%) [06-人性认知思维] 39.《天之卷：强者修炼手册》.pdf
  ❌ 失败: Failed to open file 'G:\\BaiduNetdiskDownload\\高情商话术\\B.精选好书合集\\人性密学66本合集\\39.《天之卷：强者修炼手册》.pdf' as type pdf.

[418/957] (44%) [06-人性认知思维] 40.《人之卷：人性修炼手册》.pdf
  ⚠️ 空内容 → 跳过

[419/957] (44%) [06-人性认知思维] 41.《人性智谋36计》.pdf
MuPDF error: format error: non-page object in page tree

Traceback (most recent call last):
  File "C:\Python314\Lib\site-packages\pymupdf\__init__.py", line 3013, in __init__
    doc = mupdf.fz_open_document_with_stream_and_dir(suffix, fz_stream, archive.this)
  File "C:\Python314\Lib\site-packages\pymupdf\mupdf.py", line 53426, in fz_open_document_with_stream_and_dir
    return _mupdf.fz_open_document_with_stream_and_dir(magic, stream, dir)
           ~~~~~~~~~~~~~~~~~~~~~~~~~~~~~~~~~~~~~~~~~~~^^^^^^^^^^^^^^^^^^^^
pymupdf.mupdf.FzErrorFormat: code=7: no objects found

The above exception was the direct cause of the following exception:

Traceback (most recent call last):
  File "F:\开发软件项目文件\对练社交\batch_extract_docs.py", line 251, in main
    text = extract_pdf(f)
  File "F:\开发软件项目文件\对练社交\batch_extract_docs.py", line 84, in extract_pdf
    doc = pymupdf.open(pdf_path)
  File "C:\Python314\Lib\site-packages\pymupdf\__init__.py", line 3016, in __init__
    raise FileDataError(f'Failed to open file {filename!r} as type {suffix}.') from e
pymupdf.FileDataError: Failed to open file 'G:\\BaiduNetdiskDownload\\高情商话术\\B.精选好书合集\\人性密学66本合集\\42.《人性艺术—内心电影剪辑师》.pdf
' as type pdf.
Traceback (most recent call last):
  File "C:\Python314\Lib\site-packages\pymupdf\__init__.py", line 3013, in __init__
    doc = mupdf.fz_open_document_with_stream_and_dir(suffix, fz_stream, archive.this)
  File "C:\Python314\Lib\site-packages\pymupdf\mupdf.py", line 53426, in fz_open_document_with_stream_and_dir
    return _mupdf.fz_open_document_with_stream_and_dir(magic, stream, dir)
           ~~~~~~~~~~~~~~~~~~~~~~~~~~~~~~~~~~~~~~~~~~~^^^^^^^^^^^^^^^^^^^^
pymupdf.mupdf.FzErrorFormat: code=7: no objects found

The above exception was the direct cause of the following exception:

Traceback (most recent call last):
  File "F:\开发软件项目文件\对练社交\batch_extract_docs.py", line 251, in main
    text = extract_pdf(f)
  File "F:\开发软件项目文件\对练社交\batch_extract_docs.py", line 84, in extract_pdf
    doc = pymupdf.open(pdf_path)
  File "C:\Python314\Lib\site-packages\pymupdf\__init__.py", line 3016, in __init__
    raise FileDataError(f'Failed to open file {filename!r} as type {suffix}.') from e
pymupdf.FileDataError: Failed to open file 'G:\\BaiduNetdiskDownload\\高情商话术\\B.精选好书合集\\人性密学66本合集\\43.《贪婪的人性男人篇》.pdf' as
 type pdf.
Traceback (most recent call last):
  File "C:\Python314\Lib\site-packages\pymupdf\__init__.py", line 3013, in __init__
    doc = mupdf.fz_open_document_with_stream_and_dir(suffix, fz_stream, archive.this)
  File "C:\Python314\Lib\site-packages\pymupdf\mupdf.py", line 53426, in fz_open_document_with_stream_and_dir
    return _mupdf.fz_open_document_with_stream_and_dir(magic, stream, dir)
           ~~~~~~~~~~~~~~~~~~~~~~~~~~~~~~~~~~~~~~~~~~~^^^^^^^^^^^^^^^^^^^^
pymupdf.mupdf.FzErrorFormat: code=7: no objects found

The above exception was the direct cause of the following exception:

Traceback (most recent call last):
  File "F:\开发软件项目文件\对练社交\batch_extract_docs.py", line 251, in main
    text = extract_pdf(f)
  File "F:\开发软件项目文件\对练社交\batch_extract_docs.py", line 84, in extract_pdf
    doc = pymupdf.open(pdf_path)
  File "C:\Python314\Lib\site-packages\pymupdf\__init__.py", line 3016, in __init__
    raise FileDataError(f'Failed to open file {filename!r} as type {suffix}.') from e
pymupdf.FileDataError: Failed to open file 'G:\\BaiduNetdiskDownload\\高情商话术\\B.精选好书合集\\人性密学66本合集\\46.《透视人性》.pdf' as typ
e pdf.
  ✅ → 06-人性认知思维/41.《人性智谋36计》.md (3KB)

[420/957] (44%) [06-人性认知思维] 42.《人性艺术—内心电影剪辑师》.pdf
  ❌ 失败: Failed to open file 'G:\\BaiduNetdiskDownload\\高情商话术\\B.精选好书合集\\人性密学66本合集\\42.《人性艺术—内心电影剪辑师》.pdf' as type pdf.

[421/957] (44%) [06-人性认知思维] 43.《贪婪的人性男人篇》.pdf
  ❌ 失败: Failed to open file 'G:\\BaiduNetdiskDownload\\高情商话术\\B.精选好书合集\\人性密学66本合集\\43.《贪婪的人性男人篇》.pdf' as type pdf.

[422/957] (44%) [06-人性认知思维] 44.《万能厚黑不黑模式》.pdf
  ⚠️ 空内容 → 跳过

[423/957] (44%) [06-人性认知思维] 45.《万能识人术》.pdf
  ✅ → 06-人性认知思维/45.《万能识人术》.md (198KB)

[424/957] (44%) [06-人性认知思维] 46.《透视人性》.pdf
  ❌ 失败: Failed to open file 'G:\\BaiduNetdiskDownload\\高情商话术\\B.精选好书合集\\人性密学66本合集\\46.《透视人性》.pdf' as type pdf.

[425/957] (44%) [06-人性认知思维] 47.《社会人心运作手册》.pdf
MuPDF error: syntax error: no XObject subtype specified

MuPDF error: syntax error: no XObject subtype specified

MuPDF error: syntax error: no XObject subtype specified

MuPDF error: syntax error: no XObject subtype specified

MuPDF error: syntax error: no XObject subtype specified

MuPDF error: syntax error: no XObject subtype specified

MuPDF error: syntax error: no XObject subtype specified

MuPDF error: syntax error: no XObject subtype specified

MuPDF error: syntax error: no XObject subtype specified

MuPDF error: syntax error: no XObject subtype specified

MuPDF error: syntax error: no XObject subtype specified

MuPDF error: syntax error: no XObject subtype specified

MuPDF error: syntax error: no XObject subtype specified

MuPDF error: syntax error: no XObject subtype specified

MuPDF error: syntax error: no XObject subtype specified

Traceback (most recent call last):
  File "C:\Python314\Lib\site-packages\pymupdf\__init__.py", line 3013, in __init__
    doc = mupdf.fz_open_document_with_stream_and_dir(suffix, fz_stream, archive.this)
  File "C:\Python314\Lib\site-packages\pymupdf\mupdf.py", line 53426, in fz_open_document_with_stream_and_dir
    return _mupdf.fz_open_document_with_stream_and_dir(magic, stream, dir)
           ~~~~~~~~~~~~~~~~~~~~~~~~~~~~~~~~~~~~~~~~~~~^^^^^^^^^^^^^^^^^^^^
pymupdf.mupdf.FzErrorFormat: code=7: no objects found

The above exception was the direct cause of the following exception:

Traceback (most recent call last):
  File "F:\开发软件项目文件\对练社交\batch_extract_docs.py", line 251, in main
    text = extract_pdf(f)
  File "F:\开发软件项目文件\对练社交\batch_extract_docs.py", line 84, in extract_pdf
    doc = pymupdf.open(pdf_path)
  File "C:\Python314\Lib\site-packages\pymupdf\__init__.py", line 3016, in __init__
    raise FileDataError(f'Failed to open file {filename!r} as type {suffix}.') from e
pymupdf.FileDataError: Failed to open file 'G:\\BaiduNetdiskDownload\\高情商话术\\B.精选好书合集\\人性密学66本合集\\48.《玩转人性》.pdf' as typ
e pdf.
Traceback (most recent call last):
  File "C:\Python314\Lib\site-packages\pymupdf\__init__.py", line 3013, in __init__
    doc = mupdf.fz_open_document_with_stream_and_dir(suffix, fz_stream, archive.this)
  File "C:\Python314\Lib\site-packages\pymupdf\mupdf.py", line 53426, in fz_open_document_with_stream_and_dir
    return _mupdf.fz_open_document_with_stream_and_dir(magic, stream, dir)
           ~~~~~~~~~~~~~~~~~~~~~~~~~~~~~~~~~~~~~~~~~~~^^^^^^^^^^^^^^^^^^^^
pymupdf.mupdf.FzErrorFormat: code=7: no objects found

The above exception was the direct cause of the following exception:

Traceback (most recent call last):
  File "F:\开发软件项目文件\对练社交\batch_extract_docs.py", line 251, in main
    text = extract_pdf(f)
  File "F:\开发软件项目文件\对练社交\batch_extract_docs.py", line 84, in extract_pdf
    doc = pymupdf.open(pdf_path)
  File "C:\Python314\Lib\site-packages\pymupdf\__init__.py", line 3016, in __init__
    raise FileDataError(f'Failed to open file {filename!r} as type {suffix}.') from e
pymupdf.FileDataError: Failed to open file 'G:\\BaiduNetdiskDownload\\高情商话术\\B.精选好书合集\\人性密学66本合集\\49.《人性计谋计》.pdf' as ty
pe pdf.
Traceback (most recent call last):
  File "F:\开发软件项目文件\对练社交\batch_extract_docs.py", line 251, in main
    text = extract_pdf(f)
  File "F:\开发软件项目文件\对练社交\batch_extract_docs.py", line 86, in extract_pdf
    for page_num, page in enumerate(doc, 1):
                          ~~~~~~~~~^^^^^^^^
  File "C:\Python314\Lib\site-packages\pymupdf\__init__.py", line 2898, in __getitem__
    return self.load_page(i)
           ~~~~~~~~~~~~~~^^^
  File "C:\Python314\Lib\site-packages\pymupdf\__init__.py", line 5803, in load_page
    page = mupdf.fz_load_page(self.this, page_id)
  File "C:\Python314\Lib\site-packages\pymupdf\mupdf.py", line 50775, in fz_load_page
    return _mupdf.fz_load_page(doc, number)
           ~~~~~~~~~~~~~~~~~~~^^^^^^^^^^^^^
pymupdf.mupdf.FzErrorFormat: code=7: cannot find page 3 in page tree
Traceback (most recent call last):
  File "C:\Python314\Lib\site-packages\pymupdf\__init__.py", line 3013, in __init__
    doc = mupdf.fz_open_document_with_stream_and_dir(suffix, fz_stream, archive.this)
  File "C:\Python314\Lib\site-packages\pymupdf\mupdf.py", line 53426, in fz_open_document_with_stream_and_dir
    return _mupdf.fz_open_document_with_stream_and_dir(magic, stream, dir)
           ~~~~~~~~~~~~~~~~~~~~~~~~~~~~~~~~~~~~~~~~~~~^^^^^^^^^^^^^^^^^^^^
pymupdf.mupdf.FzErrorFormat: code=7: no objects found

The above exception was the direct cause of the following exception:

Traceback (most recent call last):
  File "F:\开发软件项目文件\对练社交\batch_extract_docs.py", line 251, in main
    text = extract_pdf(f)
  File "F:\开发软件项目文件\对练社交\batch_extract_docs.py", line 84, in extract_pdf
    doc = pymupdf.open(pdf_path)
  File "C:\Python314\Lib\site-packages\pymupdf\__init__.py", line 3016, in __init__
    raise FileDataError(f'Failed to open file {filename!r} as type {suffix}.') from e
pymupdf.FileDataError: Failed to open file 'G:\\BaiduNetdiskDownload\\高情商话术\\B.精选好书合集\\人性密学66本合集\\52.《富人机密手稿》.pdf' as t
ype pdf.
Traceback (most recent call last):
  File "C:\Python314\Lib\site-packages\pymupdf\__init__.py", line 3013, in __init__
    doc = mupdf.fz_open_document_with_stream_and_dir(suffix, fz_stream, archive.this)
  File "C:\Python314\Lib\site-packages\pymupdf\mupdf.py", line 53426, in fz_open_document_with_stream_and_dir
    return _mupdf.fz_open_document_with_stream_and_dir(magic, stream, dir)
           ~~~~~~~~~~~~~~~~~~~~~~~~~~~~~~~~~~~~~~~~~~~^^^^^^^^^^^^^^^^^^^^
pymupdf.mupdf.FzErrorFormat: code=7: no objects found

The above exception was the direct cause of the following exception:

Traceback (most recent call last):
  File "F:\开发软件项目文件\对练社交\batch_extract_docs.py", line 251, in main
    text = extract_pdf(f)
  File "F:\开发软件项目文件\对练社交\batch_extract_docs.py", line 84, in extract_pdf
    doc = pymupdf.open(pdf_path)
  File "C:\Python314\Lib\site-packages\pymupdf\__init__.py", line 3016, in __init__
    raise FileDataError(f'Failed to open file {filename!r} as type {suffix}.') from e
pymupdf.FileDataError: Failed to open file 'G:\\BaiduNetdiskDownload\\高情商话术\\B.精选好书合集\\人性密学66本合集\\53.《人性探索大师1》.pdf' as 
type pdf.
Traceback (most recent call last):
  File "C:\Python314\Lib\site-packages\pymupdf\__init__.py", line 3013, in __init__
    doc = mupdf.fz_open_document_with_stream_and_dir(suffix, fz_stream, archive.this)
  File "C:\Python314\Lib\site-packages\pymupdf\mupdf.py", line 53426, in fz_open_document_with_stream_and_dir
    return _mupdf.fz_open_document_with_stream_and_dir(magic, stream, dir)
           ~~~~~~~~~~~~~~~~~~~~~~~~~~~~~~~~~~~~~~~~~~~^^^^^^^^^^^^^^^^^^^^
pymupdf.mupdf.FzErrorFormat: code=7: no objects found

The above exception was the direct cause of the following exception:

Traceback (most recent call last):
  File "F:\开发软件项目文件\对练社交\batch_extract_docs.py", line 251, in main
    text = extract_pdf(f)
  File "F:\开发软件项目文件\对练社交\batch_extract_docs.py", line 84, in extract_pdf
    doc = pymupdf.open(pdf_path)
  File "C:\Python314\Lib\site-packages\pymupdf\__init__.py", line 3016, in __init__
    raise FileDataError(f'Failed to open file {filename!r} as type {suffix}.') from e
pymupdf.FileDataError: Failed to open file 'G:\\BaiduNetdiskDownload\\高情商话术\\B.精选好书合集\\人性密学66本合集\\55.《人性探索大师3》.pdf' as 
type pdf.
Traceback (most recent call last):
  File "C:\Python314\Lib\site-packages\pymupdf\__init__.py", line 3013, in __init__
    doc = mupdf.fz_open_document_with_stream_and_dir(suffix, fz_stream, archive.this)
  File "C:\Python314\Lib\site-packages\pymupdf\mupdf.py", line 53426, in fz_open_document_with_stream_and_dir
    return _mupdf.fz_open_document_with_stream_and_dir(magic, stream, dir)
           ~~~~~~~~~~~~~~~~~~~~~~~~~~~~~~~~~~~~~~~~~~~^^^^^^^^^^^^^^^^^^^^
pymupdf.mupdf.FzErrorFormat: code=7: no objects found

The above exception was the direct cause of the following exception:

Traceback (most recent call last):
  File "F:\开发软件项目文件\对练社交\batch_extract_docs.py", line 251, in main
    text = extract_pdf(f)
  File "F:\开发软件项目文件\对练社交\batch_extract_docs.py", line 84, in extract_pdf
    doc = pymupdf.open(pdf_path)
  File "C:\Python314\Lib\site-packages\pymupdf\__init__.py", line 3016, in __init__
    raise FileDataError(f'Failed to open file {filename!r} as type {suffix}.') from e
pymupdf.FileDataError: Failed to open file 'G:\\BaiduNetdiskDownload\\高情商话术\\B.精选好书合集\\人性密学66本合集\\59.《大心机1》.pdf' as typ
e pdf.
Traceback (most recent call last):
  File "C:\Python314\Lib\site-packages\pymupdf\__init__.py", line 3013, in __init__
    doc = mupdf.fz_open_document_with_stream_and_dir(suffix, fz_stream, archive.this)
  File "C:\Python314\Lib\site-packages\pymupdf\mupdf.py", line 53426, in fz_open_document_with_stream_and_dir
    return _mupdf.fz_open_document_with_stream_and_dir(magic, stream, dir)
           ~~~~~~~~~~~~~~~~~~~~~~~~~~~~~~~~~~~~~~~~~~~^^^^^^^^^^^^^^^^^^^^
pymupdf.mupdf.FzErrorFormat: code=7: no objects found

The above exception was the direct cause of the following exception:

Traceback (most recent call last):
  File "F:\开发软件项目文件\对练社交\batch_extract_docs.py", line 251, in main
    text = extract_pdf(f)
  File "F:\开发软件项目文件\对练社交\batch_extract_docs.py", line 84, in extract_pdf
    doc = pymupdf.open(pdf_path)
  File "C:\Python314\Lib\site-packages\pymupdf\__init__.py", line 3016, in __init__
    raise FileDataError(f'Failed to open file {filename!r} as type {suffix}.') from e
pymupdf.FileDataError: Failed to open file 'G:\\BaiduNetdiskDownload\\高情商话术\\B.精选好书合集\\人性密学66本合集\\60.《大心机2》.pdf' as typ
e pdf.
Traceback (most recent call last):
  File "C:\Python314\Lib\site-packages\pymupdf\__init__.py", line 3013, in __init__
    doc = mupdf.fz_open_document_with_stream_and_dir(suffix, fz_stream, archive.this)
  File "C:\Python314\Lib\site-packages\pymupdf\mupdf.py", line 53426, in fz_open_document_with_stream_and_dir
    return _mupdf.fz_open_document_with_stream_and_dir(magic, stream, dir)
           ~~~~~~~~~~~~~~~~~~~~~~~~~~~~~~~~~~~~~~~~~~~^^^^^^^^^^^^^^^^^^^^
pymupdf.mupdf.FzErrorFormat: code=7: no objects found

The above exception was the direct cause of the following exception:

Traceback (most recent call last):
  File "F:\开发软件项目文件\对练社交\batch_extract_docs.py", line 251, in main
    text = extract_pdf(f)
  File "F:\开发软件项目文件\对练社交\batch_extract_docs.py", line 84, in extract_pdf
    doc = pymupdf.open(pdf_path)
  File "C:\Python314\Lib\site-packages\pymupdf\__init__.py", line 3016, in __init__
    raise FileDataError(f'Failed to open file {filename!r} as type {suffix}.') from e
pymupdf.FileDataError: Failed to open file 'G:\\BaiduNetdiskDownload\\高情商话术\\B.精选好书合集\\人性密学66本合集\\61.《大心机3》.pdf' as typ
e pdf.
Traceback (most recent call last):
  File "C:\Python314\Lib\site-packages\pymupdf\__init__.py", line 3013, in __init__
    doc = mupdf.fz_open_document_with_stream_and_dir(suffix, fz_stream, archive.this)
  File "C:\Python314\Lib\site-packages\pymupdf\mupdf.py", line 53426, in fz_open_document_with_stream_and_dir
    return _mupdf.fz_open_document_with_stream_and_dir(magic, stream, dir)
           ~~~~~~~~~~~~~~~~~~~~~~~~~~~~~~~~~~~~~~~~~~~^^^^^^^^^^^^^^^^^^^^
pymupdf.mupdf.FzErrorFormat: code=7: no objects found

The above exception was the direct cause of the following exception:

Traceback (most recent call last):
  File "F:\开发软件项目文件\对练社交\batch_extract_docs.py", line 251, in main
    text = extract_pdf(f)
  File "F:\开发软件项目文件\对练社交\batch_extract_docs.py", line 84, in extract_pdf
    doc = pymupdf.open(pdf_path)
  File "C:\Python314\Lib\site-packages\pymupdf\__init__.py", line 3016, in __init__
    raise FileDataError(f'Failed to open file {filename!r} as type {suffix}.') from e
pymupdf.FileDataError: Failed to open file 'G:\\BaiduNetdiskDownload\\高情商话术\\B.精选好书合集\\人性密学66本合集\\63.《掌控红尘中强大密码》.pdf' a
s type pdf.
Traceback (most recent call last):
  File "C:\Python314\Lib\site-packages\pymupdf\__init__.py", line 3013, in __init__
    doc = mupdf.fz_open_document_with_stream_and_dir(suffix, fz_stream, archive.this)
  File "C:\Python314\Lib\site-packages\pymupdf\mupdf.py", line 53426, in fz_open_document_with_stream_and_dir
    return _mupdf.fz_open_document_with_stream_and_dir(magic, stream, dir)
           ~~~~~~~~~~~~~~~~~~~~~~~~~~~~~~~~~~~~~~~~~~~^^^^^^^^^^^^^^^^^^^^
pymupdf.mupdf.FzErrorFormat: code=7: no objects found

The above exception was the direct cause of the following exception:

Traceback (most recent call last):
  File "F:\开发软件项目文件\对练社交\batch_extract_docs.py", line 251, in main
    text = extract_pdf(f)
  File "F:\开发软件项目文件\对练社交\batch_extract_docs.py", line 84, in extract_pdf
    doc = pymupdf.open(pdf_path)
  File "C:\Python314\Lib\site-packages\pymupdf\__init__.py", line 3016, in __init__
    raise FileDataError(f'Failed to open file {filename!r} as type {suffix}.') from e
pymupdf.FileDataError: Failed to open file 'G:\\BaiduNetdiskDownload\\高情商话术\\B.精选好书合集\\人性密学66本合集\\64.《人性要诀》.pdf' as typ
e pdf.
Traceback (most recent call last):
  File "C:\Python314\Lib\site-packages\pymupdf\__init__.py", line 3013, in __init__
    doc = mupdf.fz_open_document_with_stream_and_dir(suffix, fz_stream, archive.this)
  File "C:\Python314\Lib\site-packages\pymupdf\mupdf.py", line 53426, in fz_open_document_with_stream_and_dir
    return _mupdf.fz_open_document_with_stream_and_dir(magic, stream, dir)
           ~~~~~~~~~~~~~~~~~~~~~~~~~~~~~~~~~~~~~~~~~~~^^^^^^^^^^^^^^^^^^^^
pymupdf.mupdf.FzErrorFormat: code=7: no objects found

The above exception was the direct cause of the following exception:

Traceback (most recent call last):
  File "F:\开发软件项目文件\对练社交\batch_extract_docs.py", line 251, in main
    text = extract_pdf(f)
  File "F:\开发软件项目文件\对练社交\batch_extract_docs.py", line 84, in extract_pdf
    doc = pymupdf.open(pdf_path)
  File "C:\Python314\Lib\site-packages\pymupdf\__init__.py", line 3016, in __init__
    raise FileDataError(f'Failed to open file {filename!r} as type {suffix}.') from e
pymupdf.FileDataError: Failed to open file 'G:\\BaiduNetdiskDownload\\高情商话术\\B.精选好书合集\\人性密学66本合集\\65.《做局大师-人间博弈之术》.pdf'
 as type pdf.
  ✅ → 06-人性认知思维/47.《社会人心运作手册》.md (10KB)

[426/957] (45%) [06-人性认知思维] 48.《小人研究》.pdf
  ✅ → 06-人性认知思维/48.《小人研究》.md (10KB)

[427/957] (45%) [06-人性认知思维] 48.《玩转人性》.pdf
  ❌ 失败: Failed to open file 'G:\\BaiduNetdiskDownload\\高情商话术\\B.精选好书合集\\人性密学66本合集\\48.《玩转人性》.pdf' as type pdf.

[428/957] (45%) [06-人性认知思维] 49.《人性计谋计》.pdf
  ❌ 失败: Failed to open file 'G:\\BaiduNetdiskDownload\\高情商话术\\B.精选好书合集\\人性密学66本合集\\49.《人性计谋计》.pdf' as type pdf.

[429/957] (45%) [06-人性认知思维] 51.《人性宝典》.pdf
  ❌ 失败: code=7: cannot find page 3 in page tree

[430/957] (45%) [06-人性认知思维] 52.《富人机密手稿》.pdf
  ❌ 失败: Failed to open file 'G:\\BaiduNetdiskDownload\\高情商话术\\B.精选好书合集\\人性密学66本合集\\52.《富人机密手稿》.pdf' as type pdf.

[431/957] (45%) [06-人性认知思维] 53.《人性探索大师1》.pdf
  ❌ 失败: Failed to open file 'G:\\BaiduNetdiskDownload\\高情商话术\\B.精选好书合集\\人性密学66本合集\\53.《人性探索大师1》.pdf' as type pdf.

[432/957] (45%) [06-人性认知思维] 54.《人性探索大师2》.pdf
  ✅ → 06-人性认知思维/54.《人性探索大师2》.md (402KB)

[433/957] (45%) [06-人性认知思维] 55.《人性探索大师3》.pdf
  ❌ 失败: Failed to open file 'G:\\BaiduNetdiskDownload\\高情商话术\\B.精选好书合集\\人性密学66本合集\\55.《人性探索大师3》.pdf' as type pdf.

[434/957] (45%) [06-人性认知思维] 56.《格商》.pdf
  ⚠️ 空内容 → 跳过

[435/957] (45%) [06-人性认知思维] 58.《人性社交思维手册》.pdf
  ✅ → 06-人性认知思维/58.《人性社交思维手册》.md (3KB)

[436/957] (46%) [06-人性认知思维] 59.《大心机1》.pdf
  ❌ 失败: Failed to open file 'G:\\BaiduNetdiskDownload\\高情商话术\\B.精选好书合集\\人性密学66本合集\\59.《大心机1》.pdf' as type pdf.

[437/957] (46%) [06-人性认知思维] 60.《大心机2》.pdf
  ❌ 失败: Failed to open file 'G:\\BaiduNetdiskDownload\\高情商话术\\B.精选好书合集\\人性密学66本合集\\60.《大心机2》.pdf' as type pdf.

[438/957] (46%) [06-人性认知思维] 61.《大心机3》.pdf
  ❌ 失败: Failed to open file 'G:\\BaiduNetdiskDownload\\高情商话术\\B.精选好书合集\\人性密学66本合集\\61.《大心机3》.pdf' as type pdf.

[439/957] (46%) [06-人性认知思维] 62.《人性心理战》.pdf
  ✅ → 06-人性认知思维/62.《人性心理战》.md (29KB)

[440/957] (46%) [06-人性认知思维] 63.《掌控红尘中强大密码》.pdf
  ❌ 失败: Failed to open file 'G:\\BaiduNetdiskDownload\\高情商话术\\B.精选好书合集\\人性密学66本合集\\63.《掌控红尘中强大密码》.pdf' as type pdf.

[441/957] (46%) [06-人性认知思维] 64.《人性要诀》.pdf
  ❌ 失败: Failed to open file 'G:\\BaiduNetdiskDownload\\高情商话术\\B.精选好书合集\\人性密学66本合集\\64.《人性要诀》.pdf' as type pdf.

[442/957] (46%) [06-人性认知思维] 65.《做局大师-人间博弈之术》.pdf
  ❌ 失败: Failed to open file 'G:\\BaiduNetdiskDownload\\高情商话术\\B.精选好书合集\\人性密学66本合集\\65.《做局大师-人间博弈之术》.pdf' as type pdf.

[443/957] (46%) [06-人性认知思维] 66.《成长人性》.pdf
  ⚠️ 空内容 → 跳过

[444/957] (46%) [09-权谋思维] 1.《权谋家读道德经》.pdf
MuPDF error: format error: non-page object in page tree

  ✅ → 09-权谋思维/1.《权谋家读道德经》.md (23KB)

[445/957] (46%) [09-权谋思维] 10.《被遮蔽的真相》.pdf
  ✅ → 09-权谋思维/10.《被遮蔽的真相》.md (7KB)

[446/957] (47%) [09-权谋思维] 11.《鬼谷子智慧提炼》.pdf
  ⚠️ 空内容 → 跳过

[447/957] (47%) [09-权谋思维] 12.《大权谋家1.0》.pdf
MuPDF error: format error: object is not a stream

MuPDF error: syntax error: invalid ICC colorspace

MuPDF error: format error: object is not a stream

MuPDF error: syntax error: invalid ICC colorspace

MuPDF error: format error: object is not a stream

MuPDF error: syntax error: invalid ICC colorspace

MuPDF error: format error: object is not a stream

MuPDF error: syntax error: invalid ICC colorspace

MuPDF error: format error: object is not a stream

MuPDF error: syntax error: invalid ICC colorspace

MuPDF error: format error: object is not a stream

MuPDF error: syntax error: invalid ICC colorspace

MuPDF error: format error: object is not a stream

MuPDF error: syntax error: invalid ICC colorspace

MuPDF error: format error: object is not a stream

MuPDF error: syntax error: invalid ICC colorspace

MuPDF error: format error: object is not a stream

MuPDF error: syntax error: invalid ICC colorspace

MuPDF error: format error: object is not a stream

MuPDF error: syntax error: invalid ICC colorspace

MuPDF error: format error: object is not a stream

MuPDF error: syntax error: invalid ICC colorspace

MuPDF error: format error: object is not a stream

MuPDF error: syntax error: invalid ICC colorspace

MuPDF error: format error: object is not a stream

MuPDF error: syntax error: invalid ICC colorspace

MuPDF error: format error: object is not a stream

MuPDF error: syntax error: invalid ICC colorspace

MuPDF error: format error: object is not a stream

MuPDF error: syntax error: invalid ICC colorspace

MuPDF error: format error: object is not a stream

MuPDF error: syntax error: invalid ICC colorspace

MuPDF error: format error: object is not a stream

MuPDF error: syntax error: invalid ICC colorspace

MuPDF error: format error: object is not a stream

MuPDF error: syntax error: invalid ICC colorspace

MuPDF error: format error: object is not a stream

MuPDF error: syntax error: invalid ICC colorspace

MuPDF error: format error: object is not a stream

MuPDF error: syntax error: invalid ICC colorspace

MuPDF error: format error: object is not a stream

MuPDF error: syntax error: invalid ICC colorspace

MuPDF error: format error: object is not a stream

MuPDF error: syntax error: invalid ICC colorspace

MuPDF error: format error: object is not a stream

MuPDF error: syntax error: invalid ICC colorspace

MuPDF error: format error: object is not a stream

MuPDF error: syntax error: invalid ICC colorspace

MuPDF error: format error: object is not a stream

MuPDF error: syntax error: invalid ICC colorspace

MuPDF error: format error: object is not a stream

MuPDF error: syntax error: invalid ICC colorspace

MuPDF error: format error: object is not a stream

MuPDF error: syntax error: invalid ICC colorspace

MuPDF error: format error: object is not a stream

MuPDF error: syntax error: invalid ICC colorspace

MuPDF error: format error: object is not a stream

MuPDF error: syntax error: invalid ICC colorspace

MuPDF error: format error: object is not a stream

MuPDF error: syntax error: invalid ICC colorspace

MuPDF error: format error: object is not a stream

MuPDF error: syntax error: invalid ICC colorspace

MuPDF error: format error: object is not a stream

MuPDF error: syntax error: invalid ICC colorspace

MuPDF error: format error: object is not a stream

MuPDF error: syntax error: invalid ICC colorspace

MuPDF error: format error: object is not a stream

MuPDF error: syntax error: invalid ICC colorspace

MuPDF error: format error: object is not a stream

MuPDF error: syntax error: invalid ICC colorspace

MuPDF error: format error: object is not a stream

MuPDF error: syntax error: invalid ICC colorspace

MuPDF error: format error: object is not a stream

MuPDF error: syntax error: invalid ICC colorspace

MuPDF error: format error: object is not a stream

MuPDF error: syntax error: invalid ICC colorspace

MuPDF error: format error: object is not a stream

MuPDF error: syntax error: invalid ICC colorspace

MuPDF error: format error: object is not a stream

MuPDF error: syntax error: invalid ICC colorspace

MuPDF error: format error: object is not a stream

MuPDF error: syntax error: invalid ICC colorspace

MuPDF error: format error: object is not a stream

MuPDF error: syntax error: invalid ICC colorspace

MuPDF error: format error: object is not a stream

MuPDF error: syntax error: invalid ICC colorspace

MuPDF error: format error: object is not a stream

MuPDF error: syntax error: invalid ICC colorspace

MuPDF error: format error: object is not a stream

MuPDF error: syntax error: invalid ICC colorspace

MuPDF error: format error: object is not a stream

MuPDF error: syntax error: invalid ICC colorspace

MuPDF error: format error: object is not a stream

MuPDF error: syntax error: invalid ICC colorspace

MuPDF error: format error: object is not a stream

MuPDF error: syntax error: invalid ICC colorspace

MuPDF error: format error: object is not a stream

MuPDF error: syntax error: invalid ICC colorspace

MuPDF error: format error: object is not a stream

MuPDF error: syntax error: invalid ICC colorspace

MuPDF error: format error: object is not a stream

MuPDF error: syntax error: invalid ICC colorspace

MuPDF error: format error: object is not a stream

MuPDF error: syntax error: invalid ICC colorspace

MuPDF error: format error: object is not a stream

MuPDF error: syntax error: invalid ICC colorspace

MuPDF error: format error: object is not a stream

MuPDF error: syntax error: invalid ICC colorspace

MuPDF error: format error: object is not a stream

MuPDF error: syntax error: invalid ICC colorspace

MuPDF error: format error: object is not a stream

MuPDF error: syntax error: invalid ICC colorspace

MuPDF error: format error: object is not a stream

MuPDF error: syntax error: invalid ICC colorspace

MuPDF error: format error: object is not a stream

MuPDF error: syntax error: invalid ICC colorspace

MuPDF error: format error: object is not a stream

MuPDF error: syntax error: invalid ICC colorspace

MuPDF error: format error: object is not a stream

MuPDF error: syntax error: invalid ICC colorspace

MuPDF error: format error: object is not a stream

MuPDF error: syntax error: invalid ICC colorspace

MuPDF error: format error: object is not a stream

MuPDF error: syntax error: invalid ICC colorspace

MuPDF error: format error: object is not a stream

MuPDF error: syntax error: invalid ICC colorspace

MuPDF error: format error: object is not a stream

MuPDF error: syntax error: invalid ICC colorspace

MuPDF error: format error: object is not a stream

MuPDF error: syntax error: invalid ICC colorspace

MuPDF error: format error: object is not a stream

MuPDF error: syntax error: invalid ICC colorspace

MuPDF error: format error: object is not a stream

MuPDF error: syntax error: invalid ICC colorspace

MuPDF error: format error: object is not a stream

MuPDF error: syntax error: invalid ICC colorspace

MuPDF error: format error: object is not a stream

MuPDF error: syntax error: invalid ICC colorspace

MuPDF error: format error: object is not a stream

MuPDF error: syntax error: invalid ICC colorspace

MuPDF error: format error: object is not a stream

MuPDF error: syntax error: invalid ICC colorspace

MuPDF error: format error: object is not a stream

MuPDF error: syntax error: invalid ICC colorspace

MuPDF error: format error: object is not a stream

MuPDF error: syntax error: invalid ICC colorspace

MuPDF error: format error: object is not a stream

MuPDF error: syntax error: invalid ICC colorspace

MuPDF error: format error: object is not a stream

MuPDF error: syntax error: invalid ICC colorspace

MuPDF error: format error: object is not a stream

MuPDF error: syntax error: invalid ICC colorspace

MuPDF error: format error: object is not a stream

MuPDF error: syntax error: invalid ICC colorspace

MuPDF error: format error: object is not a stream

MuPDF error: syntax error: invalid ICC colorspace

MuPDF error: format error: object is not a stream

MuPDF error: syntax error: invalid ICC colorspace

MuPDF error: format error: object is not a stream

MuPDF error: syntax error: invalid ICC colorspace

MuPDF error: format error: object is not a stream

MuPDF error: syntax error: invalid ICC colorspace

MuPDF error: format error: object is not a stream

MuPDF error: syntax error: invalid ICC colorspace

MuPDF error: format error: object is not a stream

MuPDF error: syntax error: invalid ICC colorspace

MuPDF error: format error: object is not a stream

MuPDF error: syntax error: invalid ICC colorspace

MuPDF error: format error: object is not a stream

MuPDF error: syntax error: invalid ICC colorspace

MuPDF error: format error: object is not a stream

MuPDF error: syntax error: invalid ICC colorspace

MuPDF error: format error: object is not a stream

MuPDF error: syntax error: invalid ICC colorspace

MuPDF error: format error: object is not a stream

MuPDF error: syntax error: invalid ICC colorspace

MuPDF error: format error: object is not a stream

MuPDF error: syntax error: invalid ICC colorspace

MuPDF error: format error: object is not a stream

MuPDF error: syntax error: invalid ICC colorspace

MuPDF error: format error: object is not a stream

MuPDF error: syntax error: invalid ICC colorspace

MuPDF error: format error: object is not a stream

MuPDF error: syntax error: invalid ICC colorspace

MuPDF error: format error: object is not a stream

MuPDF error: syntax error: invalid ICC colorspace

MuPDF error: format error: object is not a stream

MuPDF error: syntax error: invalid ICC colorspace

MuPDF error: format error: object is not a stream

MuPDF error: syntax error: invalid ICC colorspace

MuPDF error: format error: object is not a stream

MuPDF error: syntax error: invalid ICC colorspace

MuPDF error: format error: object is not a stream

MuPDF error: syntax error: invalid ICC colorspace

MuPDF error: format error: object is not a stream

MuPDF error: syntax error: invalid ICC colorspace

MuPDF error: format error: object is not a stream

MuPDF error: syntax error: invalid ICC colorspace

MuPDF error: format error: object is not a stream

MuPDF error: syntax error: invalid ICC colorspace

MuPDF error: format error: object is not a stream

MuPDF error: syntax error: invalid ICC colorspace

MuPDF error: format error: object is not a stream

MuPDF error: syntax error: invalid ICC colorspace

MuPDF error: format error: object is not a stream

MuPDF error: syntax error: invalid ICC colorspace

MuPDF error: format error: object is not a stream

MuPDF error: syntax error: invalid ICC colorspace

MuPDF error: format error: object is not a stream

MuPDF error: syntax error: invalid ICC colorspace

MuPDF error: format error: object is not a stream

MuPDF error: syntax error: invalid ICC colorspace

MuPDF error: format error: object is not a stream

MuPDF error: syntax error: invalid ICC colorspace

MuPDF error: format error: object is not a stream

MuPDF error: syntax error: invalid ICC colorspace

MuPDF error: format error: object is not a stream

MuPDF error: syntax error: invalid ICC colorspace

MuPDF error: format error: object is not a stream

MuPDF error: syntax error: invalid ICC colorspace

MuPDF error: format error: object is not a stream

MuPDF error: syntax error: invalid ICC colorspace

MuPDF error: format error: object is not a stream

MuPDF error: syntax error: invalid ICC colorspace

MuPDF error: format error: object is not a stream

MuPDF error: syntax error: invalid ICC colorspace

MuPDF error: format error: object is not a stream

MuPDF error: syntax error: invalid ICC colorspace

MuPDF error: format error: object is not a stream

MuPDF error: syntax error: invalid ICC colorspace

MuPDF error: format error: object is not a stream

MuPDF error: syntax error: invalid ICC colorspace

MuPDF error: format error: object is not a stream

MuPDF error: syntax error: invalid ICC colorspace

MuPDF error: format error: object is not a stream

MuPDF error: syntax error: invalid ICC colorspace

MuPDF error: format error: object is not a stream

MuPDF error: syntax error: invalid ICC colorspace

MuPDF error: format error: object is not a stream

MuPDF error: syntax error: invalid ICC colorspace

MuPDF error: format error: object is not a stream

MuPDF error: syntax error: invalid ICC colorspace

MuPDF error: format error: object is not a stream

MuPDF error: syntax error: invalid ICC colorspace

MuPDF error: format error: object is not a stream

MuPDF error: syntax error: invalid ICC colorspace

MuPDF error: format error: object is not a stream

MuPDF error: syntax error: invalid ICC colorspace

MuPDF error: format error: object is not a stream

MuPDF error: syntax error: invalid ICC colorspace

MuPDF error: format error: object is not a stream

MuPDF error: syntax error: invalid ICC colorspace

MuPDF error: format error: object is not a stream

MuPDF error: syntax error: invalid ICC colorspace

MuPDF error: format error: object is not a stream

MuPDF error: syntax error: invalid ICC colorspace

MuPDF error: format error: object is not a stream

MuPDF error: syntax error: invalid ICC colorspace

MuPDF error: format error: object is not a stream

MuPDF error: syntax error: invalid ICC colorspace

MuPDF error: format error: object is not a stream

MuPDF error: syntax error: invalid ICC colorspace

MuPDF error: format error: object is not a stream

MuPDF error: syntax error: invalid ICC colorspace

MuPDF error: format error: object is not a stream

MuPDF error: syntax error: invalid ICC colorspace

MuPDF error: format error: object is not a stream

MuPDF error: syntax error: invalid ICC colorspace

MuPDF error: format error: object is not a stream

MuPDF error: syntax error: invalid ICC colorspace

MuPDF error: format error: object is not a stream

MuPDF error: syntax error: invalid ICC colorspace

MuPDF error: format error: object is not a stream

MuPDF error: syntax error: invalid ICC colorspace

MuPDF error: format error: object is not a stream

MuPDF error: syntax error: invalid ICC colorspace

MuPDF error: format error: object is not a stream

MuPDF error: syntax error: invalid ICC colorspace

MuPDF error: format error: object is not a stream

MuPDF error: syntax error: invalid ICC colorspace

MuPDF error: format error: object is not a stream

MuPDF error: syntax error: invalid ICC colorspace

MuPDF error: format error: object is not a stream

MuPDF error: syntax error: invalid ICC colorspace

MuPDF error: format error: object is not a stream

MuPDF error: syntax error: invalid ICC colorspace

MuPDF error: format error: object is not a stream

MuPDF error: syntax error: invalid ICC colorspace

MuPDF error: format error: object is not a stream

MuPDF error: syntax error: invalid ICC colorspace

MuPDF error: format error: object is not a stream

MuPDF error: syntax error: invalid ICC colorspace

MuPDF error: format error: object is not a stream

MuPDF error: syntax error: invalid ICC colorspace

MuPDF error: format error: object is not a stream

MuPDF error: syntax error: invalid ICC colorspace

MuPDF error: format error: object is not a stream

MuPDF error: syntax error: invalid ICC colorspace

MuPDF error: format error: object is not a stream

MuPDF error: syntax error: invalid ICC colorspace

MuPDF error: format error: object is not a stream

MuPDF error: syntax error: invalid ICC colorspace

MuPDF error: format error: object is not a stream

MuPDF error: syntax error: invalid ICC colorspace

MuPDF error: format error: object is not a stream

MuPDF error: syntax error: invalid ICC colorspace

MuPDF error: format error: object is not a stream

MuPDF error: syntax error: invalid ICC colorspace

MuPDF error: format error: object is not a stream

MuPDF error: syntax error: invalid ICC colorspace

MuPDF error: format error: object is not a stream

MuPDF error: syntax error: invalid ICC colorspace

MuPDF error: format error: object is not a stream

MuPDF error: syntax error: invalid ICC colorspace

MuPDF error: format error: object is not a stream

MuPDF error: syntax error: invalid ICC colorspace

MuPDF error: format error: object is not a stream

MuPDF error: syntax error: invalid ICC colorspace

MuPDF error: format error: object is not a stream

MuPDF error: syntax error: invalid ICC colorspace

MuPDF error: format error: object is not a stream

MuPDF error: syntax error: invalid ICC colorspace

MuPDF error: format error: object is not a stream

MuPDF error: syntax error: invalid ICC colorspace

MuPDF error: format error: object is not a stream

MuPDF error: syntax error: invalid ICC colorspace

MuPDF error: format error: object is not a stream

MuPDF error: syntax error: invalid ICC colorspace

MuPDF error: format error: object is not a stream

MuPDF error: syntax error: invalid ICC colorspace

MuPDF error: format error: object is not a stream

MuPDF error: syntax error: invalid ICC colorspace

MuPDF error: format error: object is not a stream

MuPDF error: syntax error: invalid ICC colorspace

MuPDF error: format error: object is not a stream

MuPDF error: syntax error: invalid ICC colorspace

MuPDF error: format error: object is not a stream

MuPDF error: syntax error: invalid ICC colorspace

MuPDF error: format error: object is not a stream

MuPDF error: syntax error: invalid ICC colorspace

MuPDF error: format error: object is not a stream

MuPDF error: syntax error: invalid ICC colorspace

MuPDF error: format error: object is not a stream

MuPDF error: syntax error: invalid ICC colorspace

MuPDF error: format error: object is not a stream

MuPDF error: syntax error: invalid ICC colorspace

MuPDF error: format error: object is not a stream

MuPDF error: syntax error: invalid ICC colorspace

MuPDF error: format error: object is not a stream

MuPDF error: syntax error: invalid ICC colorspace

MuPDF error: format error: object is not a stream

MuPDF error: syntax error: invalid ICC colorspace

MuPDF error: format error: object is not a stream

MuPDF error: syntax error: invalid ICC colorspace

MuPDF error: format error: object is not a stream

MuPDF error: syntax error: invalid ICC colorspace

MuPDF error: format error: object is not a stream

MuPDF error: syntax error: invalid ICC colorspace

MuPDF error: format error: object is not a stream

MuPDF error: syntax error: invalid ICC colorspace

MuPDF error: format error: object is not a stream

MuPDF error: syntax error: invalid ICC colorspace

MuPDF error: format error: object is not a stream

MuPDF error: syntax error: invalid ICC colorspace

MuPDF error: format error: object is not a stream

MuPDF error: syntax error: invalid ICC colorspace

MuPDF error: format error: object is not a stream

MuPDF error: syntax error: invalid ICC colorspace

MuPDF error: format error: object is not a stream

MuPDF error: syntax error: invalid ICC colorspace

MuPDF error: format error: object is not a stream

MuPDF error: syntax error: invalid ICC colorspace

MuPDF error: format error: object is not a stream

MuPDF error: syntax error: invalid ICC colorspace

MuPDF error: format error: object is not a stream

MuPDF error: syntax error: invalid ICC colorspace

MuPDF error: format error: object is not a stream

MuPDF error: syntax error: invalid ICC colorspace

MuPDF error: format error: object is not a stream

MuPDF error: syntax error: invalid ICC colorspace

MuPDF error: format error: object is not a stream

MuPDF error: syntax error: invalid ICC colorspace

MuPDF error: format error: object is not a stream

MuPDF error: syntax error: invalid ICC colorspace

MuPDF error: format error: object is not a stream

MuPDF error: syntax error: invalid ICC colorspace

MuPDF error: format error: object is not a stream

MuPDF error: syntax error: invalid ICC colorspace

MuPDF error: format error: object is not a stream

MuPDF error: syntax error: invalid ICC colorspace

MuPDF error: format error: object is not a stream

MuPDF error: syntax error: invalid ICC colorspace

MuPDF error: format error: object is not a stream

MuPDF error: syntax error: invalid ICC colorspace

MuPDF error: format error: object is not a stream

MuPDF error: syntax error: invalid ICC colorspace

MuPDF error: format error: object is not a stream

MuPDF error: syntax error: invalid ICC colorspace

MuPDF error: format error: object is not a stream

MuPDF error: syntax error: invalid ICC colorspace

MuPDF error: format error: object is not a stream

MuPDF error: syntax error: invalid ICC colorspace

MuPDF error: format error: object is not a stream

MuPDF error: syntax error: invalid ICC colorspace

MuPDF error: format error: object is not a stream

MuPDF error: syntax error: invalid ICC colorspace

MuPDF error: format error: object is not a stream

MuPDF error: syntax error: invalid ICC colorspace

MuPDF error: format error: object is not a stream

MuPDF error: syntax error: invalid ICC colorspace

MuPDF error: format error: object is not a stream

MuPDF error: syntax error: invalid ICC colorspace

MuPDF error: format error: object is not a stream

MuPDF error: syntax error: invalid ICC colorspace

MuPDF error: format error: object is not a stream

MuPDF error: syntax error: invalid ICC colorspace

MuPDF error: format error: object is not a stream

MuPDF error: syntax error: invalid ICC colorspace

MuPDF error: format error: object is not a stream

MuPDF error: syntax error: invalid ICC colorspace

MuPDF error: format error: object is not a stream

MuPDF error: syntax error: invalid ICC colorspace

MuPDF error: format error: object is not a stream

MuPDF error: syntax error: invalid ICC colorspace

MuPDF error: format error: object is not a stream

MuPDF error: syntax error: invalid ICC colorspace

MuPDF error: format error: object is not a stream

MuPDF error: syntax error: invalid ICC colorspace

MuPDF error: format error: object is not a stream

MuPDF error: syntax error: invalid ICC colorspace

MuPDF error: format error: object is not a stream

MuPDF error: syntax error: invalid ICC colorspace

MuPDF error: format error: object is not a stream

MuPDF error: syntax error: invalid ICC colorspace

MuPDF error: format error: object is not a stream

MuPDF error: syntax error: invalid ICC colorspace

MuPDF error: format error: object is not a stream

MuPDF error: syntax error: invalid ICC colorspace

MuPDF error: format error: object is not a stream

MuPDF error: syntax error: invalid ICC colorspace

MuPDF error: format error: object is not a stream

MuPDF error: syntax error: invalid ICC colorspace

MuPDF error: format error: object is not a stream

MuPDF error: syntax error: invalid ICC colorspace

MuPDF error: format error: object is not a stream

MuPDF error: syntax error: invalid ICC colorspace

MuPDF error: format error: object is not a stream

MuPDF error: syntax error: invalid ICC colorspace

MuPDF error: format error: object is not a stream

MuPDF error: syntax error: invalid ICC colorspace

MuPDF error: format error: object is not a stream

MuPDF error: syntax error: invalid ICC colorspace

MuPDF error: format error: object is not a stream

MuPDF error: syntax error: invalid ICC colorspace

MuPDF error: format error: object is not a stream

MuPDF error: syntax error: invalid ICC colorspace

MuPDF error: format error: object is not a stream

MuPDF error: syntax error: invalid ICC colorspace

MuPDF error: format error: object is not a stream

MuPDF error: syntax error: invalid ICC colorspace

MuPDF error: format error: object is not a stream

MuPDF error: syntax error: invalid ICC colorspace

MuPDF error: format error: object is not a stream

MuPDF error: syntax error: invalid ICC colorspace

MuPDF error: format error: object is not a stream

MuPDF error: syntax error: invalid ICC colorspace

MuPDF error: format error: object is not a stream

MuPDF error: syntax error: invalid ICC colorspace

MuPDF error: format error: object is not a stream

MuPDF error: syntax error: invalid ICC colorspace

MuPDF error: format error: object is not a stream

MuPDF error: syntax error: invalid ICC colorspace

MuPDF error: format error: object is not a stream

MuPDF error: syntax error: invalid ICC colorspace

MuPDF error: format error: object is not a stream

MuPDF error: syntax error: invalid ICC colorspace

MuPDF error: format error: object is not a stream

MuPDF error: syntax error: invalid ICC colorspace

MuPDF error: format error: object is not a stream

MuPDF error: syntax error: invalid ICC colorspace

MuPDF error: format error: object is not a stream

MuPDF error: syntax error: invalid ICC colorspace

MuPDF error: format error: object is not a stream

MuPDF error: syntax error: invalid ICC colorspace

MuPDF error: format error: object is not a stream

MuPDF error: syntax error: invalid ICC colorspace

MuPDF error: format error: object is not a stream

MuPDF error: syntax error: invalid ICC colorspace

MuPDF error: format error: object is not a stream

MuPDF error: syntax error: invalid ICC colorspace

MuPDF error: format error: object is not a stream

MuPDF error: syntax error: invalid ICC colorspace

MuPDF error: format error: object is not a stream

MuPDF error: syntax error: invalid ICC colorspace

MuPDF error: format error: object is not a stream

MuPDF error: syntax error: invalid ICC colorspace

MuPDF error: format error: object is not a stream

MuPDF error: syntax error: invalid ICC colorspace

MuPDF error: format error: object is not a stream

MuPDF error: syntax error: invalid ICC colorspace

MuPDF error: format error: object is not a stream

MuPDF error: syntax error: invalid ICC colorspace

MuPDF error: format error: object is not a stream

MuPDF error: syntax error: invalid ICC colorspace

MuPDF error: format error: object is not a stream

MuPDF error: syntax error: invalid ICC colorspace

MuPDF error: format error: object is not a stream

MuPDF error: syntax error: invalid ICC colorspace

MuPDF error: format error: object is not a stream

MuPDF error: syntax error: invalid ICC colorspace

MuPDF error: format error: object is not a stream

MuPDF error: syntax error: invalid ICC colorspace

MuPDF error: format error: object is not a stream

MuPDF error: syntax error: invalid ICC colorspace

MuPDF error: format error: object is not a stream

MuPDF error: syntax error: invalid ICC colorspace

MuPDF error: format error: object is not a stream

MuPDF error: syntax error: invalid ICC colorspace

MuPDF error: format error: object is not a stream

MuPDF error: syntax error: invalid ICC colorspace

MuPDF error: format error: object is not a stream

MuPDF error: syntax error: invalid ICC colorspace

MuPDF error: format error: object is not a stream

MuPDF error: syntax error: invalid ICC colorspace

MuPDF error: format error: object is not a stream

MuPDF error: syntax error: invalid ICC colorspace

MuPDF error: format error: object is not a stream

MuPDF error: syntax error: invalid ICC colorspace

MuPDF error: format error: object is not a stream

MuPDF error: syntax error: invalid ICC colorspace

MuPDF error: format error: object is not a stream

MuPDF error: syntax error: invalid ICC colorspace

MuPDF error: format error: object is not a stream

MuPDF error: syntax error: invalid ICC colorspace

MuPDF error: format error: object is not a stream

MuPDF error: syntax error: invalid ICC colorspace

MuPDF error: format error: object is not a stream

MuPDF error: syntax error: invalid ICC colorspace

MuPDF error: format error: object is not a stream

MuPDF error: syntax error: invalid ICC colorspace

MuPDF error: format error: object is not a stream

MuPDF error: syntax error: invalid ICC colorspace

MuPDF error: format error: object is not a stream

MuPDF error: syntax error: invalid ICC colorspace

MuPDF error: format error: object is not a stream

MuPDF error: syntax error: invalid ICC colorspace

MuPDF error: format error: object is not a stream

MuPDF error: syntax error: invalid ICC colorspace

MuPDF error: format error: object is not a stream

MuPDF error: syntax error: invalid ICC colorspace

MuPDF error: format error: object is not a stream

MuPDF error: syntax error: invalid ICC colorspace

MuPDF error: format error: object is not a stream

MuPDF error: syntax error: invalid ICC colorspace

MuPDF error: format error: object is not a stream

MuPDF error: syntax error: invalid ICC colorspace

MuPDF error: format error: object is not a stream

MuPDF error: syntax error: invalid ICC colorspace

MuPDF error: format error: object is not a stream

MuPDF error: syntax error: invalid ICC colorspace

MuPDF error: format error: object is not a stream

MuPDF error: syntax error: invalid ICC colorspace

MuPDF error: format error: object is not a stream

MuPDF error: syntax error: invalid ICC colorspace

MuPDF error: format error: object is not a stream

MuPDF error: syntax error: invalid ICC colorspace

MuPDF error: format error: object is not a stream

MuPDF error: syntax error: invalid ICC colorspace

MuPDF error: format error: object is not a stream

MuPDF error: syntax error: invalid ICC colorspace

MuPDF error: format error: object is not a stream

MuPDF error: syntax error: invalid ICC colorspace

MuPDF error: format error: object is not a stream

MuPDF error: syntax error: invalid ICC colorspace

MuPDF error: format error: object is not a stream

MuPDF error: syntax error: invalid ICC colorspace

MuPDF error: format error: object is not a stream

MuPDF error: syntax error: invalid ICC colorspace

MuPDF error: format error: object is not a stream

MuPDF error: syntax error: invalid ICC colorspace

MuPDF error: format error: object is not a stream

MuPDF error: syntax error: invalid ICC colorspace

MuPDF error: format error: object is not a stream

MuPDF error: syntax error: invalid ICC colorspace

MuPDF error: format error: object is not a stream

MuPDF error: syntax error: invalid ICC colorspace

MuPDF error: format error: object is not a stream

MuPDF error: syntax error: invalid ICC colorspace

MuPDF error: format error: object is not a stream

MuPDF error: syntax error: invalid ICC colorspace

MuPDF error: syntax error: no XObject subtype specified

MuPDF error: syntax error: no XObject subtype specified

MuPDF error: syntax error: no XObject subtype specified

MuPDF error: syntax error: no XObject subtype specified

MuPDF error: format error: object is not a stream

MuPDF error: syntax error: invalid ICC colorspace

MuPDF error: syntax error: no XObject subtype specified

MuPDF error: syntax error: no XObject subtype specified

MuPDF error: format error: object is not a stream

MuPDF error: syntax error: invalid ICC colorspace

  ✅ → 09-权谋思维/12.《大权谋家1.0》.md (10KB)

[448/957] (47%) [09-权谋思维] 12.《大权谋家2.0》.pdf
MuPDF error: format error: object is not a stream

MuPDF error: syntax error: invalid ICC colorspace

MuPDF error: syntax error: unknown cid font type

MuPDF error: syntax error: unknown cid font type

MuPDF error: syntax error: unknown cid font type

MuPDF error: syntax error: unknown cid font type

MuPDF error: syntax error: unknown cid font type

MuPDF error: syntax error: unknown cid font type

MuPDF error: syntax error: unknown cid font type

Traceback (most recent call last):
  File "C:\Python314\Lib\site-packages\pymupdf\__init__.py", line 3013, in __init__
    doc = mupdf.fz_open_document_with_stream_and_dir(suffix, fz_stream, archive.this)
  File "C:\Python314\Lib\site-packages\pymupdf\mupdf.py", line 53426, in fz_open_document_with_stream_and_dir
    return _mupdf.fz_open_document_with_stream_and_dir(magic, stream, dir)
           ~~~~~~~~~~~~~~~~~~~~~~~~~~~~~~~~~~~~~~~~~~~^^^^^^^^^^^^^^^^^^^^
pymupdf.mupdf.FzErrorFormat: code=7: no objects found

The above exception was the direct cause of the following exception:

Traceback (most recent call last):
  File "F:\开发软件项目文件\对练社交\batch_extract_docs.py", line 251, in main
    text = extract_pdf(f)
  File "F:\开发软件项目文件\对练社交\batch_extract_docs.py", line 84, in extract_pdf
    doc = pymupdf.open(pdf_path)
  File "C:\Python314\Lib\site-packages\pymupdf\__init__.py", line 3016, in __init__
    raise FileDataError(f'Failed to open file {filename!r} as type {suffix}.') from e
pymupdf.FileDataError: Failed to open file 'G:\\BaiduNetdiskDownload\\高情商话术\\B.精选好书合集\\做局权谋67本合集\\12.《大权谋家4.0》.pdf' as 
type pdf.
Traceback (most recent call last):
  File "C:\Python314\Lib\site-packages\pymupdf\__init__.py", line 3013, in __init__
    doc = mupdf.fz_open_document_with_stream_and_dir(suffix, fz_stream, archive.this)
  File "C:\Python314\Lib\site-packages\pymupdf\mupdf.py", line 53426, in fz_open_document_with_stream_and_dir
    return _mupdf.fz_open_document_with_stream_and_dir(magic, stream, dir)
           ~~~~~~~~~~~~~~~~~~~~~~~~~~~~~~~~~~~~~~~~~~~^^^^^^^^^^^^^^^^^^^^
pymupdf.mupdf.FzErrorFormat: code=7: no objects found

The above exception was the direct cause of the following exception:

Traceback (most recent call last):
  File "F:\开发软件项目文件\对练社交\batch_extract_docs.py", line 251, in main
    text = extract_pdf(f)
  File "F:\开发软件项目文件\对练社交\batch_extract_docs.py", line 84, in extract_pdf
    doc = pymupdf.open(pdf_path)
  File "C:\Python314\Lib\site-packages\pymupdf\__init__.py", line 3016, in __init__
    raise FileDataError(f'Failed to open file {filename!r} as type {suffix}.') from e
pymupdf.FileDataError: Failed to open file 'G:\\BaiduNetdiskDownload\\高情商话术\\B.精选好书合集\\做局权谋67本合集\\13.《揭秘取经门》.pdf' as ty
pe pdf.
Traceback (most recent call last):
  File "C:\Python314\Lib\site-packages\pymupdf\__init__.py", line 3013, in __init__
    doc = mupdf.fz_open_document_with_stream_and_dir(suffix, fz_stream, archive.this)
  File "C:\Python314\Lib\site-packages\pymupdf\mupdf.py", line 53426, in fz_open_document_with_stream_and_dir
    return _mupdf.fz_open_document_with_stream_and_dir(magic, stream, dir)
           ~~~~~~~~~~~~~~~~~~~~~~~~~~~~~~~~~~~~~~~~~~~^^^^^^^^^^^^^^^^^^^^
pymupdf.mupdf.FzErrorFormat: code=7: no objects found

The above exception was the direct cause of the following exception:

Traceback (most recent call last):
  File "F:\开发软件项目文件\对练社交\batch_extract_docs.py", line 251, in main
    text = extract_pdf(f)
  File "F:\开发软件项目文件\对练社交\batch_extract_docs.py", line 84, in extract_pdf
    doc = pymupdf.open(pdf_path)
  File "C:\Python314\Lib\site-packages\pymupdf\__init__.py", line 3016, in __init__
    raise FileDataError(f'Failed to open file {filename!r} as type {suffix}.') from e
pymupdf.FileDataError: Failed to open file 'G:\\BaiduNetdiskDownload\\高情商话术\\B.精选好书合集\\做局权谋67本合集\\14.《读三国有心机》.pdf' as t
ype pdf.
Traceback (most recent call last):
  File "C:\Python314\Lib\site-packages\pymupdf\__init__.py", line 3013, in __init__
    doc = mupdf.fz_open_document_with_stream_and_dir(suffix, fz_stream, archive.this)
  File "C:\Python314\Lib\site-packages\pymupdf\mupdf.py", line 53426, in fz_open_document_with_stream_and_dir
    return _mupdf.fz_open_document_with_stream_and_dir(magic, stream, dir)
           ~~~~~~~~~~~~~~~~~~~~~~~~~~~~~~~~~~~~~~~~~~~^^^^^^^^^^^^^^^^^^^^
pymupdf.mupdf.FzErrorFormat: code=7: no objects found

The above exception was the direct cause of the following exception:

Traceback (most recent call last):
  File "F:\开发软件项目文件\对练社交\batch_extract_docs.py", line 251, in main
    text = extract_pdf(f)
  File "F:\开发软件项目文件\对练社交\batch_extract_docs.py", line 84, in extract_pdf
    doc = pymupdf.open(pdf_path)
  File "C:\Python314\Lib\site-packages\pymupdf\__init__.py", line 3016, in __init__
    raise FileDataError(f'Failed to open file {filename!r} as type {suffix}.') from e
pymupdf.FileDataError: Failed to open file 'G:\\BaiduNetdiskDownload\\高情商话术\\B.精选好书合集\\做局权谋67本合集\\15.《谋道》.pdf' as type 
pdf.
Traceback (most recent call last):
  File "C:\Python314\Lib\site-packages\pymupdf\__init__.py", line 3013, in __init__
    doc = mupdf.fz_open_document_with_stream_and_dir(suffix, fz_stream, archive.this)
  File "C:\Python314\Lib\site-packages\pymupdf\mupdf.py", line 53426, in fz_open_document_with_stream_and_dir
    return _mupdf.fz_open_document_with_stream_and_dir(magic, stream, dir)
           ~~~~~~~~~~~~~~~~~~~~~~~~~~~~~~~~~~~~~~~~~~~^^^^^^^^^^^^^^^^^^^^
pymupdf.mupdf.FzErrorFormat: code=7: no objects found

The above exception was the direct cause of the following exception:

Traceback (most recent call last):
  File "F:\开发软件项目文件\对练社交\batch_extract_docs.py", line 251, in main
    text = extract_pdf(f)
  File "F:\开发软件项目文件\对练社交\batch_extract_docs.py", line 84, in extract_pdf
    doc = pymupdf.open(pdf_path)
  File "C:\Python314\Lib\site-packages\pymupdf\__init__.py", line 3016, in __init__
    raise FileDataError(f'Failed to open file {filename!r} as type {suffix}.') from e
pymupdf.FileDataError: Failed to open file 'G:\\BaiduNetdiskDownload\\高情商话术\\B.精选好书合集\\做局权谋67本合集\\18.《权谋思略》.pdf' as typ
e pdf.
Traceback (most recent call last):
  File "C:\Python314\Lib\site-packages\pymupdf\__init__.py", line 3013, in __init__
    doc = mupdf.fz_open_document_with_stream_and_dir(suffix, fz_stream, archive.this)
  File "C:\Python314\Lib\site-packages\pymupdf\mupdf.py", line 53426, in fz_open_document_with_stream_and_dir
    return _mupdf.fz_open_document_with_stream_and_dir(magic, stream, dir)
           ~~~~~~~~~~~~~~~~~~~~~~~~~~~~~~~~~~~~~~~~~~~^^^^^^^^^^^^^^^^^^^^
pymupdf.mupdf.FzErrorFormat: code=7: no objects found

The above exception was the direct cause of the following exception:

Traceback (most recent call last):
  File "F:\开发软件项目文件\对练社交\batch_extract_docs.py", line 251, in main
    text = extract_pdf(f)
  File "F:\开发软件项目文件\对练社交\batch_extract_docs.py", line 84, in extract_pdf
    doc = pymupdf.open(pdf_path)
  File "C:\Python314\Lib\site-packages\pymupdf\__init__.py", line 3016, in __init__
    raise FileDataError(f'Failed to open file {filename!r} as type {suffix}.') from e
pymupdf.FileDataError: Failed to open file 'G:\\BaiduNetdiskDownload\\高情商话术\\B.精选好书合集\\做局权谋67本合集\\20.《权谋暗流》.pdf' as typ
e pdf.
  ✅ → 09-权谋思维/12.《大权谋家2.0》.md (11KB)

[449/957] (47%) [09-权谋思维] 12.《大权谋家3.0》.pdf
  ⚠️ 空内容 → 跳过

[450/957] (47%) [09-权谋思维] 12.《大权谋家4.0》.pdf
  ❌ 失败: Failed to open file 'G:\\BaiduNetdiskDownload\\高情商话术\\B.精选好书合集\\做局权谋67本合集\\12.《大权谋家4.0》.pdf' as type pdf.

[451/957] (47%) [09-权谋思维] 13.《揭秘取经门》.pdf
  ❌ 失败: Failed to open file 'G:\\BaiduNetdiskDownload\\高情商话术\\B.精选好书合集\\做局权谋67本合集\\13.《揭秘取经门》.pdf' as type pdf.

[452/957] (47%) [09-权谋思维] 14.《读三国有心机》.pdf
  ❌ 失败: Failed to open file 'G:\\BaiduNetdiskDownload\\高情商话术\\B.精选好书合集\\做局权谋67本合集\\14.《读三国有心机》.pdf' as type pdf.

[453/957] (47%) [09-权谋思维] 15.《谋道》.pdf
  ❌ 失败: Failed to open file 'G:\\BaiduNetdiskDownload\\高情商话术\\B.精选好书合集\\做局权谋67本合集\\15.《谋道》.pdf' as type pdf.

[454/957] (47%) [09-权谋思维] 16.《布局绝学》.pdf
  ⚠️ 空内容 → 跳过

[455/957] (48%) [09-权谋思维] 17.《职场权谋厚黑术》.pdf
  ⚠️ 空内容 → 跳过

[456/957] (48%) [09-权谋思维] 18.《权谋思略》.pdf
  ❌ 失败: Failed to open file 'G:\\BaiduNetdiskDownload\\高情商话术\\B.精选好书合集\\做局权谋67本合集\\18.《权谋思略》.pdf' as type pdf.

[457/957] (48%) [09-权谋思维] 19.《天下无谋秘卷》第1本书.pdf
  ⚠️ 空内容 → 跳过

[458/957] (48%) [09-权谋思维] 19.《天下无谋秘卷》第2本.pdf
  ⚠️ 空内容 → 跳过

[459/957] (48%) [09-权谋思维] 19.《天下无谋秘卷》第3本.pdf
  ⚠️ 空内容 → 跳过

[460/957] (48%) [09-权谋思维] 19.《天下无谋秘卷》第4本.pdf
  ⚠️ 空内容 → 跳过

[461/957] (48%) [09-权谋思维] 19.《天下无谋秘卷》第5本.pdf
  ⚠️ 空内容 → 跳过

[462/957] (48%) [09-权谋思维] 19.《天下无谋秘卷》第6本.pdf
  ✅ → 09-权谋思维/19.《天下无谋秘卷》第6本.md (10KB)

[463/957] (48%) [09-权谋思维] 19.《天下无谋秘卷》第7本.pdf
  ✅ → 09-权谋思维/19.《天下无谋秘卷》第7本.md (10KB)

[464/957] (48%) [09-权谋思维] 19.《天下无谋秘卷》第8本.pdf
  ⚠️ 空内容 → 跳过

[465/957] (49%) [09-权谋思维] 2.《权谋通览》.pdf
  ⚠️ 空内容 → 跳过

[466/957] (49%) [09-权谋思维] 20.《权谋暗流》.pdf
  ❌ 失败: Failed to open file 'G:\\BaiduNetdiskDownload\\高情商话术\\B.精选好书合集\\做局权谋67本合集\\20.《权谋暗流》.pdf' as type pdf.

[467/957] (49%) [09-权谋思维] 21.《布局锦囊4.0》.pdf
MuPDF error: format error: non-page object in page tree

Traceback (most recent call last):
  File "C:\Python314\Lib\site-packages\pymupdf\__init__.py", line 3013, in __init__
    doc = mupdf.fz_open_document_with_stream_and_dir(suffix, fz_stream, archive.this)
  File "C:\Python314\Lib\site-packages\pymupdf\mupdf.py", line 53426, in fz_open_document_with_stream_and_dir
    return _mupdf.fz_open_document_with_stream_and_dir(magic, stream, dir)
           ~~~~~~~~~~~~~~~~~~~~~~~~~~~~~~~~~~~~~~~~~~~^^^^^^^^^^^^^^^^^^^^
pymupdf.mupdf.FzErrorFormat: code=7: no objects found

The above exception was the direct cause of the following exception:

Traceback (most recent call last):
  File "F:\开发软件项目文件\对练社交\batch_extract_docs.py", line 251, in main
    text = extract_pdf(f)
  File "F:\开发软件项目文件\对练社交\batch_extract_docs.py", line 84, in extract_pdf
    doc = pymupdf.open(pdf_path)
  File "C:\Python314\Lib\site-packages\pymupdf\__init__.py", line 3016, in __init__
    raise FileDataError(f'Failed to open file {filename!r} as type {suffix}.') from e
pymupdf.FileDataError: Failed to open file 'G:\\BaiduNetdiskDownload\\高情商话术\\B.精选好书合集\\做局权谋67本合集\\21.《帝王术通鉴全本》.pdf' as 
type pdf.
Traceback (most recent call last):
  File "C:\Python314\Lib\site-packages\pymupdf\__init__.py", line 3013, in __init__
    doc = mupdf.fz_open_document_with_stream_and_dir(suffix, fz_stream, archive.this)
  File "C:\Python314\Lib\site-packages\pymupdf\mupdf.py", line 53426, in fz_open_document_with_stream_and_dir
    return _mupdf.fz_open_document_with_stream_and_dir(magic, stream, dir)
           ~~~~~~~~~~~~~~~~~~~~~~~~~~~~~~~~~~~~~~~~~~~^^^^^^^^^^^^^^^^^^^^
pymupdf.mupdf.FzErrorFormat: code=7: no objects found

The above exception was the direct cause of the following exception:

Traceback (most recent call last):
  File "F:\开发软件项目文件\对练社交\batch_extract_docs.py", line 251, in main
    text = extract_pdf(f)
  File "F:\开发软件项目文件\对练社交\batch_extract_docs.py", line 84, in extract_pdf
    doc = pymupdf.open(pdf_path)
  File "C:\Python314\Lib\site-packages\pymupdf\__init__.py", line 3016, in __init__
    raise FileDataError(f'Failed to open file {filename!r} as type {suffix}.') from e
pymupdf.FileDataError: Failed to open file 'G:\\BaiduNetdiskDownload\\高情商话术\\B.精选好书合集\\做局权谋67本合集\\22.《权谋帝术》.pdf' as typ
e pdf.
  ✅ → 09-权谋思维/21.《布局锦囊4.0》.md (12KB)

[468/957] (49%) [09-权谋思维] 21.《帝王术通鉴全本》.pdf
  ❌ 失败: Failed to open file 'G:\\BaiduNetdiskDownload\\高情商话术\\B.精选好书合集\\做局权谋67本合集\\21.《帝王术通鉴全本》.pdf' as type pdf.

[469/957] (49%) [09-权谋思维] 22.《权谋帝术》.pdf
  ❌ 失败: Failed to open file 'G:\\BaiduNetdiskDownload\\高情商话术\\B.精选好书合集\\做局权谋67本合集\\22.《权谋帝术》.pdf' as type pdf.

[470/957] (49%) [09-权谋思维] 23.《天机38局》.pdf
MuPDF error: syntax error: unknown cid font type

MuPDF error: syntax error: unknown cid font type

MuPDF error: syntax error: unknown cid font type

MuPDF error: syntax error: unknown cid font type

MuPDF error: syntax error: unknown cid font type

MuPDF error: syntax error: unknown cid font type

MuPDF error: syntax error: unknown cid font type

MuPDF error: syntax error: unknown cid font type

MuPDF error: syntax error: unknown cid font type

MuPDF error: syntax error: unknown cid font type

MuPDF error: syntax error: unknown cid font type

MuPDF error: syntax error: unknown cid font type

MuPDF error: syntax error: unknown cid font type

MuPDF error: syntax error: unknown cid font type

MuPDF error: syntax error: unknown cid font type

MuPDF error: syntax error: unknown cid font type

MuPDF error: syntax error: unknown cid font type

MuPDF error: syntax error: unknown cid font type

MuPDF error: syntax error: unknown cid font type

MuPDF error: syntax error: unknown cid font type

MuPDF error: syntax error: unknown cid font type

MuPDF error: syntax error: unknown cid font type

MuPDF error: syntax error: unknown cid font type

MuPDF error: syntax error: unknown cid font type

MuPDF error: syntax error: unknown cid font type

MuPDF error: syntax error: unknown cid font type

MuPDF error: syntax error: unknown cid font type

MuPDF error: syntax error: unknown cid font type

MuPDF error: syntax error: unknown cid font type

MuPDF error: syntax error: unknown cid font type

MuPDF error: syntax error: unknown cid font type

MuPDF error: syntax error: unknown cid font type

MuPDF error: syntax error: unknown cid font type

MuPDF error: syntax error: unknown cid font type

MuPDF error: syntax error: unknown cid font type

MuPDF error: syntax error: unknown cid font type

MuPDF error: syntax error: unknown cid font type

MuPDF error: syntax error: unknown cid font type

MuPDF error: syntax error: unknown cid font type

MuPDF error: syntax error: unknown cid font type

MuPDF error: syntax error: unknown cid font type

MuPDF error: syntax error: unknown cid font type

MuPDF error: syntax error: unknown cid font type

MuPDF error: syntax error: unknown cid font type

MuPDF error: syntax error: unknown cid font type

MuPDF error: syntax error: unknown cid font type

MuPDF error: syntax error: unknown cid font type

MuPDF error: syntax error: unknown cid font type

MuPDF error: syntax error: unknown cid font type

MuPDF error: syntax error: unknown cid font type

MuPDF error: syntax error: unknown cid font type

MuPDF error: syntax error: unknown cid font type

MuPDF error: syntax error: unknown cid font type

MuPDF error: syntax error: unknown cid font type

MuPDF error: syntax error: unknown cid font type

MuPDF error: syntax error: unknown cid font type

MuPDF error: syntax error: unknown cid font type

MuPDF error: syntax error: unknown cid font type

MuPDF error: syntax error: unknown cid font type

MuPDF error: syntax error: unknown cid font type

MuPDF error: syntax error: unknown cid font type

MuPDF error: syntax error: unknown cid font type

MuPDF error: syntax error: unknown cid font type

MuPDF error: syntax error: unknown cid font type

MuPDF error: syntax error: unknown cid font type

MuPDF error: syntax error: unknown cid font type

MuPDF error: syntax error: unknown cid font type

MuPDF error: syntax error: unknown cid font type

MuPDF error: syntax error: unknown cid font type

MuPDF error: syntax error: unknown cid font type

MuPDF error: syntax error: unknown cid font type

MuPDF error: syntax error: unknown cid font type

MuPDF error: syntax error: unknown cid font type

MuPDF error: syntax error: unknown cid font type

MuPDF error: syntax error: unknown cid font type

MuPDF error: syntax error: unknown cid font type

MuPDF error: syntax error: unknown cid font type

MuPDF error: syntax error: unknown cid font type

MuPDF error: syntax error: unknown cid font type

MuPDF error: syntax error: unknown cid font type

MuPDF error: syntax error: unknown cid font type

MuPDF error: syntax error: unknown cid font type

MuPDF error: syntax error: unknown cid font type

MuPDF error: syntax error: unknown cid font type

MuPDF error: syntax error: unknown cid font type

MuPDF error: syntax error: unknown cid font type

MuPDF error: syntax error: unknown cid font type

MuPDF error: syntax error: unknown cid font type

MuPDF error: syntax error: unknown cid font type

MuPDF error: syntax error: unknown cid font type

MuPDF error: syntax error: unknown cid font type

MuPDF error: syntax error: unknown cid font type

MuPDF error: syntax error: unknown cid font type

MuPDF error: syntax error: unknown cid font type

MuPDF error: syntax error: unknown cid font type

MuPDF error: syntax error: unknown cid font type

MuPDF error: syntax error: unknown cid font type

MuPDF error: syntax error: unknown cid font type

MuPDF error: syntax error: unknown cid font type

MuPDF error: syntax error: unknown cid font type

MuPDF error: syntax error: unknown cid font type

MuPDF error: syntax error: unknown cid font type

MuPDF error: syntax error: unknown cid font type

MuPDF error: syntax error: unknown cid font type

MuPDF error: syntax error: unknown cid font type

MuPDF error: syntax error: unknown cid font type

MuPDF error: syntax error: unknown cid font type

MuPDF error: syntax error: unknown cid font type

MuPDF error: syntax error: unknown cid font type

MuPDF error: syntax error: unknown cid font type

MuPDF error: syntax error: unknown cid font type

MuPDF error: syntax error: unknown cid font type

MuPDF error: syntax error: unknown cid font type

MuPDF error: syntax error: unknown cid font type

MuPDF error: syntax error: unknown cid font type

MuPDF error: syntax error: unknown cid font type

MuPDF error: syntax error: unknown cid font type

MuPDF error: syntax error: unknown cid font type

MuPDF error: syntax error: unknown cid font type

MuPDF error: syntax error: unknown cid font type

MuPDF error: syntax error: unknown cid font type

MuPDF error: syntax error: unknown cid font type

MuPDF error: syntax error: unknown cid font type

MuPDF error: syntax error: unknown cid font type

MuPDF error: syntax error: unknown cid font type

MuPDF error: syntax error: unknown cid font type

MuPDF error: syntax error: unknown cid font type

MuPDF error: syntax error: unknown cid font type

MuPDF error: syntax error: unknown cid font type

MuPDF error: syntax error: unknown cid font type

MuPDF error: syntax error: unknown cid font type

MuPDF error: syntax error: unknown cid font type

MuPDF error: syntax error: unknown cid font type

MuPDF error: syntax error: unknown cid font type

MuPDF error: syntax error: unknown cid font type

MuPDF error: syntax error: unknown cid font type

MuPDF error: syntax error: unknown cid font type

MuPDF error: syntax error: unknown cid font type

MuPDF error: syntax error: unknown cid font type

MuPDF error: syntax error: unknown cid font type

MuPDF error: syntax error: unknown cid font type

MuPDF error: syntax error: unknown cid font type

MuPDF error: syntax error: unknown cid font type

MuPDF error: syntax error: unknown cid font type

MuPDF error: syntax error: unknown cid font type

MuPDF error: syntax error: unknown cid font type

MuPDF error: syntax error: unknown cid font type

MuPDF error: syntax error: unknown cid font type

MuPDF error: syntax error: unknown cid font type

MuPDF error: syntax error: unknown cid font type

MuPDF error: syntax error: unknown cid font type

MuPDF error: syntax error: unknown cid font type

MuPDF error: syntax error: unknown cid font type

MuPDF error: syntax error: unknown cid font type

MuPDF error: syntax error: unknown cid font type

MuPDF error: syntax error: unknown cid font type

MuPDF error: syntax error: unknown cid font type

MuPDF error: syntax error: unknown cid font type

MuPDF error: syntax error: unknown cid font type

MuPDF error: syntax error: unknown cid font type

MuPDF error: syntax error: unknown cid font type

MuPDF error: syntax error: unknown cid font type

MuPDF error: syntax error: unknown cid font type

MuPDF error: syntax error: unknown cid font type

MuPDF error: syntax error: unknown cid font type

MuPDF error: syntax error: unknown cid font type

MuPDF error: syntax error: unknown cid font type

MuPDF error: syntax error: unknown cid font type

MuPDF error: syntax error: unknown cid font type

MuPDF error: syntax error: unknown cid font type

MuPDF error: syntax error: unknown cid font type

MuPDF error: syntax error: unknown cid font type

MuPDF error: syntax error: unknown cid font type

MuPDF error: syntax error: unknown cid font type

MuPDF error: syntax error: unknown cid font type

MuPDF error: syntax error: unknown cid font type

MuPDF error: syntax error: unknown cid font type

MuPDF error: syntax error: unknown cid font type

MuPDF error: syntax error: unknown cid font type

MuPDF error: syntax error: unknown cid font type

MuPDF error: syntax error: unknown cid font type

MuPDF error: syntax error: unknown cid font type

MuPDF error: syntax error: unknown cid font type

MuPDF error: syntax error: unknown cid font type

MuPDF error: syntax error: unknown cid font type

MuPDF error: syntax error: unknown cid font type

MuPDF error: syntax error: unknown cid font type

MuPDF error: syntax error: unknown cid font type

MuPDF error: syntax error: unknown cid font type

MuPDF error: syntax error: unknown cid font type

MuPDF error: syntax error: unknown cid font type

MuPDF error: syntax error: unknown cid font type

MuPDF error: syntax error: unknown cid font type

MuPDF error: syntax error: unknown cid font type

MuPDF error: syntax error: unknown cid font type

MuPDF error: syntax error: unknown cid font type

MuPDF error: syntax error: unknown cid font type

MuPDF error: syntax error: unknown cid font type

MuPDF error: syntax error: unknown cid font type

MuPDF error: syntax error: unknown cid font type

MuPDF error: syntax error: unknown cid font type

MuPDF error: syntax error: unknown cid font type

MuPDF error: syntax error: unknown cid font type

MuPDF error: syntax error: unknown cid font type

MuPDF error: syntax error: unknown cid font type

MuPDF error: syntax error: unknown cid font type

MuPDF error: syntax error: unknown cid font type

MuPDF error: syntax error: unknown cid font type

MuPDF error: syntax error: unknown cid font type

MuPDF error: syntax error: unknown cid font type

MuPDF error: syntax error: unknown cid font type

MuPDF error: syntax error: unknown cid font type

MuPDF error: syntax error: unknown cid font type

MuPDF error: syntax error: unknown cid font type

MuPDF error: syntax error: unknown cid font type

MuPDF error: syntax error: unknown cid font type

MuPDF error: syntax error: unknown cid font type

MuPDF error: syntax error: unknown cid font type

MuPDF error: syntax error: unknown cid font type

MuPDF error: syntax error: unknown cid font type

MuPDF error: syntax error: unknown cid font type

MuPDF error: syntax error: unknown cid font type

MuPDF error: syntax error: unknown cid font type

MuPDF error: syntax error: unknown cid font type

MuPDF error: syntax error: unknown cid font type

MuPDF error: syntax error: unknown cid font type

MuPDF error: syntax error: unknown cid font type

MuPDF error: syntax error: unknown cid font type

MuPDF error: syntax error: unknown cid font type

MuPDF error: syntax error: unknown cid font type

MuPDF error: syntax error: unknown cid font type

MuPDF error: syntax error: unknown cid font type

MuPDF error: syntax error: unknown cid font type

MuPDF error: syntax error: unknown cid font type

MuPDF error: syntax error: unknown cid font type

MuPDF error: syntax error: unknown cid font type

MuPDF error: syntax error: unknown cid font type

MuPDF error: syntax error: unknown cid font type

MuPDF error: syntax error: unknown cid font type

MuPDF error: syntax error: unknown cid font type

MuPDF error: syntax error: unknown cid font type

MuPDF error: syntax error: unknown cid font type

MuPDF error: syntax error: unknown cid font type

MuPDF error: syntax error: unknown cid font type

MuPDF error: syntax error: unknown cid font type

MuPDF error: syntax error: unknown cid font type

MuPDF error: syntax error: unknown cid font type

MuPDF error: syntax error: unknown cid font type

MuPDF error: syntax error: unknown cid font type

MuPDF error: syntax error: unknown cid font type

MuPDF error: syntax error: unknown cid font type

MuPDF error: syntax error: unknown cid font type

MuPDF error: syntax error: unknown cid font type

MuPDF error: syntax error: unknown cid font type

MuPDF error: syntax error: unknown cid font type

MuPDF error: syntax error: unknown cid font type

MuPDF error: syntax error: unknown cid font type

MuPDF error: syntax error: unknown cid font type

MuPDF error: syntax error: unknown cid font type

MuPDF error: syntax error: unknown cid font type

MuPDF error: syntax error: unknown cid font type

MuPDF error: syntax error: unknown cid font type

MuPDF error: syntax error: unknown cid font type

MuPDF error: syntax error: unknown cid font type

MuPDF error: syntax error: unknown cid font type

MuPDF error: syntax error: unknown cid font type

MuPDF error: syntax error: unknown cid font type

MuPDF error: syntax error: unknown cid font type

MuPDF error: syntax error: unknown cid font type

MuPDF error: syntax error: unknown cid font type

MuPDF error: syntax error: unknown cid font type

MuPDF error: syntax error: unknown cid font type

MuPDF error: syntax error: unknown cid font type

MuPDF error: syntax error: unknown cid font type

MuPDF error: syntax error: unknown cid font type

MuPDF error: syntax error: unknown cid font type

MuPDF error: syntax error: unknown cid font type

MuPDF error: syntax error: unknown cid font type

MuPDF error: syntax error: unknown cid font type

MuPDF error: syntax error: unknown cid font type

MuPDF error: syntax error: unknown cid font type

MuPDF error: syntax error: unknown cid font type

MuPDF error: syntax error: unknown cid font type

MuPDF error: syntax error: unknown cid font type

MuPDF error: syntax error: unknown cid font type

MuPDF error: syntax error: unknown cid font type

MuPDF error: syntax error: unknown cid font type

MuPDF error: syntax error: unknown cid font type

MuPDF error: syntax error: unknown cid font type

MuPDF error: syntax error: unknown cid font type

MuPDF error: syntax error: unknown cid font type

MuPDF error: syntax error: unknown cid font type

MuPDF error: syntax error: unknown cid font type

MuPDF error: syntax error: unknown cid font type

MuPDF error: syntax error: unknown cid font type

MuPDF error: syntax error: unknown cid font type

MuPDF error: syntax error: unknown cid font type

MuPDF error: syntax error: unknown cid font type

MuPDF error: syntax error: unknown cid font type

MuPDF error: syntax error: unknown cid font type

MuPDF error: syntax error: unknown cid font type

MuPDF error: syntax error: unknown cid font type

MuPDF error: syntax error: unknown cid font type

MuPDF error: syntax error: unknown cid font type

MuPDF error: syntax error: unknown cid font type

MuPDF error: syntax error: unknown cid font type

MuPDF error: syntax error: unknown cid font type

MuPDF error: syntax error: unknown cid font type

MuPDF error: syntax error: unknown cid font type

MuPDF error: syntax error: unknown cid font type

MuPDF error: syntax error: unknown cid font type

MuPDF error: syntax error: unknown cid font type

MuPDF error: syntax error: unknown cid font type

MuPDF error: syntax error: unknown cid font type

MuPDF error: syntax error: unknown cid font type

MuPDF error: syntax error: unknown cid font type

MuPDF error: syntax error: unknown cid font type

MuPDF error: syntax error: unknown cid font type

MuPDF error: syntax error: unknown cid font type

MuPDF error: syntax error: unknown cid font type

MuPDF error: syntax error: unknown cid font type

MuPDF error: syntax error: unknown cid font type

MuPDF error: syntax error: unknown cid font type

MuPDF error: syntax error: unknown cid font type

MuPDF error: syntax error: unknown cid font type

MuPDF error: syntax error: unknown cid font type

MuPDF error: syntax error: unknown cid font type

MuPDF error: syntax error: unknown cid font type

MuPDF error: syntax error: unknown cid font type

MuPDF error: syntax error: unknown cid font type

MuPDF error: syntax error: unknown cid font type

MuPDF error: syntax error: unknown cid font type

MuPDF error: syntax error: unknown cid font type

MuPDF error: syntax error: unknown cid font type

MuPDF error: syntax error: unknown cid font type

MuPDF error: syntax error: unknown cid font type

MuPDF error: syntax error: unknown cid font type

MuPDF error: syntax error: unknown cid font type

MuPDF error: syntax error: unknown cid font type

MuPDF error: syntax error: unknown cid font type

MuPDF error: syntax error: unknown cid font type

MuPDF error: syntax error: unknown cid font type

MuPDF error: syntax error: unknown cid font type

MuPDF error: syntax error: unknown cid font type

MuPDF error: syntax error: unknown cid font type

MuPDF error: syntax error: unknown cid font type

MuPDF error: syntax error: unknown cid font type

MuPDF error: syntax error: unknown cid font type

MuPDF error: syntax error: unknown cid font type

MuPDF error: syntax error: unknown cid font type

MuPDF error: syntax error: unknown cid font type

MuPDF error: syntax error: unknown cid font type

MuPDF error: syntax error: unknown cid font type

MuPDF error: syntax error: unknown cid font type

MuPDF error: syntax error: unknown cid font type

MuPDF error: syntax error: unknown cid font type

MuPDF error: syntax error: unknown cid font type

MuPDF error: syntax error: unknown cid font type

MuPDF error: syntax error: unknown cid font type

MuPDF error: syntax error: unknown cid font type

MuPDF error: syntax error: unknown cid font type

MuPDF error: syntax error: unknown cid font type

MuPDF error: syntax error: unknown cid font type

MuPDF error: syntax error: unknown cid font type

MuPDF error: syntax error: unknown cid font type

MuPDF error: syntax error: unknown cid font type

MuPDF error: syntax error: unknown cid font type

MuPDF error: syntax error: unknown cid font type

MuPDF error: syntax error: unknown cid font type

MuPDF error: syntax error: unknown cid font type

MuPDF error: syntax error: unknown cid font type

MuPDF error: syntax error: unknown cid font type

MuPDF error: syntax error: unknown cid font type

MuPDF error: syntax error: unknown cid font type

MuPDF error: syntax error: unknown cid font type

MuPDF error: syntax error: unknown cid font type

MuPDF error: syntax error: unknown cid font type

MuPDF error: syntax error: unknown cid font type

MuPDF error: syntax error: unknown cid font type

MuPDF error: syntax error: unknown cid font type

MuPDF error: syntax error: unknown cid font type

MuPDF error: syntax error: unknown cid font type

MuPDF error: syntax error: unknown cid font type

MuPDF error: syntax error: unknown cid font type

MuPDF error: syntax error: unknown cid font type

MuPDF error: syntax error: unknown cid font type

MuPDF error: syntax error: unknown cid font type

MuPDF error: syntax error: unknown cid font type

MuPDF error: syntax error: unknown cid font type

MuPDF error: syntax error: unknown cid font type

MuPDF error: syntax error: unknown cid font type

MuPDF error: syntax error: unknown cid font type

MuPDF error: syntax error: unknown cid font type

MuPDF error: syntax error: unknown cid font type

MuPDF error: syntax error: unknown cid font type

MuPDF error: syntax error: unknown cid font type

MuPDF error: syntax error: unknown cid font type

MuPDF error: syntax error: unknown cid font type

MuPDF error: syntax error: unknown cid font type

MuPDF error: syntax error: unknown cid font type

MuPDF error: syntax error: unknown cid font type

MuPDF error: syntax error: unknown cid font type

MuPDF error: syntax error: unknown cid font type

MuPDF error: syntax error: unknown cid font type

MuPDF error: syntax error: unknown cid font type

MuPDF error: syntax error: unknown cid font type

MuPDF error: syntax error: unknown cid font type

MuPDF error: syntax error: unknown cid font type

MuPDF error: syntax error: unknown cid font type

MuPDF error: syntax error: unknown cid font type

MuPDF error: syntax error: unknown cid font type

MuPDF error: syntax error: unknown cid font type

MuPDF error: syntax error: unknown cid font type

MuPDF error: syntax error: unknown cid font type

MuPDF error: syntax error: unknown cid font type

MuPDF error: syntax error: unknown cid font type

MuPDF error: syntax error: unknown cid font type

MuPDF error: syntax error: unknown cid font type

MuPDF error: syntax error: unknown cid font type

MuPDF error: syntax error: unknown cid font type

MuPDF error: syntax error: unknown cid font type

MuPDF error: syntax error: unknown cid font type

MuPDF error: syntax error: unknown cid font type

MuPDF error: syntax error: unknown cid font type

MuPDF error: syntax error: unknown cid font type

MuPDF error: syntax error: unknown cid font type

MuPDF error: syntax error: unknown cid font type

MuPDF error: syntax error: unknown cid font type

MuPDF error: syntax error: unknown cid font type

MuPDF error: syntax error: unknown cid font type

MuPDF error: syntax error: unknown cid font type

MuPDF error: syntax error: unknown cid font type

MuPDF error: syntax error: unknown cid font type

MuPDF error: syntax error: unknown cid font type

MuPDF error: syntax error: unknown cid font type

MuPDF error: syntax error: unknown cid font type

MuPDF error: syntax error: unknown cid font type

MuPDF error: syntax error: unknown cid font type

MuPDF error: syntax error: unknown cid font type

MuPDF error: syntax error: unknown cid font type

MuPDF error: syntax error: unknown cid font type

MuPDF error: syntax error: unknown cid font type

MuPDF error: syntax error: unknown cid font type

MuPDF error: syntax error: unknown cid font type

MuPDF error: syntax error: unknown cid font type

MuPDF error: syntax error: unknown cid font type

MuPDF error: syntax error: unknown cid font type

MuPDF error: syntax error: unknown cid font type

MuPDF error: syntax error: unknown cid font type

MuPDF error: syntax error: unknown cid font type

MuPDF error: syntax error: unknown cid font type

MuPDF error: syntax error: unknown cid font type

MuPDF error: syntax error: unknown cid font type

MuPDF error: syntax error: unknown cid font type

MuPDF error: syntax error: unknown cid font type

MuPDF error: syntax error: unknown cid font type

MuPDF error: syntax error: unknown cid font type

MuPDF error: syntax error: unknown cid font type

MuPDF error: syntax error: unknown cid font type

MuPDF error: syntax error: unknown cid font type

MuPDF error: syntax error: unknown cid font type

MuPDF error: syntax error: unknown cid font type

MuPDF error: syntax error: unknown cid font type

MuPDF error: syntax error: unknown cid font type

MuPDF error: syntax error: unknown cid font type

MuPDF error: syntax error: unknown cid font type

MuPDF error: syntax error: unknown cid font type

MuPDF error: syntax error: unknown cid font type

MuPDF error: syntax error: unknown cid font type

MuPDF error: syntax error: unknown cid font type

MuPDF error: syntax error: unknown cid font type

MuPDF error: syntax error: unknown cid font type

MuPDF error: syntax error: unknown cid font type

MuPDF error: syntax error: unknown cid font type

MuPDF error: syntax error: unknown cid font type

MuPDF error: syntax error: unknown cid font type

MuPDF error: syntax error: unknown cid font type

MuPDF error: syntax error: unknown cid font type

MuPDF error: syntax error: unknown cid font type

MuPDF error: syntax error: unknown cid font type

MuPDF error: syntax error: unknown cid font type

MuPDF error: syntax error: unknown cid font type

MuPDF error: syntax error: unknown cid font type

MuPDF error: syntax error: unknown cid font type

MuPDF error: syntax error: unknown cid font type

MuPDF error: syntax error: unknown cid font type

MuPDF error: syntax error: unknown cid font type

MuPDF error: syntax error: unknown cid font type

MuPDF error: syntax error: unknown cid font type

MuPDF error: syntax error: unknown cid font type

MuPDF error: syntax error: unknown cid font type

MuPDF error: syntax error: unknown cid font type

MuPDF error: syntax error: unknown cid font type

MuPDF error: syntax error: unknown cid font type

MuPDF error: syntax error: unknown cid font type

MuPDF error: syntax error: unknown cid font type

MuPDF error: syntax error: unknown cid font type

MuPDF error: syntax error: unknown cid font type

MuPDF error: syntax error: unknown cid font type

MuPDF error: syntax error: unknown cid font type

MuPDF error: syntax error: unknown cid font type

MuPDF error: syntax error: unknown cid font type

MuPDF error: syntax error: unknown cid font type

MuPDF error: syntax error: unknown cid font type

MuPDF error: syntax error: unknown cid font type

MuPDF error: syntax error: unknown cid font type

MuPDF error: syntax error: unknown cid font type

MuPDF error: syntax error: unknown cid font type

MuPDF error: syntax error: unknown cid font type

MuPDF error: syntax error: unknown cid font type

MuPDF error: syntax error: unknown cid font type

MuPDF error: syntax error: unknown cid font type

MuPDF error: syntax error: unknown cid font type

MuPDF error: syntax error: unknown cid font type

MuPDF error: syntax error: unknown cid font type

MuPDF error: syntax error: unknown cid font type

MuPDF error: syntax error: unknown cid font type

MuPDF error: syntax error: unknown cid font type

MuPDF error: syntax error: unknown cid font type

MuPDF error: syntax error: unknown cid font type

MuPDF error: syntax error: unknown cid font type

MuPDF error: syntax error: unknown cid font type

MuPDF error: syntax error: unknown cid font type

MuPDF error: syntax error: unknown cid font type

MuPDF error: syntax error: unknown cid font type

MuPDF error: syntax error: unknown cid font type

MuPDF error: syntax error: unknown cid font type

MuPDF error: syntax error: unknown cid font type

MuPDF error: syntax error: unknown cid font type

MuPDF error: syntax error: unknown cid font type

MuPDF error: syntax error: unknown cid font type

MuPDF error: syntax error: unknown cid font type

MuPDF error: syntax error: unknown cid font type

MuPDF error: syntax error: unknown cid font type

MuPDF error: syntax error: unknown cid font type

MuPDF error: syntax error: unknown cid font type

MuPDF error: syntax error: unknown cid font type

MuPDF error: syntax error: unknown cid font type

MuPDF error: syntax error: unknown cid font type

MuPDF error: syntax error: unknown cid font type

MuPDF error: syntax error: unknown cid font type

MuPDF error: syntax error: unknown cid font type

MuPDF error: syntax error: unknown cid font type

MuPDF error: syntax error: unknown cid font type

MuPDF error: syntax error: unknown cid font type

MuPDF error: syntax error: unknown cid font type

MuPDF error: syntax error: unknown cid font type

MuPDF error: syntax error: unknown cid font type

MuPDF error: syntax error: unknown cid font type

MuPDF error: syntax error: unknown cid font type

MuPDF error: syntax error: unknown cid font type

MuPDF error: syntax error: unknown cid font type

MuPDF error: syntax error: unknown cid font type

MuPDF error: syntax error: unknown cid font type

MuPDF error: syntax error: unknown cid font type

MuPDF error: syntax error: unknown cid font type

MuPDF error: syntax error: unknown cid font type

MuPDF error: syntax error: unknown cid font type

MuPDF error: syntax error: unknown cid font type

MuPDF error: syntax error: unknown cid font type

MuPDF error: syntax error: unknown cid font type

MuPDF error: syntax error: unknown cid font type

MuPDF error: syntax error: unknown cid font type

MuPDF error: syntax error: unknown cid font type

MuPDF error: syntax error: unknown cid font type

MuPDF error: syntax error: unknown cid font type

MuPDF error: syntax error: unknown cid font type

MuPDF error: syntax error: unknown cid font type

MuPDF error: syntax error: unknown cid font type

MuPDF error: syntax error: unknown cid font type

MuPDF error: syntax error: unknown cid font type

MuPDF error: syntax error: unknown cid font type

MuPDF error: syntax error: unknown cid font type

MuPDF error: syntax error: unknown cid font type

MuPDF error: syntax error: unknown cid font type

MuPDF error: syntax error: unknown cid font type

MuPDF error: syntax error: unknown cid font type

MuPDF error: syntax error: unknown cid font type

MuPDF error: syntax error: unknown cid font type

MuPDF error: syntax error: unknown cid font type

MuPDF error: syntax error: unknown cid font type

MuPDF error: syntax error: unknown cid font type

MuPDF error: syntax error: unknown cid font type

MuPDF error: syntax error: unknown cid font type

MuPDF error: syntax error: unknown cid font type

MuPDF error: syntax error: unknown cid font type

MuPDF error: syntax error: unknown cid font type

MuPDF error: syntax error: unknown cid font type

MuPDF error: syntax error: unknown cid font type

MuPDF error: syntax error: unknown cid font type

MuPDF error: syntax error: unknown cid font type

MuPDF error: syntax error: unknown cid font type

MuPDF error: syntax error: unknown cid font type

MuPDF error: syntax error: unknown cid font type

MuPDF error: syntax error: unknown cid font type

MuPDF error: syntax error: unknown cid font type

MuPDF error: syntax error: unknown cid font type

MuPDF error: syntax error: unknown cid font type

MuPDF error: syntax error: unknown cid font type

MuPDF error: syntax error: unknown cid font type

MuPDF error: syntax error: unknown cid font type

MuPDF error: syntax error: unknown cid font type

MuPDF error: syntax error: unknown cid font type

MuPDF error: syntax error: unknown cid font type

MuPDF error: syntax error: unknown cid font type

MuPDF error: syntax error: unknown cid font type

MuPDF error: syntax error: unknown cid font type

MuPDF error: syntax error: unknown cid font type

MuPDF error: syntax error: unknown cid font type

MuPDF error: syntax error: unknown cid font type

MuPDF error: syntax error: unknown cid font type

MuPDF error: syntax error: unknown cid font type

MuPDF error: syntax error: unknown cid font type

MuPDF error: syntax error: unknown cid font type

MuPDF error: syntax error: unknown cid font type

MuPDF error: syntax error: unknown cid font type

MuPDF error: syntax error: unknown cid font type

MuPDF error: syntax error: unknown cid font type

MuPDF error: syntax error: unknown cid font type

MuPDF error: syntax error: unknown cid font type

  ✅ → 09-权谋思维/23.《天机38局》.md (6KB)

[471/957] (49%) [09-权谋思维] 24.《生而贫穷》.pdf
  ⚠️ 空内容 → 跳过

[472/957] (49%) [09-权谋思维] 25.《谋逆》.pdf
  ⚠️ 空内容 → 跳过

[473/957] (49%) [09-权谋思维] 26.《谋略之道》.pdf
MuPDF error: format error: non-page object in page tree

Traceback (most recent call last):
  File "C:\Python314\Lib\site-packages\pymupdf\__init__.py", line 3013, in __init__
    doc = mupdf.fz_open_document_with_stream_and_dir(suffix, fz_stream, archive.this)
  File "C:\Python314\Lib\site-packages\pymupdf\mupdf.py", line 53426, in fz_open_document_with_stream_and_dir
    return _mupdf.fz_open_document_with_stream_and_dir(magic, stream, dir)
           ~~~~~~~~~~~~~~~~~~~~~~~~~~~~~~~~~~~~~~~~~~~^^^^^^^^^^^^^^^^^^^^
pymupdf.mupdf.FzErrorFormat: code=7: no objects found

The above exception was the direct cause of the following exception:

Traceback (most recent call last):
  File "F:\开发软件项目文件\对练社交\batch_extract_docs.py", line 251, in main
    text = extract_pdf(f)
  File "F:\开发软件项目文件\对练社交\batch_extract_docs.py", line 84, in extract_pdf
    doc = pymupdf.open(pdf_path)
  File "C:\Python314\Lib\site-packages\pymupdf\__init__.py", line 3016, in __init__
    raise FileDataError(f'Failed to open file {filename!r} as type {suffix}.') from e
pymupdf.FileDataError: Failed to open file 'G:\\BaiduNetdiskDownload\\高情商话术\\B.精选好书合集\\做局权谋67本合集\\27.《韩非子的权术智慧》.pdf' as
 type pdf.
Traceback (most recent call last):
  File "C:\Python314\Lib\site-packages\pymupdf\__init__.py", line 3013, in __init__
    doc = mupdf.fz_open_document_with_stream_and_dir(suffix, fz_stream, archive.this)
  File "C:\Python314\Lib\site-packages\pymupdf\mupdf.py", line 53426, in fz_open_document_with_stream_and_dir
    return _mupdf.fz_open_document_with_stream_and_dir(magic, stream, dir)
           ~~~~~~~~~~~~~~~~~~~~~~~~~~~~~~~~~~~~~~~~~~~^^^^^^^^^^^^^^^^^^^^
pymupdf.mupdf.FzErrorFormat: code=7: no objects found

The above exception was the direct cause of the following exception:

Traceback (most recent call last):
  File "F:\开发软件项目文件\对练社交\batch_extract_docs.py", line 251, in main
    text = extract_pdf(f)
  File "F:\开发软件项目文件\对练社交\batch_extract_docs.py", line 84, in extract_pdf
    doc = pymupdf.open(pdf_path)
  File "C:\Python314\Lib\site-packages\pymupdf\__init__.py", line 3016, in __init__
    raise FileDataError(f'Failed to open file {filename!r} as type {suffix}.') from e
pymupdf.FileDataError: Failed to open file 'G:\\BaiduNetdiskDownload\\高情商话术\\B.精选好书合集\\做局权谋67本合集\\28.《权谋深度》.pdf' as typ
e pdf.
Traceback (most recent call last):
  File "C:\Python314\Lib\site-packages\pymupdf\__init__.py", line 3013, in __init__
    doc = mupdf.fz_open_document_with_stream_and_dir(suffix, fz_stream, archive.this)
  File "C:\Python314\Lib\site-packages\pymupdf\mupdf.py", line 53426, in fz_open_document_with_stream_and_dir
    return _mupdf.fz_open_document_with_stream_and_dir(magic, stream, dir)
           ~~~~~~~~~~~~~~~~~~~~~~~~~~~~~~~~~~~~~~~~~~~^^^^^^^^^^^^^^^^^^^^
pymupdf.mupdf.FzErrorFormat: code=7: no objects found

The above exception was the direct cause of the following exception:

Traceback (most recent call last):
  File "F:\开发软件项目文件\对练社交\batch_extract_docs.py", line 251, in main
    text = extract_pdf(f)
  File "F:\开发软件项目文件\对练社交\batch_extract_docs.py", line 84, in extract_pdf
    doc = pymupdf.open(pdf_path)
  File "C:\Python314\Lib\site-packages\pymupdf\__init__.py", line 3016, in __init__
    raise FileDataError(f'Failed to open file {filename!r} as type {suffix}.') from e
pymupdf.FileDataError: Failed to open file 'G:\\BaiduNetdiskDownload\\高情商话术\\B.精选好书合集\\做局权谋67本合集\\30.《太傻天书》.pdf' as typ
e pdf.
Traceback (most recent call last):
  File "C:\Python314\Lib\site-packages\pymupdf\__init__.py", line 3013, in __init__
    doc = mupdf.fz_open_document_with_stream_and_dir(suffix, fz_stream, archive.this)
  File "C:\Python314\Lib\site-packages\pymupdf\mupdf.py", line 53426, in fz_open_document_with_stream_and_dir
    return _mupdf.fz_open_document_with_stream_and_dir(magic, stream, dir)
           ~~~~~~~~~~~~~~~~~~~~~~~~~~~~~~~~~~~~~~~~~~~^^^^^^^^^^^^^^^^^^^^
pymupdf.mupdf.FzErrorFormat: code=7: no objects found

The above exception was the direct cause of the following exception:

Traceback (most recent call last):
  File "F:\开发软件项目文件\对练社交\batch_extract_docs.py", line 251, in main
    text = extract_pdf(f)
  File "F:\开发软件项目文件\对练社交\batch_extract_docs.py", line 84, in extract_pdf
    doc = pymupdf.open(pdf_path)
  File "C:\Python314\Lib\site-packages\pymupdf\__init__.py", line 3016, in __init__
    raise FileDataError(f'Failed to open file {filename!r} as type {suffix}.') from e
pymupdf.FileDataError: Failed to open file 'G:\\BaiduNetdiskDownload\\高情商话术\\B.精选好书合集\\做局权谋67本合集\\31.《入世十三劫》.pdf' as ty
pe pdf.
Traceback (most recent call last):
  File "C:\Python314\Lib\site-packages\pymupdf\__init__.py", line 3013, in __init__
    doc = mupdf.fz_open_document_with_stream_and_dir(suffix, fz_stream, archive.this)
  File "C:\Python314\Lib\site-packages\pymupdf\mupdf.py", line 53426, in fz_open_document_with_stream_and_dir
    return _mupdf.fz_open_document_with_stream_and_dir(magic, stream, dir)
           ~~~~~~~~~~~~~~~~~~~~~~~~~~~~~~~~~~~~~~~~~~~^^^^^^^^^^^^^^^^^^^^
pymupdf.mupdf.FzErrorFormat: code=7: no objects found

The above exception was the direct cause of the following exception:

Traceback (most recent call last):
  File "F:\开发软件项目文件\对练社交\batch_extract_docs.py", line 251, in main
    text = extract_pdf(f)
  File "F:\开发软件项目文件\对练社交\batch_extract_docs.py", line 84, in extract_pdf
    doc = pymupdf.open(pdf_path)
  File "C:\Python314\Lib\site-packages\pymupdf\__init__.py", line 3016, in __init__
    raise FileDataError(f'Failed to open file {filename!r} as type {suffix}.') from e
pymupdf.FileDataError: Failed to open file 'G:\\BaiduNetdiskDownload\\高情商话术\\B.精选好书合集\\做局权谋67本合集\\35.《江湖失传的秘诀》.pdf' as 
type pdf.
Traceback (most recent call last):
  File "C:\Python314\Lib\site-packages\pymupdf\__init__.py", line 3013, in __init__
    doc = mupdf.fz_open_document_with_stream_and_dir(suffix, fz_stream, archive.this)
  File "C:\Python314\Lib\site-packages\pymupdf\mupdf.py", line 53426, in fz_open_document_with_stream_and_dir
    return _mupdf.fz_open_document_with_stream_and_dir(magic, stream, dir)
           ~~~~~~~~~~~~~~~~~~~~~~~~~~~~~~~~~~~~~~~~~~~^^^^^^^^^^^^^^^^^^^^
pymupdf.mupdf.FzErrorFormat: code=7: no objects found

The above exception was the direct cause of the following exception:

Traceback (most recent call last):
  File "F:\开发软件项目文件\对练社交\batch_extract_docs.py", line 251, in main
    text = extract_pdf(f)
  File "F:\开发软件项目文件\对练社交\batch_extract_docs.py", line 84, in extract_pdf
    doc = pymupdf.open(pdf_path)
  File "C:\Python314\Lib\site-packages\pymupdf\__init__.py", line 3016, in __init__
    raise FileDataError(f'Failed to open file {filename!r} as type {suffix}.') from e
pymupdf.FileDataError: Failed to open file 'G:\\BaiduNetdiskDownload\\高情商话术\\B.精选好书合集\\做局权谋67本合集\\36.《权谋百术》.pdf' as typ
e pdf.
Traceback (most recent call last):
  File "C:\Python314\Lib\site-packages\pymupdf\__init__.py", line 3013, in __init__
    doc = mupdf.fz_open_document_with_stream_and_dir(suffix, fz_stream, archive.this)
  File "C:\Python314\Lib\site-packages\pymupdf\mupdf.py", line 53426, in fz_open_document_with_stream_and_dir
    return _mupdf.fz_open_document_with_stream_and_dir(magic, stream, dir)
           ~~~~~~~~~~~~~~~~~~~~~~~~~~~~~~~~~~~~~~~~~~~^^^^^^^^^^^^^^^^^^^^
pymupdf.mupdf.FzErrorFormat: code=7: no objects found

The above exception was the direct cause of the following exception:

Traceback (most recent call last):
  File "F:\开发软件项目文件\对练社交\batch_extract_docs.py", line 251, in main
    text = extract_pdf(f)
  File "F:\开发软件项目文件\对练社交\batch_extract_docs.py", line 84, in extract_pdf
    doc = pymupdf.open(pdf_path)
  File "C:\Python314\Lib\site-packages\pymupdf\__init__.py", line 3016, in __init__
    raise FileDataError(f'Failed to open file {filename!r} as type {suffix}.') from e
pymupdf.FileDataError: Failed to open file 'G:\\BaiduNetdiskDownload\\高情商话术\\B.精选好书合集\\做局权谋67本合集\\38.《顶级谋士说1.0》.pdf' as
 type pdf.
  ✅ → 09-权谋思维/26.《谋略之道》.md (9KB)

[474/957] (50%) [09-权谋思维] 27.《韩非子的权术智慧》.pdf
  ❌ 失败: Failed to open file 'G:\\BaiduNetdiskDownload\\高情商话术\\B.精选好书合集\\做局权谋67本合集\\27.《韩非子的权术智慧》.pdf' as type pdf.

[475/957] (50%) [09-权谋思维] 28.《权谋深度》.pdf
  ❌ 失败: Failed to open file 'G:\\BaiduNetdiskDownload\\高情商话术\\B.精选好书合集\\做局权谋67本合集\\28.《权谋深度》.pdf' as type pdf.

[476/957] (50%) [09-权谋思维] 29.《一个顶层人的权谋术》.pdf
  ✅ → 09-权谋思维/29.《一个顶层人的权谋术》.md (55KB)

[477/957] (50%) [09-权谋思维] 3.《权谋续论》.pdf
  ⚠️ 空内容 → 跳过

[478/957] (50%) [09-权谋思维] 30.《太傻天书》.pdf
  ❌ 失败: Failed to open file 'G:\\BaiduNetdiskDownload\\高情商话术\\B.精选好书合集\\做局权谋67本合集\\30.《太傻天书》.pdf' as type pdf.

[479/957] (50%) [09-权谋思维] 31.《入世十三劫》.pdf
  ❌ 失败: Failed to open file 'G:\\BaiduNetdiskDownload\\高情商话术\\B.精选好书合集\\做局权谋67本合集\\31.《入世十三劫》.pdf' as type pdf.

[480/957] (50%) [09-权谋思维] 32.《学会利用》.pdf
  ✅ → 09-权谋思维/32.《学会利用》.md (13KB)

[481/957] (50%) [09-权谋思维] 33.《权谋兵法道》.pdf
  ⚠️ 空内容 → 跳过

[482/957] (50%) [09-权谋思维] 34.《权谋手段32招》.pdf
  ⚠️ 空内容 → 跳过

[483/957] (50%) [09-权谋思维] 35.《江湖失传的秘诀》.pdf
  ❌ 失败: Failed to open file 'G:\\BaiduNetdiskDownload\\高情商话术\\B.精选好书合集\\做局权谋67本合集\\35.《江湖失传的秘诀》.pdf' as type pdf.

[484/957] (51%) [09-权谋思维] 36.《权谋百术》.pdf
  ❌ 失败: Failed to open file 'G:\\BaiduNetdiskDownload\\高情商话术\\B.精选好书合集\\做局权谋67本合集\\36.《权谋百术》.pdf' as type pdf.

[485/957] (51%) [09-权谋思维] 37.《权谋通汇》.pdf
  ⚠️ 空内容 → 跳过

[486/957] (51%) [09-权谋思维] 38.《顶级谋士说1.0》.pdf
  ❌ 失败: Failed to open file 'G:\\BaiduNetdiskDownload\\高情商话术\\B.精选好书合集\\做局权谋67本合集\\38.《顶级谋士说1.0》.pdf' as type pdf.

[487/957] (51%) [09-权谋思维] 38.《顶级谋士说2.0》.pdf
MuPDF error: format error: object is not a stream

MuPDF error: format error: object is not a stream

MuPDF error: format error: object is not a stream

MuPDF error: format error: object is not a stream

MuPDF error: format error: object is not a stream

MuPDF error: format error: object is not a stream

MuPDF error: format error: object is not a stream

MuPDF error: format error: object is not a stream

MuPDF error: format error: object is not a stream

MuPDF error: format error: object is not a stream

MuPDF error: format error: object is not a stream

MuPDF error: format error: object is not a stream

MuPDF error: format error: object is not a stream

MuPDF error: format error: object is not a stream

MuPDF error: format error: object is not a stream

MuPDF error: format error: object is not a stream

MuPDF error: format error: object is not a stream

MuPDF error: format error: object is not a stream

MuPDF error: format error: object is not a stream

MuPDF error: format error: object is not a stream

MuPDF error: format error: object is not a stream

MuPDF error: format error: object is not a stream

MuPDF error: format error: object is not a stream

MuPDF error: format error: object is not a stream

MuPDF error: format error: object is not a stream

MuPDF error: format error: object is not a stream

MuPDF error: format error: object is not a stream

MuPDF error: format error: object is not a stream

MuPDF error: format error: object is not a stream

MuPDF error: format error: object is not a stream

MuPDF error: format error: object is not a stream

MuPDF error: format error: object is not a stream

MuPDF error: format error: object is not a stream

MuPDF error: format error: object is not a stream

MuPDF error: format error: object is not a stream

MuPDF error: format error: object is not a stream

MuPDF error: format error: object is not a stream

MuPDF error: format error: object is not a stream

MuPDF error: format error: object is not a stream

MuPDF error: format error: object is not a stream

MuPDF error: format error: object is not a stream

MuPDF error: format error: object is not a stream

MuPDF error: format error: object is not a stream

MuPDF error: format error: object is not a stream

MuPDF error: format error: object is not a stream

MuPDF error: format error: object is not a stream

MuPDF error: format error: object is not a stream

MuPDF error: format error: object is not a stream

MuPDF error: format error: object is not a stream

MuPDF error: format error: object is not a stream

MuPDF error: format error: object is not a stream

MuPDF error: format error: object is not a stream

MuPDF error: format error: object is not a stream

MuPDF error: format error: object is not a stream

MuPDF error: format error: object is not a stream

MuPDF error: format error: object is not a stream

MuPDF error: format error: object is not a stream

MuPDF error: format error: object is not a stream

MuPDF error: format error: object is not a stream

MuPDF error: format error: object is not a stream

MuPDF error: format error: object is not a stream

MuPDF error: format error: object is not a stream

MuPDF error: format error: object is not a stream

MuPDF error: format error: object is not a stream

MuPDF error: format error: object is not a stream

MuPDF error: format error: object is not a stream

MuPDF error: format error: object is not a stream

MuPDF error: format error: object is not a stream

MuPDF error: format error: object is not a stream

MuPDF error: format error: object is not a stream

MuPDF error: format error: object is not a stream

MuPDF error: format error: object is not a stream

MuPDF error: format error: object is not a stream

MuPDF error: format error: object is not a stream

MuPDF error: format error: object is not a stream

MuPDF error: format error: object is not a stream

Traceback (most recent call last):
  File "C:\Python314\Lib\site-packages\pymupdf\__init__.py", line 3013, in __init__
    doc = mupdf.fz_open_document_with_stream_and_dir(suffix, fz_stream, archive.this)
  File "C:\Python314\Lib\site-packages\pymupdf\mupdf.py", line 53426, in fz_open_document_with_stream_and_dir
    return _mupdf.fz_open_document_with_stream_and_dir(magic, stream, dir)
           ~~~~~~~~~~~~~~~~~~~~~~~~~~~~~~~~~~~~~~~~~~~^^^^^^^^^^^^^^^^^^^^
pymupdf.mupdf.FzErrorFormat: code=7: no objects found

The above exception was the direct cause of the following exception:

Traceback (most recent call last):
  File "F:\开发软件项目文件\对练社交\batch_extract_docs.py", line 251, in main
    text = extract_pdf(f)
  File "F:\开发软件项目文件\对练社交\batch_extract_docs.py", line 84, in extract_pdf
    doc = pymupdf.open(pdf_path)
  File "C:\Python314\Lib\site-packages\pymupdf\__init__.py", line 3016, in __init__
    raise FileDataError(f'Failed to open file {filename!r} as type {suffix}.') from e
pymupdf.FileDataError: Failed to open file 'G:\\BaiduNetdiskDownload\\高情商话术\\B.精选好书合集\\做局权谋67本合集\\4.《做局大师-人间博弈之术》.pdf' 
as type pdf.
Traceback (most recent call last):
  File "C:\Python314\Lib\site-packages\pymupdf\__init__.py", line 3013, in __init__
    doc = mupdf.fz_open_document_with_stream_and_dir(suffix, fz_stream, archive.this)
  File "C:\Python314\Lib\site-packages\pymupdf\mupdf.py", line 53426, in fz_open_document_with_stream_and_dir
    return _mupdf.fz_open_document_with_stream_and_dir(magic, stream, dir)
           ~~~~~~~~~~~~~~~~~~~~~~~~~~~~~~~~~~~~~~~~~~~^^^^^^^^^^^^^^^^^^^^
pymupdf.mupdf.FzErrorFormat: code=7: no objects found

The above exception was the direct cause of the following exception:

Traceback (most recent call last):
  File "F:\开发软件项目文件\对练社交\batch_extract_docs.py", line 251, in main
    text = extract_pdf(f)
  File "F:\开发软件项目文件\对练社交\batch_extract_docs.py", line 84, in extract_pdf
    doc = pymupdf.open(pdf_path)
  File "C:\Python314\Lib\site-packages\pymupdf\__init__.py", line 3016, in __init__
    raise FileDataError(f'Failed to open file {filename!r} as type {suffix}.') from e
pymupdf.FileDataError: Failed to open file 'G:\\BaiduNetdiskDownload\\高情商话术\\B.精选好书合集\\做局权谋67本合集\\40.《权谋心理》.pdf' as typ
e pdf.
Traceback (most recent call last):
  File "C:\Python314\Lib\site-packages\pymupdf\__init__.py", line 3013, in __init__
    doc = mupdf.fz_open_document_with_stream_and_dir(suffix, fz_stream, archive.this)
  File "C:\Python314\Lib\site-packages\pymupdf\mupdf.py", line 53426, in fz_open_document_with_stream_and_dir
    return _mupdf.fz_open_document_with_stream_and_dir(magic, stream, dir)
           ~~~~~~~~~~~~~~~~~~~~~~~~~~~~~~~~~~~~~~~~~~~^^^^^^^^^^^^^^^^^^^^
pymupdf.mupdf.FzErrorFormat: code=7: no objects found

The above exception was the direct cause of the following exception:

Traceback (most recent call last):
  File "F:\开发软件项目文件\对练社交\batch_extract_docs.py", line 251, in main
    text = extract_pdf(f)
  File "F:\开发软件项目文件\对练社交\batch_extract_docs.py", line 84, in extract_pdf
    doc = pymupdf.open(pdf_path)
  File "C:\Python314\Lib\site-packages\pymupdf\__init__.py", line 3016, in __init__
    raise FileDataError(f'Failed to open file {filename!r} as type {suffix}.') from e
pymupdf.FileDataError: Failed to open file 'G:\\BaiduNetdiskDownload\\高情商话术\\B.精选好书合集\\做局权谋67本合集\\41.《权谋心术》.pdf' as typ
e pdf.
Traceback (most recent call last):
  File "C:\Python314\Lib\site-packages\pymupdf\__init__.py", line 3013, in __init__
    doc = mupdf.fz_open_document_with_stream_and_dir(suffix, fz_stream, archive.this)
  File "C:\Python314\Lib\site-packages\pymupdf\mupdf.py", line 53426, in fz_open_document_with_stream_and_dir
    return _mupdf.fz_open_document_with_stream_and_dir(magic, stream, dir)
           ~~~~~~~~~~~~~~~~~~~~~~~~~~~~~~~~~~~~~~~~~~~^^^^^^^^^^^^^^^^^^^^
pymupdf.mupdf.FzErrorFormat: code=7: no objects found

The above exception was the direct cause of the following exception:

Traceback (most recent call last):
  File "F:\开发软件项目文件\对练社交\batch_extract_docs.py", line 251, in main
    text = extract_pdf(f)
  File "F:\开发软件项目文件\对练社交\batch_extract_docs.py", line 84, in extract_pdf
    doc = pymupdf.open(pdf_path)
  File "C:\Python314\Lib\site-packages\pymupdf\__init__.py", line 3016, in __init__
    raise FileDataError(f'Failed to open file {filename!r} as type {suffix}.') from e
pymupdf.FileDataError: Failed to open file 'G:\\BaiduNetdiskDownload\\高情商话术\\B.精选好书合集\\做局权谋67本合集\\42.《权谋伪装》.pdf' as typ
e pdf.
Traceback (most recent call last):
  File "C:\Python314\Lib\site-packages\pymupdf\__init__.py", line 3013, in __init__
    doc = mupdf.fz_open_document_with_stream_and_dir(suffix, fz_stream, archive.this)
  File "C:\Python314\Lib\site-packages\pymupdf\mupdf.py", line 53426, in fz_open_document_with_stream_and_dir
    return _mupdf.fz_open_document_with_stream_and_dir(magic, stream, dir)
           ~~~~~~~~~~~~~~~~~~~~~~~~~~~~~~~~~~~~~~~~~~~^^^^^^^^^^^^^^^^^^^^
pymupdf.mupdf.FzErrorFormat: code=7: no objects found

The above exception was the direct cause of the following exception:

Traceback (most recent call last):
  File "F:\开发软件项目文件\对练社交\batch_extract_docs.py", line 251, in main
    text = extract_pdf(f)
  File "F:\开发软件项目文件\对练社交\batch_extract_docs.py", line 84, in extract_pdf
    doc = pymupdf.open(pdf_path)
  File "C:\Python314\Lib\site-packages\pymupdf\__init__.py", line 3016, in __init__
    raise FileDataError(f'Failed to open file {filename!r} as type {suffix}.') from e
pymupdf.FileDataError: Failed to open file 'G:\\BaiduNetdiskDownload\\高情商话术\\B.精选好书合集\\做局权谋67本合集\\43.《权谋夺势》.pdf' as typ
e pdf.
Traceback (most recent call last):
  File "C:\Python314\Lib\site-packages\pymupdf\__init__.py", line 3013, in __init__
    doc = mupdf.fz_open_document_with_stream_and_dir(suffix, fz_stream, archive.this)
  File "C:\Python314\Lib\site-packages\pymupdf\mupdf.py", line 53426, in fz_open_document_with_stream_and_dir
    return _mupdf.fz_open_document_with_stream_and_dir(magic, stream, dir)
           ~~~~~~~~~~~~~~~~~~~~~~~~~~~~~~~~~~~~~~~~~~~^^^^^^^^^^^^^^^^^^^^
pymupdf.mupdf.FzErrorFormat: code=7: no objects found

The above exception was the direct cause of the following exception:

Traceback (most recent call last):
  File "F:\开发软件项目文件\对练社交\batch_extract_docs.py", line 251, in main
    text = extract_pdf(f)
  File "F:\开发软件项目文件\对练社交\batch_extract_docs.py", line 84, in extract_pdf
    doc = pymupdf.open(pdf_path)
  File "C:\Python314\Lib\site-packages\pymupdf\__init__.py", line 3016, in __init__
    raise FileDataError(f'Failed to open file {filename!r} as type {suffix}.') from e
pymupdf.FileDataError: Failed to open file 'G:\\BaiduNetdiskDownload\\高情商话术\\B.精选好书合集\\做局权谋67本合集\\44.《人道谋术》.pdf' as typ
e pdf.
Traceback (most recent call last):
  File "C:\Python314\Lib\site-packages\pymupdf\__init__.py", line 3013, in __init__
    doc = mupdf.fz_open_document_with_stream_and_dir(suffix, fz_stream, archive.this)
  File "C:\Python314\Lib\site-packages\pymupdf\mupdf.py", line 53426, in fz_open_document_with_stream_and_dir
    return _mupdf.fz_open_document_with_stream_and_dir(magic, stream, dir)
           ~~~~~~~~~~~~~~~~~~~~~~~~~~~~~~~~~~~~~~~~~~~^^^^^^^^^^^^^^^^^^^^
pymupdf.mupdf.FzErrorFormat: code=7: no objects found

The above exception was the direct cause of the following exception:

Traceback (most recent call last):
  File "F:\开发软件项目文件\对练社交\batch_extract_docs.py", line 251, in main
    text = extract_pdf(f)
  File "F:\开发软件项目文件\对练社交\batch_extract_docs.py", line 84, in extract_pdf
    doc = pymupdf.open(pdf_path)
  File "C:\Python314\Lib\site-packages\pymupdf\__init__.py", line 3016, in __init__
    raise FileDataError(f'Failed to open file {filename!r} as type {suffix}.') from e
pymupdf.FileDataError: Failed to open file 'G:\\BaiduNetdiskDownload\\高情商话术\\B.精选好书合集\\做局权谋67本合集\\46.《权谋思想》.pdf' as typ
e pdf.
Traceback (most recent call last):
  File "C:\Python314\Lib\site-packages\pymupdf\__init__.py", line 3013, in __init__
    doc = mupdf.fz_open_document_with_stream_and_dir(suffix, fz_stream, archive.this)
  File "C:\Python314\Lib\site-packages\pymupdf\mupdf.py", line 53426, in fz_open_document_with_stream_and_dir
    return _mupdf.fz_open_document_with_stream_and_dir(magic, stream, dir)
           ~~~~~~~~~~~~~~~~~~~~~~~~~~~~~~~~~~~~~~~~~~~^^^^^^^^^^^^^^^^^^^^
pymupdf.mupdf.FzErrorFormat: code=7: no objects found

The above exception was the direct cause of the following exception:

Traceback (most recent call last):
  File "F:\开发软件项目文件\对练社交\batch_extract_docs.py", line 251, in main
    text = extract_pdf(f)
  File "F:\开发软件项目文件\对练社交\batch_extract_docs.py", line 84, in extract_pdf
    doc = pymupdf.open(pdf_path)
  File "C:\Python314\Lib\site-packages\pymupdf\__init__.py", line 3016, in __init__
    raise FileDataError(f'Failed to open file {filename!r} as type {suffix}.') from e
pymupdf.FileDataError: Failed to open file 'G:\\BaiduNetdiskDownload\\高情商话术\\B.精选好书合集\\做局权谋67本合集\\48.《王道钻营术》.pdf' as ty
pe pdf.
Traceback (most recent call last):
  File "C:\Python314\Lib\site-packages\pymupdf\__init__.py", line 3013, in __init__
    doc = mupdf.fz_open_document_with_stream_and_dir(suffix, fz_stream, archive.this)
  File "C:\Python314\Lib\site-packages\pymupdf\mupdf.py", line 53426, in fz_open_document_with_stream_and_dir
    return _mupdf.fz_open_document_with_stream_and_dir(magic, stream, dir)
           ~~~~~~~~~~~~~~~~~~~~~~~~~~~~~~~~~~~~~~~~~~~^^^^^^^^^^^^^^^^^^^^
pymupdf.mupdf.FzErrorFormat: code=7: no objects found

The above exception was the direct cause of the following exception:

Traceback (most recent call last):
  File "F:\开发软件项目文件\对练社交\batch_extract_docs.py", line 251, in main
    text = extract_pdf(f)
  File "F:\开发软件项目文件\对练社交\batch_extract_docs.py", line 84, in extract_pdf
    doc = pymupdf.open(pdf_path)
  File "C:\Python314\Lib\site-packages\pymupdf\__init__.py", line 3016, in __init__
    raise FileDataError(f'Failed to open file {filename!r} as type {suffix}.') from e
pymupdf.FileDataError: Failed to open file 'G:\\BaiduNetdiskDownload\\高情商话术\\B.精选好书合集\\做局权谋67本合集\\49.《权谋合集》上集.pdf' as t
ype pdf.
Traceback (most recent call last):
  File "C:\Python314\Lib\site-packages\pymupdf\__init__.py", line 3013, in __init__
    doc = mupdf.fz_open_document_with_stream_and_dir(suffix, fz_stream, archive.this)
  File "C:\Python314\Lib\site-packages\pymupdf\mupdf.py", line 53426, in fz_open_document_with_stream_and_dir
    return _mupdf.fz_open_document_with_stream_and_dir(magic, stream, dir)
           ~~~~~~~~~~~~~~~~~~~~~~~~~~~~~~~~~~~~~~~~~~~^^^^^^^^^^^^^^^^^^^^
pymupdf.mupdf.FzErrorFormat: code=7: no objects found

The above exception was the direct cause of the following exception:

Traceback (most recent call last):
  File "F:\开发软件项目文件\对练社交\batch_extract_docs.py", line 251, in main
    text = extract_pdf(f)
  File "F:\开发软件项目文件\对练社交\batch_extract_docs.py", line 84, in extract_pdf
    doc = pymupdf.open(pdf_path)
  File "C:\Python314\Lib\site-packages\pymupdf\__init__.py", line 3016, in __init__
    raise FileDataError(f'Failed to open file {filename!r} as type {suffix}.') from e
pymupdf.FileDataError: Failed to open file 'G:\\BaiduNetdiskDownload\\高情商话术\\B.精选好书合集\\做局权谋67本合集\\49.《权谋合集》下集.pdf' as t
ype pdf.
Traceback (most recent call last):
  File "C:\Python314\Lib\site-packages\pymupdf\__init__.py", line 3013, in __init__
    doc = mupdf.fz_open_document_with_stream_and_dir(suffix, fz_stream, archive.this)
  File "C:\Python314\Lib\site-packages\pymupdf\mupdf.py", line 53426, in fz_open_document_with_stream_and_dir
    return _mupdf.fz_open_document_with_stream_and_dir(magic, stream, dir)
           ~~~~~~~~~~~~~~~~~~~~~~~~~~~~~~~~~~~~~~~~~~~^^^^^^^^^^^^^^^^^^^^
pymupdf.mupdf.FzErrorFormat: code=7: no objects found

The above exception was the direct cause of the following exception:

Traceback (most recent call last):
  File "F:\开发软件项目文件\对练社交\batch_extract_docs.py", line 251, in main
    text = extract_pdf(f)
  File "F:\开发软件项目文件\对练社交\batch_extract_docs.py", line 84, in extract_pdf
    doc = pymupdf.open(pdf_path)
  File "C:\Python314\Lib\site-packages\pymupdf\__init__.py", line 3016, in __init__
    raise FileDataError(f'Failed to open file {filename!r} as type {suffix}.') from e
pymupdf.FileDataError: Failed to open file 'G:\\BaiduNetdiskDownload\\高情商话术\\B.精选好书合集\\做局权谋67本合集\\49.《权谋合集》中集.pdf' as t
ype pdf.
  ✅ → 09-权谋思维/38.《顶级谋士说2.0》.md (360KB)

[488/957] (51%) [09-权谋思维] 39.《资治通鉴谋略大典》.pdf
  ⚠️ 空内容 → 跳过

[489/957] (51%) [09-权谋思维] 4.《做局大师-人间博弈之术》.pdf
  ❌ 失败: Failed to open file 'G:\\BaiduNetdiskDownload\\高情商话术\\B.精选好书合集\\做局权谋67本合集\\4.《做局大师-人间博弈之术》.pdf' as type pdf.

[490/957] (51%) [09-权谋思维] 40.《权谋心理》.pdf
  ❌ 失败: Failed to open file 'G:\\BaiduNetdiskDownload\\高情商话术\\B.精选好书合集\\做局权谋67本合集\\40.《权谋心理》.pdf' as type pdf.

[491/957] (51%) [09-权谋思维] 41.《权谋心术》.pdf
  ❌ 失败: Failed to open file 'G:\\BaiduNetdiskDownload\\高情商话术\\B.精选好书合集\\做局权谋67本合集\\41.《权谋心术》.pdf' as type pdf.

[492/957] (51%) [09-权谋思维] 42.《权谋伪装》.pdf
  ❌ 失败: Failed to open file 'G:\\BaiduNetdiskDownload\\高情商话术\\B.精选好书合集\\做局权谋67本合集\\42.《权谋伪装》.pdf' as type pdf.

[493/957] (52%) [09-权谋思维] 43.《权谋夺势》.pdf
  ❌ 失败: Failed to open file 'G:\\BaiduNetdiskDownload\\高情商话术\\B.精选好书合集\\做局权谋67本合集\\43.《权谋夺势》.pdf' as type pdf.

[494/957] (52%) [09-权谋思维] 44.《人道谋术》.pdf
  ❌ 失败: Failed to open file 'G:\\BaiduNetdiskDownload\\高情商话术\\B.精选好书合集\\做局权谋67本合集\\44.《人道谋术》.pdf' as type pdf.

[495/957] (52%) [09-权谋思维] 46.《权谋思想》.pdf
  ❌ 失败: Failed to open file 'G:\\BaiduNetdiskDownload\\高情商话术\\B.精选好书合集\\做局权谋67本合集\\46.《权谋思想》.pdf' as type pdf.

[496/957] (52%) [09-权谋思维] 47.《大权谋家旗舰版》.pdf
  ✅ → 09-权谋思维/47.《大权谋家旗舰版》.md (11KB)

[497/957] (52%) [09-权谋思维] 48.《王道钻营术》.pdf
  ❌ 失败: Failed to open file 'G:\\BaiduNetdiskDownload\\高情商话术\\B.精选好书合集\\做局权谋67本合集\\48.《王道钻营术》.pdf' as type pdf.

[498/957] (52%) [09-权谋思维] 49.《权谋合集》上集.pdf
  ❌ 失败: Failed to open file 'G:\\BaiduNetdiskDownload\\高情商话术\\B.精选好书合集\\做局权谋67本合集\\49.《权谋合集》上集.pdf' as type pdf.

[499/957] (52%) [09-权谋思维] 49.《权谋合集》下集.pdf
  ❌ 失败: Failed to open file 'G:\\BaiduNetdiskDownload\\高情商话术\\B.精选好书合集\\做局权谋67本合集\\49.《权谋合集》下集.pdf' as type pdf.

[500/957] (52%) [09-权谋思维] 49.《权谋合集》中集.pdf
  ❌ 失败: Failed to open file 'G:\\BaiduNetdiskDownload\\高情商话术\\B.精选好书合集\\做局权谋67本合集\\49.《权谋合集》中集.pdf' as type pdf.

[501/957] (52%) [09-权谋思维] 5.《权谋智典一集》.pdf
  ✅ → 09-权谋思维/5.《权谋智典一集》.md (11KB)

[502/957] (52%) [09-权谋思维] 5.《权谋智典第二集》.pdf
MuPDF error: format error: non-page object in page tree

Traceback (most recent call last):
  File "C:\Python314\Lib\site-packages\pymupdf\__init__.py", line 3013, in __init__
    doc = mupdf.fz_open_document_with_stream_and_dir(suffix, fz_stream, archive.this)
  File "C:\Python314\Lib\site-packages\pymupdf\mupdf.py", line 53426, in fz_open_document_with_stream_and_dir
    return _mupdf.fz_open_document_with_stream_and_dir(magic, stream, dir)
           ~~~~~~~~~~~~~~~~~~~~~~~~~~~~~~~~~~~~~~~~~~~^^^^^^^^^^^^^^^^^^^^
pymupdf.mupdf.FzErrorFormat: code=7: no objects found

The above exception was the direct cause of the following exception:

Traceback (most recent call last):
  File "F:\开发软件项目文件\对练社交\batch_extract_docs.py", line 251, in main
    text = extract_pdf(f)
  File "F:\开发软件项目文件\对练社交\batch_extract_docs.py", line 84, in extract_pdf
    doc = pymupdf.open(pdf_path)
  File "C:\Python314\Lib\site-packages\pymupdf\__init__.py", line 3016, in __init__
    raise FileDataError(f'Failed to open file {filename!r} as type {suffix}.') from e
pymupdf.FileDataError: Failed to open file 'G:\\BaiduNetdiskDownload\\高情商话术\\B.精选好书合集\\做局权谋67本合集\\50.《智谋通天》.pdf' as typ
e pdf.
Traceback (most recent call last):
  File "C:\Python314\Lib\site-packages\pymupdf\__init__.py", line 3013, in __init__
    doc = mupdf.fz_open_document_with_stream_and_dir(suffix, fz_stream, archive.this)
  File "C:\Python314\Lib\site-packages\pymupdf\mupdf.py", line 53426, in fz_open_document_with_stream_and_dir
    return _mupdf.fz_open_document_with_stream_and_dir(magic, stream, dir)
           ~~~~~~~~~~~~~~~~~~~~~~~~~~~~~~~~~~~~~~~~~~~^^^^^^^^^^^^^^^^^^^^
pymupdf.mupdf.FzErrorFormat: code=7: no objects found

The above exception was the direct cause of the following exception:

Traceback (most recent call last):
  File "F:\开发软件项目文件\对练社交\batch_extract_docs.py", line 251, in main
    text = extract_pdf(f)
  File "F:\开发软件项目文件\对练社交\batch_extract_docs.py", line 84, in extract_pdf
    doc = pymupdf.open(pdf_path)
  File "C:\Python314\Lib\site-packages\pymupdf\__init__.py", line 3016, in __init__
    raise FileDataError(f'Failed to open file {filename!r} as type {suffix}.') from e
pymupdf.FileDataError: Failed to open file 'G:\\BaiduNetdiskDownload\\高情商话术\\B.精选好书合集\\做局权谋67本合集\\8.《易谋略》.pdf' as type 
pdf.
Traceback (most recent call last):
  File "C:\Python314\Lib\site-packages\pymupdf\__init__.py", line 3013, in __init__
    doc = mupdf.fz_open_document_with_stream_and_dir(suffix, fz_stream, archive.this)
  File "C:\Python314\Lib\site-packages\pymupdf\mupdf.py", line 53426, in fz_open_document_with_stream_and_dir
    return _mupdf.fz_open_document_with_stream_and_dir(magic, stream, dir)
           ~~~~~~~~~~~~~~~~~~~~~~~~~~~~~~~~~~~~~~~~~~~^^^^^^^^^^^^^^^^^^^^
pymupdf.mupdf.FzErrorFormat: code=7: no objects found

The above exception was the direct cause of the following exception:

Traceback (most recent call last):
  File "F:\开发软件项目文件\对练社交\batch_extract_docs.py", line 251, in main
    text = extract_pdf(f)
  File "F:\开发软件项目文件\对练社交\batch_extract_docs.py", line 84, in extract_pdf
    doc = pymupdf.open(pdf_path)
  File "C:\Python314\Lib\site-packages\pymupdf\__init__.py", line 3016, in __init__
    raise FileDataError(f'Failed to open file {filename!r} as type {suffix}.') from e
pymupdf.FileDataError: Failed to open file 'G:\\BaiduNetdiskDownload\\高情商话术\\B.精选好书合集\\做局权谋67本合集\\9.《做局高手》.pdf' as type
 pdf.
Traceback (most recent call last):
  File "C:\Python314\Lib\site-packages\pymupdf\__init__.py", line 3013, in __init__
    doc = mupdf.fz_open_document_with_stream_and_dir(suffix, fz_stream, archive.this)
  File "C:\Python314\Lib\site-packages\pymupdf\mupdf.py", line 53426, in fz_open_document_with_stream_and_dir
    return _mupdf.fz_open_document_with_stream_and_dir(magic, stream, dir)
           ~~~~~~~~~~~~~~~~~~~~~~~~~~~~~~~~~~~~~~~~~~~^^^^^^^^^^^^^^^^^^^^
pymupdf.mupdf.FzErrorFormat: code=7: no objects found

The above exception was the direct cause of the following exception:

Traceback (most recent call last):
  File "F:\开发软件项目文件\对练社交\batch_extract_docs.py", line 251, in main
    text = extract_pdf(f)
  File "F:\开发软件项目文件\对练社交\batch_extract_docs.py", line 84, in extract_pdf
    doc = pymupdf.open(pdf_path)
  File "C:\Python314\Lib\site-packages\pymupdf\__init__.py", line 3016, in __init__
    raise FileDataError(f'Failed to open file {filename!r} as type {suffix}.') from e
pymupdf.FileDataError: Failed to open file 'G:\\BaiduNetdiskDownload\\高情商话术\\B.精选好书合集\\思维认知54本合集\\10.《破格：强者思维与人生跃迁》.pdf
' as type pdf.
Traceback (most recent call last):
  File "C:\Python314\Lib\site-packages\pymupdf\__init__.py", line 3013, in __init__
    doc = mupdf.fz_open_document_with_stream_and_dir(suffix, fz_stream, archive.this)
  File "C:\Python314\Lib\site-packages\pymupdf\mupdf.py", line 53426, in fz_open_document_with_stream_and_dir
    return _mupdf.fz_open_document_with_stream_and_dir(magic, stream, dir)
           ~~~~~~~~~~~~~~~~~~~~~~~~~~~~~~~~~~~~~~~~~~~^^^^^^^^^^^^^^^^^^^^
pymupdf.mupdf.FzErrorFormat: code=7: no objects found

The above exception was the direct cause of the following exception:

Traceback (most recent call last):
  File "F:\开发软件项目文件\对练社交\batch_extract_docs.py", line 251, in main
    text = extract_pdf(f)
  File "F:\开发软件项目文件\对练社交\batch_extract_docs.py", line 84, in extract_pdf
    doc = pymupdf.open(pdf_path)
  File "C:\Python314\Lib\site-packages\pymupdf\__init__.py", line 3016, in __init__
    raise FileDataError(f'Failed to open file {filename!r} as type {suffix}.') from e
pymupdf.FileDataError: Failed to open file 'G:\\BaiduNetdiskDownload\\高情商话术\\B.精选好书合集\\思维认知54本合集\\11.《骨灰级学习高手不愿说的高效学习秘密
》(1).pdf' as type pdf.
Traceback (most recent call last):
  File "C:\Python314\Lib\site-packages\pymupdf\__init__.py", line 3013, in __init__
    doc = mupdf.fz_open_document_with_stream_and_dir(suffix, fz_stream, archive.this)
  File "C:\Python314\Lib\site-packages\pymupdf\mupdf.py", line 53426, in fz_open_document_with_stream_and_dir
    return _mupdf.fz_open_document_with_stream_and_dir(magic, stream, dir)
           ~~~~~~~~~~~~~~~~~~~~~~~~~~~~~~~~~~~~~~~~~~~^^^^^^^^^^^^^^^^^^^^
pymupdf.mupdf.FzErrorFormat: code=7: no objects found

The above exception was the direct cause of the following exception:

Traceback (most recent call last):
  File "F:\开发软件项目文件\对练社交\batch_extract_docs.py", line 251, in main
    text = extract_pdf(f)
  File "F:\开发软件项目文件\对练社交\batch_extract_docs.py", line 84, in extract_pdf
    doc = pymupdf.open(pdf_path)
  File "C:\Python314\Lib\site-packages\pymupdf\__init__.py", line 3016, in __init__
    raise FileDataError(f'Failed to open file {filename!r} as type {suffix}.') from e
pymupdf.FileDataError: Failed to open file 'G:\\BaiduNetdiskDownload\\高情商话术\\B.精选好书合集\\思维认知54本合集\\11.《骨灰级学习高手不愿说的高效学习秘密
》.pdf' as type pdf.
Traceback (most recent call last):
  File "C:\Python314\Lib\site-packages\pymupdf\__init__.py", line 3013, in __init__
    doc = mupdf.fz_open_document_with_stream_and_dir(suffix, fz_stream, archive.this)
  File "C:\Python314\Lib\site-packages\pymupdf\mupdf.py", line 53426, in fz_open_document_with_stream_and_dir
    return _mupdf.fz_open_document_with_stream_and_dir(magic, stream, dir)
           ~~~~~~~~~~~~~~~~~~~~~~~~~~~~~~~~~~~~~~~~~~~^^^^^^^^^^^^^^^^^^^^
pymupdf.mupdf.FzErrorFormat: code=7: no objects found

The above exception was the direct cause of the following exception:

Traceback (most recent call last):
  File "F:\开发软件项目文件\对练社交\batch_extract_docs.py", line 251, in main
    text = extract_pdf(f)
  File "F:\开发软件项目文件\对练社交\batch_extract_docs.py", line 84, in extract_pdf
    doc = pymupdf.open(pdf_path)
  File "C:\Python314\Lib\site-packages\pymupdf\__init__.py", line 3016, in __init__
    raise FileDataError(f'Failed to open file {filename!r} as type {suffix}.') from e
pymupdf.FileDataError: Failed to open file 'G:\\BaiduNetdiskDownload\\高情商话术\\B.精选好书合集\\思维认知54本合集\\13.《人间清醒》.pdf' as typ
e pdf.
Traceback (most recent call last):
  File "C:\Python314\Lib\site-packages\pymupdf\__init__.py", line 3013, in __init__
    doc = mupdf.fz_open_document_with_stream_and_dir(suffix, fz_stream, archive.this)
  File "C:\Python314\Lib\site-packages\pymupdf\mupdf.py", line 53426, in fz_open_document_with_stream_and_dir
    return _mupdf.fz_open_document_with_stream_and_dir(magic, stream, dir)
           ~~~~~~~~~~~~~~~~~~~~~~~~~~~~~~~~~~~~~~~~~~~^^^^^^^^^^^^^^^^^^^^
pymupdf.mupdf.FzErrorFormat: code=7: no objects found

The above exception was the direct cause of the following exception:

Traceback (most recent call last):
  File "F:\开发软件项目文件\对练社交\batch_extract_docs.py", line 251, in main
    text = extract_pdf(f)
  File "F:\开发软件项目文件\对练社交\batch_extract_docs.py", line 84, in extract_pdf
    doc = pymupdf.open(pdf_path)
  File "C:\Python314\Lib\site-packages\pymupdf\__init__.py", line 3016, in __init__
    raise FileDataError(f'Failed to open file {filename!r} as type {suffix}.') from e
pymupdf.FileDataError: Failed to open file 'G:\\BaiduNetdiskDownload\\高情商话术\\B.精选好书合集\\思维认知54本合集\\14.《认知突围》.pdf' as typ
e pdf.
Traceback (most recent call last):
  File "C:\Python314\Lib\site-packages\pymupdf\__init__.py", line 3013, in __init__
    doc = mupdf.fz_open_document_with_stream_and_dir(suffix, fz_stream, archive.this)
  File "C:\Python314\Lib\site-packages\pymupdf\mupdf.py", line 53426, in fz_open_document_with_stream_and_dir
    return _mupdf.fz_open_document_with_stream_and_dir(magic, stream, dir)
           ~~~~~~~~~~~~~~~~~~~~~~~~~~~~~~~~~~~~~~~~~~~^^^^^^^^^^^^^^^^^^^^
pymupdf.mupdf.FzErrorFormat: code=7: no objects found

The above exception was the direct cause of the following exception:

Traceback (most recent call last):
  File "F:\开发软件项目文件\对练社交\batch_extract_docs.py", line 251, in main
    text = extract_pdf(f)
  File "F:\开发软件项目文件\对练社交\batch_extract_docs.py", line 84, in extract_pdf
    doc = pymupdf.open(pdf_path)
  File "C:\Python314\Lib\site-packages\pymupdf\__init__.py", line 3016, in __init__
    raise FileDataError(f'Failed to open file {filename!r} as type {suffix}.') from e
pymupdf.FileDataError: Failed to open file 'G:\\BaiduNetdiskDownload\\高情商话术\\B.精选好书合集\\思维认知54本合集\\15.《智商税》.pdf' as type
 pdf.
  ✅ → 09-权谋思维/5.《权谋智典第二集》.md (12KB)

[503/957] (53%) [09-权谋思维] 50.《智谋通天》.pdf
  ❌ 失败: Failed to open file 'G:\\BaiduNetdiskDownload\\高情商话术\\B.精选好书合集\\做局权谋67本合集\\50.《智谋通天》.pdf' as type pdf.

[504/957] (53%) [09-权谋思维] 6.《权谋家读鬼谷子》.pdf
  ✅ → 09-权谋思维/6.《权谋家读鬼谷子》.md (1KB)

[505/957] (53%) [09-权谋思维] 7.《布局锦囊1.0》 .pdf
  ⚠️ 空内容 → 跳过

[506/957] (53%) [09-权谋思维] 7.《布局锦囊2.0》.pdf
  ⚠️ 空内容 → 跳过

[507/957] (53%) [09-权谋思维] 7.《布局锦囊3.0》.pdf
  ⚠️ 空内容 → 跳过

[508/957] (53%) [09-权谋思维] 8.《易谋略》.pdf
  ❌ 失败: Failed to open file 'G:\\BaiduNetdiskDownload\\高情商话术\\B.精选好书合集\\做局权谋67本合集\\8.《易谋略》.pdf' as type pdf.

[509/957] (53%) [09-权谋思维] 9.《做局高手》.pdf
  ❌ 失败: Failed to open file 'G:\\BaiduNetdiskDownload\\高情商话术\\B.精选好书合集\\做局权谋67本合集\\9.《做局高手》.pdf' as type pdf.

[510/957] (53%) [06-人性认知思维] 1.《中国核心资产手册》.pdf
  ✅ → 06-人性认知思维/1.《中国核心资产手册》.md (12KB)

[511/957] (53%) [06-人性认知思维] 10.《破格：强者思维与人生跃迁》.pdf
  ❌ 失败: Failed to open file 'G:\\BaiduNetdiskDownload\\高情商话术\\B.精选好书合集\\思维认知54本合集\\10.《破格：强者思维与人生跃迁》.pdf' as type pdf.

[512/957] (54%) [06-人性认知思维] 11.《骨灰级学习高手不愿说的高效学习秘密》(1).pdf
  ❌ 失败: Failed to open file 'G:\\BaiduNetdiskDownload\\高情商话术\\B.精选好书合集\\思维认知54本合集\\11.《骨灰级学习高手不愿说的高效学习秘密》(1).pdf' as type pdf.

[513/957] (54%) [06-人性认知思维] 11.《骨灰级学习高手不愿说的高效学习秘密》.pdf
  ❌ 失败: Failed to open file 'G:\\BaiduNetdiskDownload\\高情商话术\\B.精选好书合集\\思维认知54本合集\\11.《骨灰级学习高手不愿说的高效学习秘密》.pdf' as type pdf.

[514/957] (54%) [06-人性认知思维] 12.《第一桶金》.pdf
  ⚠️ 空内容 → 跳过

[515/957] (54%) [06-人性认知思维] 13.《人间清醒》.pdf
  ❌ 失败: Failed to open file 'G:\\BaiduNetdiskDownload\\高情商话术\\B.精选好书合集\\思维认知54本合集\\13.《人间清醒》.pdf' as type pdf.

[516/957] (54%) [06-人性认知思维] 14.《认知突围》.pdf
  ❌ 失败: Failed to open file 'G:\\BaiduNetdiskDownload\\高情商话术\\B.精选好书合集\\思维认知54本合集\\14.《认知突围》.pdf' as type pdf.

[517/957] (54%) [06-人性认知思维] 15.《智商税》.pdf
  ❌ 失败: Failed to open file 'G:\\BaiduNetdiskDownload\\高情商话术\\B.精选好书合集\\思维认知54本合集\\15.《智商税》.pdf' as type pdf.

[518/957] (54%) [06-人性认知思维] 16.《觉醒》.pdf
MuPDF error: library error: zlib error: incorrect header check

MuPDF error: library error: zlib error: incorrect header check

MuPDF error: library error: zlib error: incorrect header check

MuPDF error: library error: zlib error: incorrect header check

MuPDF error: library error: zlib error: incorrect header check

MuPDF error: library error: zlib error: incorrect header check

MuPDF error: library error: zlib error: incorrect header check

MuPDF error: library error: zlib error: incorrect header check

MuPDF error: library error: zlib error: incorrect header check

MuPDF error: library error: zlib error: incorrect header check

MuPDF error: library error: zlib error: incorrect header check

MuPDF error: library error: zlib error: incorrect header check

MuPDF error: library error: zlib error: incorrect header check

MuPDF error: library error: zlib error: incorrect header check

MuPDF error: library error: zlib error: incorrect header check

MuPDF error: library error: zlib error: incorrect header check

MuPDF error: library error: zlib error: incorrect header check

MuPDF error: library error: zlib error: incorrect header check

MuPDF error: library error: zlib error: incorrect header check

MuPDF error: library error: zlib error: incorrect header check

MuPDF error: library error: zlib error: incorrect header check

MuPDF error: library error: zlib error: incorrect header check

MuPDF error: library error: zlib error: incorrect header check

MuPDF error: library error: zlib error: incorrect header check

MuPDF error: library error: zlib error: incorrect header check

MuPDF error: library error: zlib error: incorrect header check

MuPDF error: library error: zlib error: incorrect header check

MuPDF error: library error: zlib error: incorrect header check

MuPDF error: library error: zlib error: incorrect header check

MuPDF error: library error: zlib error: incorrect header check

MuPDF error: library error: zlib error: incorrect header check

MuPDF error: library error: zlib error: incorrect header check

MuPDF error: library error: zlib error: incorrect header check

MuPDF error: library error: zlib error: incorrect header check

MuPDF error: library error: zlib error: incorrect header check

MuPDF error: library error: zlib error: incorrect header check

MuPDF error: library error: zlib error: incorrect header check

MuPDF error: library error: zlib error: incorrect header check

MuPDF error: library error: zlib error: incorrect header check

MuPDF error: library error: zlib error: incorrect header check

MuPDF error: library error: zlib error: incorrect header check

MuPDF error: library error: zlib error: incorrect header check

MuPDF error: library error: zlib error: incorrect header check

MuPDF error: library error: zlib error: incorrect header check

MuPDF error: library error: zlib error: incorrect header check

MuPDF error: library error: zlib error: incorrect header check

MuPDF error: library error: zlib error: incorrect header check

MuPDF error: library error: zlib error: incorrect header check

MuPDF error: library error: zlib error: incorrect header check

MuPDF error: library error: zlib error: incorrect header check

MuPDF error: library error: zlib error: incorrect header check

MuPDF error: library error: zlib error: incorrect header check

MuPDF error: library error: zlib error: incorrect header check

MuPDF error: library error: zlib error: incorrect header check

MuPDF error: library error: zlib error: unknown compression method

MuPDF error: library error: zlib error: incorrect header check

MuPDF error: library error: zlib error: incorrect header check

MuPDF error: library error: zlib error: incorrect header check

MuPDF error: library error: zlib error: incorrect header check

MuPDF error: library error: zlib error: incorrect header check

MuPDF error: library error: zlib error: incorrect header check

MuPDF error: library error: zlib error: incorrect header check

MuPDF error: library error: zlib error: incorrect header check

MuPDF error: library error: zlib error: incorrect header check

MuPDF error: library error: zlib error: incorrect header check

MuPDF error: library error: zlib error: incorrect header check

MuPDF error: library error: zlib error: incorrect header check

MuPDF error: library error: zlib error: incorrect header check

MuPDF error: library error: zlib error: incorrect header check

MuPDF error: library error: zlib error: incorrect header check

MuPDF error: library error: zlib error: incorrect header check

MuPDF error: library error: zlib error: incorrect header check

MuPDF error: library error: zlib error: incorrect header check

MuPDF error: library error: zlib error: incorrect header check

MuPDF error: library error: zlib error: incorrect header check

MuPDF error: library error: zlib error: incorrect header check

MuPDF error: library error: zlib error: incorrect header check

MuPDF error: library error: zlib error: incorrect header check

MuPDF error: library error: zlib error: incorrect header check

MuPDF error: library error: zlib error: incorrect header check

MuPDF error: library error: zlib error: incorrect header check

MuPDF error: library error: zlib error: incorrect header check

MuPDF error: library error: zlib error: incorrect header check

MuPDF error: library error: zlib error: unknown compression method

MuPDF error: library error: zlib error: incorrect header check

MuPDF error: library error: zlib error: incorrect header check

MuPDF error: library error: zlib error: incorrect header check

MuPDF error: library error: zlib error: incorrect header check

MuPDF error: library error: zlib error: incorrect header check

MuPDF error: library error: zlib error: incorrect header check

MuPDF error: library error: zlib error: incorrect header check

MuPDF error: library error: zlib error: incorrect header check

MuPDF error: library error: zlib error: incorrect header check

MuPDF error: library error: zlib error: incorrect header check

MuPDF error: library error: zlib error: incorrect header check

MuPDF error: library error: zlib error: incorrect header check

MuPDF error: library error: zlib error: incorrect header check

MuPDF error: library error: zlib error: incorrect header check

MuPDF error: library error: zlib error: incorrect header check

MuPDF error: library error: zlib error: incorrect header check

MuPDF error: library error: zlib error: unknown compression method

MuPDF error: library error: zlib error: incorrect header check

MuPDF error: library error: zlib error: incorrect header check

MuPDF error: library error: zlib error: incorrect header check

MuPDF error: library error: zlib error: incorrect header check

MuPDF error: library error: zlib error: incorrect header check

MuPDF error: library error: zlib error: incorrect header check

MuPDF error: library error: zlib error: incorrect header check

MuPDF error: library error: zlib error: incorrect header check

MuPDF error: library error: zlib error: incorrect header check

MuPDF error: library error: zlib error: incorrect header check

MuPDF error: library error: zlib error: incorrect header check

MuPDF error: library error: zlib error: incorrect header check

MuPDF error: library error: zlib error: incorrect header check

MuPDF error: library error: zlib error: incorrect header check

MuPDF error: library error: zlib error: incorrect header check

MuPDF error: library error: zlib error: incorrect header check

MuPDF error: library error: zlib error: incorrect header check

MuPDF error: library error: zlib error: incorrect header check

MuPDF error: library error: zlib error: incorrect header check

MuPDF error: library error: zlib error: incorrect header check

MuPDF error: library error: zlib error: incorrect header check

MuPDF error: library error: zlib error: incorrect header check

MuPDF error: library error: zlib error: incorrect header check

MuPDF error: library error: zlib error: incorrect header check

MuPDF error: library error: zlib error: incorrect header check

MuPDF error: library error: zlib error: incorrect header check

MuPDF error: library error: zlib error: unknown compression method

MuPDF error: library error: zlib error: incorrect header check

MuPDF error: library error: zlib error: incorrect header check

MuPDF error: library error: zlib error: incorrect header check

MuPDF error: library error: zlib error: incorrect header check

MuPDF error: library error: zlib error: incorrect header check

MuPDF error: library error: zlib error: unknown compression method

MuPDF error: library error: zlib error: incorrect header check

MuPDF error: library error: zlib error: incorrect header check

MuPDF error: library error: zlib error: incorrect header check

MuPDF error: library error: zlib error: incorrect header check

MuPDF error: library error: zlib error: incorrect header check

MuPDF error: library error: zlib error: incorrect header check

MuPDF error: library error: zlib error: incorrect header check

MuPDF error: library error: zlib error: incorrect header check

MuPDF error: library error: zlib error: incorrect header check

MuPDF error: library error: zlib error: incorrect header check

MuPDF error: library error: zlib error: incorrect header check

MuPDF error: library error: zlib error: incorrect header check

MuPDF error: library error: zlib error: incorrect header check

MuPDF error: library error: zlib error: incorrect header check

MuPDF error: library error: zlib error: incorrect header check

MuPDF error: library error: zlib error: incorrect header check

MuPDF error: library error: zlib error: incorrect header check

MuPDF error: library error: zlib error: incorrect header check

MuPDF error: library error: zlib error: incorrect header check

MuPDF error: library error: zlib error: incorrect header check

MuPDF error: library error: zlib error: incorrect header check

MuPDF error: library error: zlib error: incorrect header check

MuPDF error: library error: zlib error: incorrect header check

MuPDF error: library error: zlib error: incorrect header check

MuPDF error: library error: zlib error: incorrect header check

MuPDF error: library error: zlib error: incorrect header check

MuPDF error: library error: zlib error: incorrect header check

MuPDF error: library error: zlib error: incorrect header check

MuPDF error: library error: zlib error: unknown compression method

MuPDF error: library error: zlib error: incorrect header check

MuPDF error: library error: zlib error: incorrect header check

MuPDF error: library error: zlib error: unknown compression method

MuPDF error: library error: zlib error: incorrect header check

MuPDF error: library error: zlib error: incorrect header check

MuPDF error: library error: zlib error: incorrect header check

MuPDF error: library error: zlib error: incorrect header check

MuPDF error: library error: zlib error: incorrect header check

MuPDF error: library error: zlib error: incorrect header check

MuPDF error: library error: zlib error: incorrect header check

MuPDF error: library error: zlib error: incorrect header check

MuPDF error: library error: zlib error: incorrect header check

MuPDF error: library error: zlib error: incorrect header check

MuPDF error: library error: zlib error: incorrect header check

MuPDF error: library error: zlib error: unknown compression method

MuPDF error: library error: zlib error: incorrect header check

MuPDF error: library error: zlib error: incorrect header check

MuPDF error: library error: zlib error: incorrect header check

MuPDF error: library error: zlib error: incorrect header check

MuPDF error: library error: zlib error: incorrect header check

MuPDF error: library error: zlib error: incorrect header check

MuPDF error: library error: zlib error: incorrect header check

MuPDF error: library error: zlib error: incorrect header check

MuPDF error: library error: zlib error: incorrect header check

MuPDF error: library error: zlib error: incorrect header check

MuPDF error: library error: zlib error: incorrect header check

MuPDF error: library error: zlib error: incorrect header check

MuPDF error: library error: zlib error: incorrect header check

MuPDF error: library error: zlib error: incorrect header check

MuPDF error: library error: zlib error: incorrect header check

MuPDF error: library error: zlib error: incorrect header check

MuPDF error: library error: zlib error: incorrect header check

MuPDF error: library error: zlib error: incorrect header check

MuPDF error: library error: zlib error: incorrect header check

MuPDF error: library error: zlib error: incorrect header check

MuPDF error: library error: zlib error: incorrect header check

MuPDF error: library error: zlib error: incorrect header check

MuPDF error: library error: zlib error: incorrect header check

MuPDF error: library error: zlib error: incorrect header check

MuPDF error: library error: zlib error: incorrect header check

MuPDF error: library error: zlib error: incorrect header check

MuPDF error: library error: zlib error: incorrect header check

MuPDF error: library error: zlib error: incorrect header check

MuPDF error: library error: zlib error: incorrect header check

MuPDF error: library error: zlib error: incorrect header check

MuPDF error: library error: zlib error: incorrect header check

MuPDF error: library error: zlib error: incorrect header check

MuPDF error: library error: zlib error: incorrect header check

MuPDF error: library error: zlib error: incorrect header check

MuPDF error: library error: zlib error: incorrect header check

MuPDF error: library error: zlib error: incorrect header check

MuPDF error: library error: zlib error: incorrect header check

MuPDF error: library error: zlib error: incorrect header check

MuPDF error: library error: zlib error: incorrect header check

MuPDF error: library error: zlib error: incorrect header check

MuPDF error: library error: zlib error: incorrect header check

MuPDF error: library error: zlib error: incorrect header check

MuPDF error: library error: zlib error: incorrect header check

MuPDF error: library error: zlib error: incorrect header check

MuPDF error: library error: zlib error: incorrect header check

MuPDF error: library error: zlib error: incorrect header check

MuPDF error: library error: zlib error: incorrect header check

MuPDF error: library error: zlib error: incorrect header check

MuPDF error: library error: zlib error: incorrect header check

MuPDF error: library error: zlib error: incorrect header check

MuPDF error: library error: zlib error: incorrect header check

MuPDF error: library error: zlib error: incorrect header check

MuPDF error: library error: zlib error: incorrect header check

MuPDF error: library error: zlib error: incorrect header check

MuPDF error: library error: zlib error: incorrect header check

MuPDF error: library error: zlib error: incorrect header check

MuPDF error: library error: zlib error: incorrect header check

MuPDF error: library error: zlib error: incorrect header check

MuPDF error: library error: zlib error: incorrect header check

MuPDF error: library error: zlib error: incorrect header check

MuPDF error: library error: zlib error: incorrect header check

MuPDF error: library error: zlib error: incorrect header check

MuPDF error: library error: zlib error: incorrect header check

MuPDF error: library error: zlib error: incorrect header check

MuPDF error: library error: zlib error: incorrect header check

MuPDF error: library error: zlib error: incorrect header check

MuPDF error: library error: zlib error: incorrect header check

MuPDF error: library error: zlib error: incorrect header check

MuPDF error: library error: zlib error: incorrect header check

MuPDF error: library error: zlib error: incorrect header check

MuPDF error: library error: zlib error: incorrect header check

MuPDF error: library error: zlib error: incorrect header check

MuPDF error: library error: zlib error: incorrect header check

MuPDF error: library error: zlib error: incorrect header check

MuPDF error: library error: zlib error: incorrect header check

MuPDF error: library error: zlib error: incorrect header check

MuPDF error: library error: zlib error: incorrect header check

MuPDF error: library error: zlib error: incorrect header check

MuPDF error: library error: zlib error: incorrect header check

MuPDF error: library error: zlib error: incorrect header check

MuPDF error: library error: zlib error: incorrect header check

MuPDF error: library error: zlib error: incorrect header check

MuPDF error: library error: zlib error: incorrect header check

MuPDF error: library error: zlib error: incorrect header check

MuPDF error: library error: zlib error: incorrect header check

MuPDF error: library error: zlib error: incorrect header check

MuPDF error: library error: zlib error: incorrect header check

MuPDF error: library error: zlib error: incorrect header check

MuPDF error: library error: zlib error: incorrect header check

MuPDF error: library error: zlib error: incorrect header check

MuPDF error: library error: zlib error: incorrect header check

MuPDF error: library error: zlib error: incorrect header check

MuPDF error: library error: zlib error: incorrect header check

MuPDF error: library error: zlib error: incorrect header check

MuPDF error: library error: zlib error: unknown compression method

MuPDF error: library error: zlib error: incorrect header check

MuPDF error: library error: zlib error: incorrect header check

MuPDF error: library error: zlib error: incorrect header check

MuPDF error: library error: zlib error: incorrect header check

MuPDF error: library error: zlib error: incorrect header check

MuPDF error: library error: zlib error: incorrect header check

MuPDF error: library error: zlib error: incorrect header check

MuPDF error: library error: zlib error: incorrect header check

MuPDF error: library error: zlib error: incorrect header check

MuPDF error: library error: zlib error: incorrect header check

MuPDF error: library error: zlib error: incorrect header check

MuPDF error: library error: zlib error: incorrect header check

MuPDF error: library error: zlib error: incorrect header check

MuPDF error: library error: zlib error: incorrect header check

MuPDF error: library error: zlib error: incorrect header check

MuPDF error: library error: zlib error: incorrect header check

MuPDF error: library error: zlib error: incorrect header check

MuPDF error: library error: zlib error: incorrect header check

MuPDF error: library error: zlib error: unknown compression method

MuPDF error: library error: zlib error: incorrect header check

MuPDF error: library error: zlib error: incorrect header check

MuPDF error: library error: zlib error: incorrect header check

MuPDF error: library error: zlib error: incorrect header check

MuPDF error: library error: zlib error: incorrect header check

MuPDF error: library error: zlib error: incorrect header check

MuPDF error: library error: zlib error: incorrect header check

MuPDF error: library error: zlib error: incorrect header check

MuPDF error: library error: zlib error: incorrect header check

MuPDF error: library error: zlib error: unknown compression method

MuPDF error: library error: zlib error: incorrect header check

MuPDF error: library error: zlib error: incorrect header check

MuPDF error: library error: zlib error: incorrect header check

MuPDF error: library error: zlib error: incorrect header check

MuPDF error: library error: zlib error: incorrect header check

MuPDF error: library error: zlib error: incorrect header check

MuPDF error: library error: zlib error: incorrect header check

MuPDF error: library error: zlib error: incorrect header check

MuPDF error: library error: zlib error: incorrect header check

MuPDF error: library error: zlib error: unknown compression method

MuPDF error: library error: zlib error: incorrect header check

MuPDF error: library error: zlib error: incorrect header check

MuPDF error: library error: zlib error: incorrect header check

MuPDF error: library error: zlib error: incorrect header check

MuPDF error: library error: zlib error: incorrect header check

MuPDF error: library error: zlib error: incorrect header check

MuPDF error: library error: zlib error: incorrect header check

MuPDF error: library error: zlib error: incorrect header check

MuPDF error: library error: zlib error: incorrect header check

MuPDF error: library error: zlib error: incorrect header check

MuPDF error: library error: zlib error: unknown compression method

MuPDF error: library error: zlib error: incorrect header check

Traceback (most recent call last):
  File "C:\Python314\Lib\site-packages\pymupdf\__init__.py", line 3013, in __init__
    doc = mupdf.fz_open_document_with_stream_and_dir(suffix, fz_stream, archive.this)
  File "C:\Python314\Lib\site-packages\pymupdf\mupdf.py", line 53426, in fz_open_document_with_stream_and_dir
    return _mupdf.fz_open_document_with_stream_and_dir(magic, stream, dir)
           ~~~~~~~~~~~~~~~~~~~~~~~~~~~~~~~~~~~~~~~~~~~^^^^^^^^^^^^^^^^^^^^
pymupdf.mupdf.FzErrorFormat: code=7: no objects found

The above exception was the direct cause of the following exception:

Traceback (most recent call last):
  File "F:\开发软件项目文件\对练社交\batch_extract_docs.py", line 251, in main
    text = extract_pdf(f)
  File "F:\开发软件项目文件\对练社交\batch_extract_docs.py", line 84, in extract_pdf
    doc = pymupdf.open(pdf_path)
  File "C:\Python314\Lib\site-packages\pymupdf\__init__.py", line 3016, in __init__
    raise FileDataError(f'Failed to open file {filename!r} as type {suffix}.') from e
pymupdf.FileDataError: Failed to open file 'G:\\BaiduNetdiskDownload\\高情商话术\\B.精选好书合集\\思维认知54本合集\\17.《学会生存》.pdf' as typ
e pdf.
MuPDF error: library error: zlib error: incorrect header check

MuPDF error: library error: zlib error: incorrect header check

MuPDF error: library error: zlib error: incorrect header check

MuPDF error: library error: zlib error: incorrect header check

MuPDF error: library error: zlib error: unknown compression method

MuPDF error: library error: zlib error: incorrect header check

MuPDF error: library error: zlib error: incorrect header check

MuPDF error: library error: zlib error: incorrect header check

MuPDF error: library error: zlib error: incorrect header check

MuPDF error: library error: zlib error: incorrect header check

MuPDF error: library error: zlib error: incorrect header check

MuPDF error: library error: zlib error: incorrect header check

MuPDF error: library error: zlib error: incorrect header check

Traceback (most recent call last):
  File "C:\Python314\Lib\site-packages\pymupdf\__init__.py", line 3013, in __init__
    doc = mupdf.fz_open_document_with_stream_and_dir(suffix, fz_stream, archive.this)
  File "C:\Python314\Lib\site-packages\pymupdf\mupdf.py", line 53426, in fz_open_document_with_stream_and_dir
    return _mupdf.fz_open_document_with_stream_and_dir(magic, stream, dir)
           ~~~~~~~~~~~~~~~~~~~~~~~~~~~~~~~~~~~~~~~~~~~^^^^^^^^^^^^^^^^^^^^
pymupdf.mupdf.FzErrorFormat: code=7: no objects found

The above exception was the direct cause of the following exception:

Traceback (most recent call last):
  File "F:\开发软件项目文件\对练社交\batch_extract_docs.py", line 251, in main
    text = extract_pdf(f)
  File "F:\开发软件项目文件\对练社交\batch_extract_docs.py", line 84, in extract_pdf
    doc = pymupdf.open(pdf_path)
  File "C:\Python314\Lib\site-packages\pymupdf\__init__.py", line 3016, in __init__
    raise FileDataError(f'Failed to open file {filename!r} as type {suffix}.') from e
pymupdf.FileDataError: Failed to open file 'G:\\BaiduNetdiskDownload\\高情商话术\\B.精选好书合集\\思维认知54本合集\\18.《财务自由之路：赢家法则》.pdf'
 as type pdf.
Traceback (most recent call last):
  File "C:\Python314\Lib\site-packages\pymupdf\__init__.py", line 3013, in __init__
    doc = mupdf.fz_open_document_with_stream_and_dir(suffix, fz_stream, archive.this)
  File "C:\Python314\Lib\site-packages\pymupdf\mupdf.py", line 53426, in fz_open_document_with_stream_and_dir
    return _mupdf.fz_open_document_with_stream_and_dir(magic, stream, dir)
           ~~~~~~~~~~~~~~~~~~~~~~~~~~~~~~~~~~~~~~~~~~~^^^^^^^^^^^^^^^^^^^^
pymupdf.mupdf.FzErrorFormat: code=7: no objects found

The above exception was the direct cause of the following exception:

Traceback (most recent call last):
  File "F:\开发软件项目文件\对练社交\batch_extract_docs.py", line 251, in main
    text = extract_pdf(f)
  File "F:\开发软件项目文件\对练社交\batch_extract_docs.py", line 84, in extract_pdf
    doc = pymupdf.open(pdf_path)
  File "C:\Python314\Lib\site-packages\pymupdf\__init__.py", line 3016, in __init__
    raise FileDataError(f'Failed to open file {filename!r} as type {suffix}.') from e
pymupdf.FileDataError: Failed to open file 'G:\\BaiduNetdiskDownload\\高情商话术\\B.精选好书合集\\思维认知54本合集\\19.《穷人的底层逻辑》.pdf' as 
type pdf.
Traceback (most recent call last):
  File "C:\Python314\Lib\site-packages\pymupdf\__init__.py", line 3013, in __init__
    doc = mupdf.fz_open_document_with_stream_and_dir(suffix, fz_stream, archive.this)
  File "C:\Python314\Lib\site-packages\pymupdf\mupdf.py", line 53426, in fz_open_document_with_stream_and_dir
    return _mupdf.fz_open_document_with_stream_and_dir(magic, stream, dir)
           ~~~~~~~~~~~~~~~~~~~~~~~~~~~~~~~~~~~~~~~~~~~^^^^^^^^^^^^^^^^^^^^
pymupdf.mupdf.FzErrorFormat: code=7: no objects found

The above exception was the direct cause of the following exception:

Traceback (most recent call last):
  File "F:\开发软件项目文件\对练社交\batch_extract_docs.py", line 251, in main
    text = extract_pdf(f)
  File "F:\开发软件项目文件\对练社交\batch_extract_docs.py", line 84, in extract_pdf
    doc = pymupdf.open(pdf_path)
  File "C:\Python314\Lib\site-packages\pymupdf\__init__.py", line 3016, in __init__
    raise FileDataError(f'Failed to open file {filename!r} as type {suffix}.') from e
pymupdf.FileDataError: Failed to open file 'G:\\BaiduNetdiskDownload\\高情商话术\\B.精选好书合集\\思维认知54本合集\\2.《中国社会各阶层心理分析》.pdf' 
as type pdf.
Traceback (most recent call last):
  File "C:\Python314\Lib\site-packages\pymupdf\__init__.py", line 3013, in __init__
    doc = mupdf.fz_open_document_with_stream_and_dir(suffix, fz_stream, archive.this)
  File "C:\Python314\Lib\site-packages\pymupdf\mupdf.py", line 53426, in fz_open_document_with_stream_and_dir
    return _mupdf.fz_open_document_with_stream_and_dir(magic, stream, dir)
           ~~~~~~~~~~~~~~~~~~~~~~~~~~~~~~~~~~~~~~~~~~~^^^^^^^^^^^^^^^^^^^^
pymupdf.mupdf.FzErrorFormat: code=7: no objects found

The above exception was the direct cause of the following exception:

Traceback (most recent call last):
  File "F:\开发软件项目文件\对练社交\batch_extract_docs.py", line 251, in main
    text = extract_pdf(f)
  File "F:\开发软件项目文件\对练社交\batch_extract_docs.py", line 84, in extract_pdf
    doc = pymupdf.open(pdf_path)
  File "C:\Python314\Lib\site-packages\pymupdf\__init__.py", line 3016, in __init__
    raise FileDataError(f'Failed to open file {filename!r} as type {suffix}.') from e
pymupdf.FileDataError: Failed to open file 'G:\\BaiduNetdiskDownload\\高情商话术\\B.精选好书合集\\思维认知54本合集\\20.《精进如何成为一个厉害的人》.pdf
' as type pdf.
Traceback (most recent call last):
  File "C:\Python314\Lib\site-packages\pymupdf\__init__.py", line 3013, in __init__
    doc = mupdf.fz_open_document_with_stream_and_dir(suffix, fz_stream, archive.this)
  File "C:\Python314\Lib\site-packages\pymupdf\mupdf.py", line 53426, in fz_open_document_with_stream_and_dir
    return _mupdf.fz_open_document_with_stream_and_dir(magic, stream, dir)
           ~~~~~~~~~~~~~~~~~~~~~~~~~~~~~~~~~~~~~~~~~~~^^^^^^^^^^^^^^^^^^^^
pymupdf.mupdf.FzErrorFormat: code=7: no objects found

The above exception was the direct cause of the following exception:

Traceback (most recent call last):
  File "F:\开发软件项目文件\对练社交\batch_extract_docs.py", line 251, in main
    text = extract_pdf(f)
  File "F:\开发软件项目文件\对练社交\batch_extract_docs.py", line 84, in extract_pdf
    doc = pymupdf.open(pdf_path)
  File "C:\Python314\Lib\site-packages\pymupdf\__init__.py", line 3016, in __init__
    raise FileDataError(f'Failed to open file {filename!r} as type {suffix}.') from e
pymupdf.FileDataError: Failed to open file 'G:\\BaiduNetdiskDownload\\高情商话术\\B.精选好书合集\\思维认知54本合集\\21.《开悟觉醒绝世秘籍 》.pdf' a
s type pdf.
Traceback (most recent call last):
  File "C:\Python314\Lib\site-packages\pymupdf\__init__.py", line 3013, in __init__
    doc = mupdf.fz_open_document_with_stream_and_dir(suffix, fz_stream, archive.this)
  File "C:\Python314\Lib\site-packages\pymupdf\mupdf.py", line 53426, in fz_open_document_with_stream_and_dir
    return _mupdf.fz_open_document_with_stream_and_dir(magic, stream, dir)
           ~~~~~~~~~~~~~~~~~~~~~~~~~~~~~~~~~~~~~~~~~~~^^^^^^^^^^^^^^^^^^^^
pymupdf.mupdf.FzErrorFormat: code=7: no objects found

The above exception was the direct cause of the following exception:

Traceback (most recent call last):
  File "F:\开发软件项目文件\对练社交\batch_extract_docs.py", line 251, in main
    text = extract_pdf(f)
  File "F:\开发软件项目文件\对练社交\batch_extract_docs.py", line 84, in extract_pdf
    doc = pymupdf.open(pdf_path)
  File "C:\Python314\Lib\site-packages\pymupdf\__init__.py", line 3016, in __init__
    raise FileDataError(f'Failed to open file {filename!r} as type {suffix}.') from e
pymupdf.FileDataError: Failed to open file 'G:\\BaiduNetdiskDownload\\高情商话术\\B.精选好书合集\\思维认知54本合集\\23.《开窍开悟开智》.pdf' as t
ype pdf.
Traceback (most recent call last):
  File "C:\Python314\Lib\site-packages\pymupdf\__init__.py", line 3013, in __init__
    doc = mupdf.fz_open_document_with_stream_and_dir(suffix, fz_stream, archive.this)
  File "C:\Python314\Lib\site-packages\pymupdf\mupdf.py", line 53426, in fz_open_document_with_stream_and_dir
    return _mupdf.fz_open_document_with_stream_and_dir(magic, stream, dir)
           ~~~~~~~~~~~~~~~~~~~~~~~~~~~~~~~~~~~~~~~~~~~^^^^^^^^^^^^^^^^^^^^
pymupdf.mupdf.FzErrorFormat: code=7: no objects found

The above exception was the direct cause of the following exception:

Traceback (most recent call last):
  File "F:\开发软件项目文件\对练社交\batch_extract_docs.py", line 251, in main
    text = extract_pdf(f)
  File "F:\开发软件项目文件\对练社交\batch_extract_docs.py", line 84, in extract_pdf
    doc = pymupdf.open(pdf_path)
  File "C:\Python314\Lib\site-packages\pymupdf\__init__.py", line 3016, in __init__
    raise FileDataError(f'Failed to open file {filename!r} as type {suffix}.') from e
pymupdf.FileDataError: Failed to open file 'G:\\BaiduNetdiskDownload\\高情商话术\\B.精选好书合集\\思维认知54本合集\\24.《阴谋家的最高智慧》.pdf' as
 type pdf.
Traceback (most recent call last):
  File "C:\Python314\Lib\site-packages\pymupdf\__init__.py", line 3013, in __init__
    doc = mupdf.fz_open_document_with_stream_and_dir(suffix, fz_stream, archive.this)
  File "C:\Python314\Lib\site-packages\pymupdf\mupdf.py", line 53426, in fz_open_document_with_stream_and_dir
    return _mupdf.fz_open_document_with_stream_and_dir(magic, stream, dir)
           ~~~~~~~~~~~~~~~~~~~~~~~~~~~~~~~~~~~~~~~~~~~^^^^^^^^^^^^^^^^^^^^
pymupdf.mupdf.FzErrorFormat: code=7: no objects found

The above exception was the direct cause of the following exception:

Traceback (most recent call last):
  File "F:\开发软件项目文件\对练社交\batch_extract_docs.py", line 251, in main
    text = extract_pdf(f)
  File "F:\开发软件项目文件\对练社交\batch_extract_docs.py", line 84, in extract_pdf
    doc = pymupdf.open(pdf_path)
  File "C:\Python314\Lib\site-packages\pymupdf\__init__.py", line 3016, in __init__
    raise FileDataError(f'Failed to open file {filename!r} as type {suffix}.') from e
pymupdf.FileDataError: Failed to open file 'G:\\BaiduNetdiskDownload\\高情商话术\\B.精选好书合集\\思维认知54本合集\\25.《野心家运用手册 上》.pdf' a
s type pdf.
Traceback (most recent call last):
  File "C:\Python314\Lib\site-packages\pymupdf\__init__.py", line 3013, in __init__
    doc = mupdf.fz_open_document_with_stream_and_dir(suffix, fz_stream, archive.this)
  File "C:\Python314\Lib\site-packages\pymupdf\mupdf.py", line 53426, in fz_open_document_with_stream_and_dir
    return _mupdf.fz_open_document_with_stream_and_dir(magic, stream, dir)
           ~~~~~~~~~~~~~~~~~~~~~~~~~~~~~~~~~~~~~~~~~~~^^^^^^^^^^^^^^^^^^^^
pymupdf.mupdf.FzErrorFormat: code=7: no objects found

The above exception was the direct cause of the following exception:

Traceback (most recent call last):
  File "F:\开发软件项目文件\对练社交\batch_extract_docs.py", line 251, in main
    text = extract_pdf(f)
  File "F:\开发软件项目文件\对练社交\batch_extract_docs.py", line 84, in extract_pdf
    doc = pymupdf.open(pdf_path)
  File "C:\Python314\Lib\site-packages\pymupdf\__init__.py", line 3016, in __init__
    raise FileDataError(f'Failed to open file {filename!r} as type {suffix}.') from e
pymupdf.FileDataError: Failed to open file 'G:\\BaiduNetdiskDownload\\高情商话术\\B.精选好书合集\\思维认知54本合集\\25.《野心家运用手册 下》.pdf' a
s type pdf.
Traceback (most recent call last):
  File "C:\Python314\Lib\site-packages\pymupdf\__init__.py", line 3013, in __init__
    doc = mupdf.fz_open_document_with_stream_and_dir(suffix, fz_stream, archive.this)
  File "C:\Python314\Lib\site-packages\pymupdf\mupdf.py", line 53426, in fz_open_document_with_stream_and_dir
    return _mupdf.fz_open_document_with_stream_and_dir(magic, stream, dir)
           ~~~~~~~~~~~~~~~~~~~~~~~~~~~~~~~~~~~~~~~~~~~^^^^^^^^^^^^^^^^^^^^
pymupdf.mupdf.FzErrorFormat: code=7: no objects found

The above exception was the direct cause of the following exception:

Traceback (most recent call last):
  File "F:\开发软件项目文件\对练社交\batch_extract_docs.py", line 251, in main
    text = extract_pdf(f)
  File "F:\开发软件项目文件\对练社交\batch_extract_docs.py", line 84, in extract_pdf
    doc = pymupdf.open(pdf_path)
  File "C:\Python314\Lib\site-packages\pymupdf\__init__.py", line 3016, in __init__
    raise FileDataError(f'Failed to open file {filename!r} as type {suffix}.') from e
pymupdf.FileDataError: Failed to open file 'G:\\BaiduNetdiskDownload\\高情商话术\\B.精选好书合集\\思维认知54本合集\\25.《野心家运用手册 中》.pdf' a
s type pdf.
Traceback (most recent call last):
  File "C:\Python314\Lib\site-packages\pymupdf\__init__.py", line 3013, in __init__
    doc = mupdf.fz_open_document_with_stream_and_dir(suffix, fz_stream, archive.this)
  File "C:\Python314\Lib\site-packages\pymupdf\mupdf.py", line 53426, in fz_open_document_with_stream_and_dir
    return _mupdf.fz_open_document_with_stream_and_dir(magic, stream, dir)
           ~~~~~~~~~~~~~~~~~~~~~~~~~~~~~~~~~~~~~~~~~~~^^^^^^^^^^^^^^^^^^^^
pymupdf.mupdf.FzErrorFormat: code=7: no objects found

The above exception was the direct cause of the following exception:

Traceback (most recent call last):
  File "F:\开发软件项目文件\对练社交\batch_extract_docs.py", line 251, in main
    text = extract_pdf(f)
  File "F:\开发软件项目文件\对练社交\batch_extract_docs.py", line 84, in extract_pdf
    doc = pymupdf.open(pdf_path)
  File "C:\Python314\Lib\site-packages\pymupdf\__init__.py", line 3016, in __init__
    raise FileDataError(f'Failed to open file {filename!r} as type {suffix}.') from e
pymupdf.FileDataError: Failed to open file 'G:\\BaiduNetdiskDownload\\高情商话术\\B.精选好书合集\\思维认知54本合集\\27.《认知觉醒：天潜意识进化心法 》.p
df' as type pdf.
Traceback (most recent call last):
  File "C:\Python314\Lib\site-packages\pymupdf\__init__.py", line 3013, in __init__
    doc = mupdf.fz_open_document_with_stream_and_dir(suffix, fz_stream, archive.this)
  File "C:\Python314\Lib\site-packages\pymupdf\mupdf.py", line 53426, in fz_open_document_with_stream_and_dir
    return _mupdf.fz_open_document_with_stream_and_dir(magic, stream, dir)
           ~~~~~~~~~~~~~~~~~~~~~~~~~~~~~~~~~~~~~~~~~~~^^^^^^^^^^^^^^^^^^^^
pymupdf.mupdf.FzErrorFormat: code=7: no objects found

The above exception was the direct cause of the following exception:

Traceback (most recent call last):
  File "F:\开发软件项目文件\对练社交\batch_extract_docs.py", line 251, in main
    text = extract_pdf(f)
  File "F:\开发软件项目文件\对练社交\batch_extract_docs.py", line 84, in extract_pdf
    doc = pymupdf.open(pdf_path)
  File "C:\Python314\Lib\site-packages\pymupdf\__init__.py", line 3016, in __init__
    raise FileDataError(f'Failed to open file {filename!r} as type {suffix}.') from e
pymupdf.FileDataError: Failed to open file 'G:\\BaiduNetdiskDownload\\高情商话术\\B.精选好书合集\\思维认知54本合集\\28.《反认知觉醒》.pdf' as ty
pe pdf.
Traceback (most recent call last):
  File "C:\Python314\Lib\site-packages\pymupdf\__init__.py", line 3013, in __init__
    doc = mupdf.fz_open_document_with_stream_and_dir(suffix, fz_stream, archive.this)
  File "C:\Python314\Lib\site-packages\pymupdf\mupdf.py", line 53426, in fz_open_document_with_stream_and_dir
    return _mupdf.fz_open_document_with_stream_and_dir(magic, stream, dir)
           ~~~~~~~~~~~~~~~~~~~~~~~~~~~~~~~~~~~~~~~~~~~^^^^^^^^^^^^^^^^^^^^
pymupdf.mupdf.FzErrorFormat: code=7: no objects found

The above exception was the direct cause of the following exception:

Traceback (most recent call last):
  File "F:\开发软件项目文件\对练社交\batch_extract_docs.py", line 251, in main
    text = extract_pdf(f)
  File "F:\开发软件项目文件\对练社交\batch_extract_docs.py", line 84, in extract_pdf
    doc = pymupdf.open(pdf_path)
  File "C:\Python314\Lib\site-packages\pymupdf\__init__.py", line 3016, in __init__
    raise FileDataError(f'Failed to open file {filename!r} as type {suffix}.') from e
pymupdf.FileDataError: Failed to open file 'G:\\BaiduNetdiskDownload\\高情商话术\\B.精选好书合集\\思维认知54本合集\\3.《智商税预防手册》.pdf' as t
ype pdf.
Traceback (most recent call last):
  File "C:\Python314\Lib\site-packages\pymupdf\__init__.py", line 3013, in __init__
    doc = mupdf.fz_open_document_with_stream_and_dir(suffix, fz_stream, archive.this)
  File "C:\Python314\Lib\site-packages\pymupdf\mupdf.py", line 53426, in fz_open_document_with_stream_and_dir
    return _mupdf.fz_open_document_with_stream_and_dir(magic, stream, dir)
           ~~~~~~~~~~~~~~~~~~~~~~~~~~~~~~~~~~~~~~~~~~~^^^^^^^^^^^^^^^^^^^^
pymupdf.mupdf.FzErrorFormat: code=7: no objects found

The above exception was the direct cause of the following exception:

Traceback (most recent call last):
  File "F:\开发软件项目文件\对练社交\batch_extract_docs.py", line 251, in main
    text = extract_pdf(f)
  File "F:\开发软件项目文件\对练社交\batch_extract_docs.py", line 84, in extract_pdf
    doc = pymupdf.open(pdf_path)
  File "C:\Python314\Lib\site-packages\pymupdf\__init__.py", line 3016, in __init__
    raise FileDataError(f'Failed to open file {filename!r} as type {suffix}.') from e
pymupdf.FileDataError: Failed to open file 'G:\\BaiduNetdiskDownload\\高情商话术\\B.精选好书合集\\思维认知54本合集\\31.《认知驱动》.pdf' as typ
e pdf.
  ✅ → 06-人性认知思维/16.《觉醒》.md (11KB)

[519/957] (54%) [06-人性认知思维] 17.《学会生存》.pdf
  ❌ 失败: Failed to open file 'G:\\BaiduNetdiskDownload\\高情商话术\\B.精选好书合集\\思维认知54本合集\\17.《学会生存》.pdf' as type pdf.

[520/957] (54%) [06-人性认知思维] 18.《财务自由之路：赢家法则》.pdf
  ❌ 失败: Failed to open file 'G:\\BaiduNetdiskDownload\\高情商话术\\B.精选好书合集\\思维认知54本合集\\18.《财务自由之路：赢家法则》.pdf' as type pdf.

[521/957] (54%) [06-人性认知思维] 19.《穷人的底层逻辑》.pdf
  ❌ 失败: Failed to open file 'G:\\BaiduNetdiskDownload\\高情商话术\\B.精选好书合集\\思维认知54本合集\\19.《穷人的底层逻辑》.pdf' as type pdf.

[522/957] (55%) [06-人性认知思维] 2.《中国社会各阶层心理分析》.pdf
  ❌ 失败: Failed to open file 'G:\\BaiduNetdiskDownload\\高情商话术\\B.精选好书合集\\思维认知54本合集\\2.《中国社会各阶层心理分析》.pdf' as type pdf.

[523/957] (55%) [06-人性认知思维] 20.《精进如何成为一个厉害的人》.pdf
  ❌ 失败: Failed to open file 'G:\\BaiduNetdiskDownload\\高情商话术\\B.精选好书合集\\思维认知54本合集\\20.《精进如何成为一个厉害的人》.pdf' as type pdf.

[524/957] (55%) [06-人性认知思维] 21.《开悟觉醒绝世秘籍 》.pdf
  ❌ 失败: Failed to open file 'G:\\BaiduNetdiskDownload\\高情商话术\\B.精选好书合集\\思维认知54本合集\\21.《开悟觉醒绝世秘籍 》.pdf' as type pdf.

[525/957] (55%) [06-人性认知思维] 22.《强势文化心法》.pdf
  ⚠️ 空内容 → 跳过

[526/957] (55%) [06-人性认知思维] 23.《开窍开悟开智》.pdf
  ❌ 失败: Failed to open file 'G:\\BaiduNetdiskDownload\\高情商话术\\B.精选好书合集\\思维认知54本合集\\23.《开窍开悟开智》.pdf' as type pdf.

[527/957] (55%) [06-人性认知思维] 24.《阴谋家的最高智慧》.pdf
  ❌ 失败: Failed to open file 'G:\\BaiduNetdiskDownload\\高情商话术\\B.精选好书合集\\思维认知54本合集\\24.《阴谋家的最高智慧》.pdf' as type pdf.

[528/957] (55%) [06-人性认知思维] 25.《野心家运用手册 上》.pdf
  ❌ 失败: Failed to open file 'G:\\BaiduNetdiskDownload\\高情商话术\\B.精选好书合集\\思维认知54本合集\\25.《野心家运用手册 上》.pdf' as type pdf.

[529/957] (55%) [06-人性认知思维] 25.《野心家运用手册 下》.pdf
  ❌ 失败: Failed to open file 'G:\\BaiduNetdiskDownload\\高情商话术\\B.精选好书合集\\思维认知54本合集\\25.《野心家运用手册 下》.pdf' as type pdf.

[530/957] (55%) [06-人性认知思维] 25.《野心家运用手册 中》.pdf
  ❌ 失败: Failed to open file 'G:\\BaiduNetdiskDownload\\高情商话术\\B.精选好书合集\\思维认知54本合集\\25.《野心家运用手册 中》.pdf' as type pdf.

[531/957] (55%) [06-人性认知思维] 26.《认知破局》.pdf
  ✅ → 06-人性认知思维/26.《认知破局》.md (22KB)

[532/957] (56%) [06-人性认知思维] 27.《认知觉醒：天潜意识进化心法 》.pdf
  ❌ 失败: Failed to open file 'G:\\BaiduNetdiskDownload\\高情商话术\\B.精选好书合集\\思维认知54本合集\\27.《认知觉醒：天潜意识进化心法 》.pdf' as type pdf.

[533/957] (56%) [06-人性认知思维] 28.《反认知觉醒》.pdf
  ❌ 失败: Failed to open file 'G:\\BaiduNetdiskDownload\\高情商话术\\B.精选好书合集\\思维认知54本合集\\28.《反认知觉醒》.pdf' as type pdf.

[534/957] (56%) [06-人性认知思维] 29.《关系幕僚》.pdf
  ⚠️ 空内容 → 跳过

[535/957] (56%) [06-人性认知思维] 3.《智商税预防手册》.pdf
  ❌ 失败: Failed to open file 'G:\\BaiduNetdiskDownload\\高情商话术\\B.精选好书合集\\思维认知54本合集\\3.《智商税预防手册》.pdf' as type pdf.

[536/957] (56%) [06-人性认知思维] 30.《内在成长》.pdf
  ✅ → 06-人性认知思维/30.《内在成长》.md (443KB)

[537/957] (56%) [06-人性认知思维] 31.《认知驱动》.pdf
  ❌ 失败: Failed to open file 'G:\\BaiduNetdiskDownload\\高情商话术\\B.精选好书合集\\思维认知54本合集\\31.《认知驱动》.pdf' as type pdf.

[538/957] (56%) [06-人性认知思维] 32.《颠覆认知的花钱圣经》.pdf
  ✅ → 06-人性认知思维/32.《颠覆认知的花钱圣经》.md (497KB)

[539/957] (56%) [06-人性认知思维] 33.《如何成为一个厉害的高手》.pdf
  ✅ → 06-人性认知思维/33.《如何成为一个厉害的高手》.md (7KB)

[540/957] (56%) [06-人性认知思维] 34.《看懂世界本质的思考术》.pdf
MuPDF error: format error: non-page object in page tree

Traceback (most recent call last):
  File "C:\Python314\Lib\site-packages\pymupdf\__init__.py", line 3013, in __init__
    doc = mupdf.fz_open_document_with_stream_and_dir(suffix, fz_stream, archive.this)
  File "C:\Python314\Lib\site-packages\pymupdf\mupdf.py", line 53426, in fz_open_document_with_stream_and_dir
    return _mupdf.fz_open_document_with_stream_and_dir(magic, stream, dir)
           ~~~~~~~~~~~~~~~~~~~~~~~~~~~~~~~~~~~~~~~~~~~^^^^^^^^^^^^^^^^^^^^
pymupdf.mupdf.FzErrorFormat: code=7: no objects found

The above exception was the direct cause of the following exception:

Traceback (most recent call last):
  File "F:\开发软件项目文件\对练社交\batch_extract_docs.py", line 251, in main
    text = extract_pdf(f)
  File "F:\开发软件项目文件\对练社交\batch_extract_docs.py", line 84, in extract_pdf
    doc = pymupdf.open(pdf_path)
  File "C:\Python314\Lib\site-packages\pymupdf\__init__.py", line 3016, in __init__
    raise FileDataError(f'Failed to open file {filename!r} as type {suffix}.') from e
pymupdf.FileDataError: Failed to open file 'G:\\BaiduNetdiskDownload\\高情商话术\\B.精选好书合集\\思维认知54本合集\\35.《阶层跃进与认知》.pdf' as 
type pdf.
Traceback (most recent call last):
  File "C:\Python314\Lib\site-packages\pymupdf\__init__.py", line 3013, in __init__
    doc = mupdf.fz_open_document_with_stream_and_dir(suffix, fz_stream, archive.this)
  File "C:\Python314\Lib\site-packages\pymupdf\mupdf.py", line 53426, in fz_open_document_with_stream_and_dir
    return _mupdf.fz_open_document_with_stream_and_dir(magic, stream, dir)
           ~~~~~~~~~~~~~~~~~~~~~~~~~~~~~~~~~~~~~~~~~~~^^^^^^^^^^^^^^^^^^^^
pymupdf.mupdf.FzErrorFormat: code=7: no objects found

The above exception was the direct cause of the following exception:

Traceback (most recent call last):
  File "F:\开发软件项目文件\对练社交\batch_extract_docs.py", line 251, in main
    text = extract_pdf(f)
  File "F:\开发软件项目文件\对练社交\batch_extract_docs.py", line 84, in extract_pdf
    doc = pymupdf.open(pdf_path)
  File "C:\Python314\Lib\site-packages\pymupdf\__init__.py", line 3016, in __init__
    raise FileDataError(f'Failed to open file {filename!r} as type {suffix}.') from e
pymupdf.FileDataError: Failed to open file 'G:\\BaiduNetdiskDownload\\高情商话术\\B.精选好书合集\\思维认知54本合集\\36.《超认知经济学》.pdf' as t
ype pdf.
Traceback (most recent call last):
  File "C:\Python314\Lib\site-packages\pymupdf\__init__.py", line 3013, in __init__
    doc = mupdf.fz_open_document_with_stream_and_dir(suffix, fz_stream, archive.this)
  File "C:\Python314\Lib\site-packages\pymupdf\mupdf.py", line 53426, in fz_open_document_with_stream_and_dir
    return _mupdf.fz_open_document_with_stream_and_dir(magic, stream, dir)
           ~~~~~~~~~~~~~~~~~~~~~~~~~~~~~~~~~~~~~~~~~~~^^^^^^^^^^^^^^^^^^^^
pymupdf.mupdf.FzErrorFormat: code=7: no objects found

The above exception was the direct cause of the following exception:

Traceback (most recent call last):
  File "F:\开发软件项目文件\对练社交\batch_extract_docs.py", line 251, in main
    text = extract_pdf(f)
  File "F:\开发软件项目文件\对练社交\batch_extract_docs.py", line 84, in extract_pdf
    doc = pymupdf.open(pdf_path)
  File "C:\Python314\Lib\site-packages\pymupdf\__init__.py", line 3016, in __init__
    raise FileDataError(f'Failed to open file {filename!r} as type {suffix}.') from e
pymupdf.FileDataError: Failed to open file 'G:\\BaiduNetdiskDownload\\高情商话术\\B.精选好书合集\\思维认知54本合集\\38.《心智突围》.pdf' as typ
e pdf.
Traceback (most recent call last):
  File "C:\Python314\Lib\site-packages\pymupdf\__init__.py", line 3013, in __init__
    doc = mupdf.fz_open_document_with_stream_and_dir(suffix, fz_stream, archive.this)
  File "C:\Python314\Lib\site-packages\pymupdf\mupdf.py", line 53426, in fz_open_document_with_stream_and_dir
    return _mupdf.fz_open_document_with_stream_and_dir(magic, stream, dir)
           ~~~~~~~~~~~~~~~~~~~~~~~~~~~~~~~~~~~~~~~~~~~^^^^^^^^^^^^^^^^^^^^
pymupdf.mupdf.FzErrorFormat: code=7: no objects found

The above exception was the direct cause of the following exception:

Traceback (most recent call last):
  File "F:\开发软件项目文件\对练社交\batch_extract_docs.py", line 251, in main
    text = extract_pdf(f)
  File "F:\开发软件项目文件\对练社交\batch_extract_docs.py", line 84, in extract_pdf
    doc = pymupdf.open(pdf_path)
  File "C:\Python314\Lib\site-packages\pymupdf\__init__.py", line 3016, in __init__
    raise FileDataError(f'Failed to open file {filename!r} as type {suffix}.') from e
pymupdf.FileDataError: Failed to open file 'G:\\BaiduNetdiskDownload\\高情商话术\\B.精选好书合集\\思维认知54本合集\\39.《破圈》.pdf' as type 
pdf.
Traceback (most recent call last):
  File "C:\Python314\Lib\site-packages\pymupdf\__init__.py", line 3013, in __init__
    doc = mupdf.fz_open_document_with_stream_and_dir(suffix, fz_stream, archive.this)
  File "C:\Python314\Lib\site-packages\pymupdf\mupdf.py", line 53426, in fz_open_document_with_stream_and_dir
    return _mupdf.fz_open_document_with_stream_and_dir(magic, stream, dir)
           ~~~~~~~~~~~~~~~~~~~~~~~~~~~~~~~~~~~~~~~~~~~^^^^^^^^^^^^^^^^^^^^
pymupdf.mupdf.FzErrorFormat: code=7: no objects found

The above exception was the direct cause of the following exception:

Traceback (most recent call last):
  File "F:\开发软件项目文件\对练社交\batch_extract_docs.py", line 251, in main
    text = extract_pdf(f)
  File "F:\开发软件项目文件\对练社交\batch_extract_docs.py", line 84, in extract_pdf
    doc = pymupdf.open(pdf_path)
  File "C:\Python314\Lib\site-packages\pymupdf\__init__.py", line 3016, in __init__
    raise FileDataError(f'Failed to open file {filename!r} as type {suffix}.') from e
pymupdf.FileDataError: Failed to open file 'G:\\BaiduNetdiskDownload\\高情商话术\\B.精选好书合集\\思维认知54本合集\\40.《通往财富自由之路》.pdf' as
 type pdf.
Traceback (most recent call last):
  File "C:\Python314\Lib\site-packages\pymupdf\__init__.py", line 3013, in __init__
    doc = mupdf.fz_open_document_with_stream_and_dir(suffix, fz_stream, archive.this)
  File "C:\Python314\Lib\site-packages\pymupdf\mupdf.py", line 53426, in fz_open_document_with_stream_and_dir
    return _mupdf.fz_open_document_with_stream_and_dir(magic, stream, dir)
           ~~~~~~~~~~~~~~~~~~~~~~~~~~~~~~~~~~~~~~~~~~~^^^^^^^^^^^^^^^^^^^^
pymupdf.mupdf.FzErrorFormat: code=7: no objects found

The above exception was the direct cause of the following exception:

Traceback (most recent call last):
  File "F:\开发软件项目文件\对练社交\batch_extract_docs.py", line 251, in main
    text = extract_pdf(f)
  File "F:\开发软件项目文件\对练社交\batch_extract_docs.py", line 84, in extract_pdf
    doc = pymupdf.open(pdf_path)
  File "C:\Python314\Lib\site-packages\pymupdf\__init__.py", line 3016, in __init__
    raise FileDataError(f'Failed to open file {filename!r} as type {suffix}.') from e
pymupdf.FileDataError: Failed to open file 'G:\\BaiduNetdiskDownload\\高情商话术\\B.精选好书合集\\思维认知54本合集\\41.《洞悉社会真相高深度思考的秘密》.p
df' as type pdf.
Traceback (most recent call last):
  File "C:\Python314\Lib\site-packages\pymupdf\__init__.py", line 3013, in __init__
    doc = mupdf.fz_open_document_with_stream_and_dir(suffix, fz_stream, archive.this)
  File "C:\Python314\Lib\site-packages\pymupdf\mupdf.py", line 53426, in fz_open_document_with_stream_and_dir
    return _mupdf.fz_open_document_with_stream_and_dir(magic, stream, dir)
           ~~~~~~~~~~~~~~~~~~~~~~~~~~~~~~~~~~~~~~~~~~~^^^^^^^^^^^^^^^^^^^^
pymupdf.mupdf.FzErrorFormat: code=7: no objects found

The above exception was the direct cause of the following exception:

Traceback (most recent call last):
  File "F:\开发软件项目文件\对练社交\batch_extract_docs.py", line 251, in main
    text = extract_pdf(f)
  File "F:\开发软件项目文件\对练社交\batch_extract_docs.py", line 84, in extract_pdf
    doc = pymupdf.open(pdf_path)
  File "C:\Python314\Lib\site-packages\pymupdf\__init__.py", line 3016, in __init__
    raise FileDataError(f'Failed to open file {filename!r} as type {suffix}.') from e
pymupdf.FileDataError: Failed to open file 'G:\\BaiduNetdiskDownload\\高情商话术\\B.精选好书合集\\思维认知54本合集\\42.《封神之路》.pdf' as typ
e pdf.
Traceback (most recent call last):
  File "C:\Python314\Lib\site-packages\pymupdf\__init__.py", line 3013, in __init__
    doc = mupdf.fz_open_document_with_stream_and_dir(suffix, fz_stream, archive.this)
  File "C:\Python314\Lib\site-packages\pymupdf\mupdf.py", line 53426, in fz_open_document_with_stream_and_dir
    return _mupdf.fz_open_document_with_stream_and_dir(magic, stream, dir)
           ~~~~~~~~~~~~~~~~~~~~~~~~~~~~~~~~~~~~~~~~~~~^^^^^^^^^^^^^^^^^^^^
pymupdf.mupdf.FzErrorFormat: code=7: no objects found

The above exception was the direct cause of the following exception:

Traceback (most recent call last):
  File "F:\开发软件项目文件\对练社交\batch_extract_docs.py", line 251, in main
    text = extract_pdf(f)
  File "F:\开发软件项目文件\对练社交\batch_extract_docs.py", line 84, in extract_pdf
    doc = pymupdf.open(pdf_path)
  File "C:\Python314\Lib\site-packages\pymupdf\__init__.py", line 3016, in __init__
    raise FileDataError(f'Failed to open file {filename!r} as type {suffix}.') from e
pymupdf.FileDataError: Failed to open file 'G:\\BaiduNetdiskDownload\\高情商话术\\B.精选好书合集\\思维认知54本合集\\43.《早起的奇迹》.pdf' as ty
pe pdf.
Traceback (most recent call last):
  File "C:\Python314\Lib\site-packages\pymupdf\__init__.py", line 3013, in __init__
    doc = mupdf.fz_open_document_with_stream_and_dir(suffix, fz_stream, archive.this)
  File "C:\Python314\Lib\site-packages\pymupdf\mupdf.py", line 53426, in fz_open_document_with_stream_and_dir
    return _mupdf.fz_open_document_with_stream_and_dir(magic, stream, dir)
           ~~~~~~~~~~~~~~~~~~~~~~~~~~~~~~~~~~~~~~~~~~~^^^^^^^^^^^^^^^^^^^^
pymupdf.mupdf.FzErrorFormat: code=7: no objects found

The above exception was the direct cause of the following exception:

Traceback (most recent call last):
  File "F:\开发软件项目文件\对练社交\batch_extract_docs.py", line 251, in main
    text = extract_pdf(f)
  File "F:\开发软件项目文件\对练社交\batch_extract_docs.py", line 84, in extract_pdf
    doc = pymupdf.open(pdf_path)
  File "C:\Python314\Lib\site-packages\pymupdf\__init__.py", line 3016, in __init__
    raise FileDataError(f'Failed to open file {filename!r} as type {suffix}.') from e
pymupdf.FileDataError: Failed to open file 'G:\\BaiduNetdiskDownload\\高情商话术\\B.精选好书合集\\思维认知54本合集\\44.《强者手册》.pdf' as typ
e pdf.
Traceback (most recent call last):
  File "C:\Python314\Lib\site-packages\pymupdf\__init__.py", line 3013, in __init__
    doc = mupdf.fz_open_document_with_stream_and_dir(suffix, fz_stream, archive.this)
  File "C:\Python314\Lib\site-packages\pymupdf\mupdf.py", line 53426, in fz_open_document_with_stream_and_dir
    return _mupdf.fz_open_document_with_stream_and_dir(magic, stream, dir)
           ~~~~~~~~~~~~~~~~~~~~~~~~~~~~~~~~~~~~~~~~~~~^^^^^^^^^^^^^^^^^^^^
pymupdf.mupdf.FzErrorFormat: code=7: no objects found

The above exception was the direct cause of the following exception:

Traceback (most recent call last):
  File "F:\开发软件项目文件\对练社交\batch_extract_docs.py", line 251, in main
    text = extract_pdf(f)
  File "F:\开发软件项目文件\对练社交\batch_extract_docs.py", line 84, in extract_pdf
    doc = pymupdf.open(pdf_path)
  File "C:\Python314\Lib\site-packages\pymupdf\__init__.py", line 3016, in __init__
    raise FileDataError(f'Failed to open file {filename!r} as type {suffix}.') from e
pymupdf.FileDataError: Failed to open file 'G:\\BaiduNetdiskDownload\\高情商话术\\B.精选好书合集\\思维认知54本合集\\45.《老子的逆袭人生》.pdf' as 
type pdf.
Traceback (most recent call last):
  File "C:\Python314\Lib\site-packages\pymupdf\__init__.py", line 3013, in __init__
    doc = mupdf.fz_open_document_with_stream_and_dir(suffix, fz_stream, archive.this)
  File "C:\Python314\Lib\site-packages\pymupdf\mupdf.py", line 53426, in fz_open_document_with_stream_and_dir
    return _mupdf.fz_open_document_with_stream_and_dir(magic, stream, dir)
           ~~~~~~~~~~~~~~~~~~~~~~~~~~~~~~~~~~~~~~~~~~~^^^^^^^^^^^^^^^^^^^^
pymupdf.mupdf.FzErrorFormat: code=7: no objects found

The above exception was the direct cause of the following exception:

Traceback (most recent call last):
  File "F:\开发软件项目文件\对练社交\batch_extract_docs.py", line 251, in main
    text = extract_pdf(f)
  File "F:\开发软件项目文件\对练社交\batch_extract_docs.py", line 84, in extract_pdf
    doc = pymupdf.open(pdf_path)
  File "C:\Python314\Lib\site-packages\pymupdf\__init__.py", line 3016, in __init__
    raise FileDataError(f'Failed to open file {filename!r} as type {suffix}.') from e
pymupdf.FileDataError: Failed to open file 'G:\\BaiduNetdiskDownload\\高情商话术\\B.精选好书合集\\思维认知54本合集\\47.《像有钱人一样思考》.pdf' as
 type pdf.
Traceback (most recent call last):
  File "C:\Python314\Lib\site-packages\pymupdf\__init__.py", line 3013, in __init__
    doc = mupdf.fz_open_document_with_stream_and_dir(suffix, fz_stream, archive.this)
  File "C:\Python314\Lib\site-packages\pymupdf\mupdf.py", line 53426, in fz_open_document_with_stream_and_dir
    return _mupdf.fz_open_document_with_stream_and_dir(magic, stream, dir)
           ~~~~~~~~~~~~~~~~~~~~~~~~~~~~~~~~~~~~~~~~~~~^^^^^^^^^^^^^^^^^^^^
pymupdf.mupdf.FzErrorFormat: code=7: no objects found

The above exception was the direct cause of the following exception:

Traceback (most recent call last):
  File "F:\开发软件项目文件\对练社交\batch_extract_docs.py", line 251, in main
    text = extract_pdf(f)
  File "F:\开发软件项目文件\对练社交\batch_extract_docs.py", line 84, in extract_pdf
    doc = pymupdf.open(pdf_path)
  File "C:\Python314\Lib\site-packages\pymupdf\__init__.py", line 3016, in __init__
    raise FileDataError(f'Failed to open file {filename!r} as type {suffix}.') from e
pymupdf.FileDataError: Failed to open file 'G:\\BaiduNetdiskDownload\\高情商话术\\B.精选好书合集\\思维认知54本合集\\5.《隐性思维操控术Ⅰ—原理篇》.pdf'
 as type pdf.
Traceback (most recent call last):
  File "C:\Python314\Lib\site-packages\pymupdf\__init__.py", line 3013, in __init__
    doc = mupdf.fz_open_document_with_stream_and_dir(suffix, fz_stream, archive.this)
  File "C:\Python314\Lib\site-packages\pymupdf\mupdf.py", line 53426, in fz_open_document_with_stream_and_dir
    return _mupdf.fz_open_document_with_stream_and_dir(magic, stream, dir)
           ~~~~~~~~~~~~~~~~~~~~~~~~~~~~~~~~~~~~~~~~~~~^^^^^^^^^^^^^^^^^^^^
pymupdf.mupdf.FzErrorFormat: code=7: no objects found

The above exception was the direct cause of the following exception:

Traceback (most recent call last):
  File "F:\开发软件项目文件\对练社交\batch_extract_docs.py", line 251, in main
    text = extract_pdf(f)
  File "F:\开发软件项目文件\对练社交\batch_extract_docs.py", line 84, in extract_pdf
    doc = pymupdf.open(pdf_path)
  File "C:\Python314\Lib\site-packages\pymupdf\__init__.py", line 3016, in __init__
    raise FileDataError(f'Failed to open file {filename!r} as type {suffix}.') from e
pymupdf.FileDataError: Failed to open file 'G:\\BaiduNetdiskDownload\\高情商话术\\B.精选好书合集\\思维认知54本合集\\5.《隐性思维操控术Ⅱ—策略篇》.pdf'
 as type pdf.
Traceback (most recent call last):
  File "C:\Python314\Lib\site-packages\pymupdf\__init__.py", line 3013, in __init__
    doc = mupdf.fz_open_document_with_stream_and_dir(suffix, fz_stream, archive.this)
  File "C:\Python314\Lib\site-packages\pymupdf\mupdf.py", line 53426, in fz_open_document_with_stream_and_dir
    return _mupdf.fz_open_document_with_stream_and_dir(magic, stream, dir)
           ~~~~~~~~~~~~~~~~~~~~~~~~~~~~~~~~~~~~~~~~~~~^^^^^^^^^^^^^^^^^^^^
pymupdf.mupdf.FzErrorFormat: code=7: no objects found

The above exception was the direct cause of the following exception:

Traceback (most recent call last):
  File "F:\开发软件项目文件\对练社交\batch_extract_docs.py", line 251, in main
    text = extract_pdf(f)
  File "F:\开发软件项目文件\对练社交\batch_extract_docs.py", line 84, in extract_pdf
    doc = pymupdf.open(pdf_path)
  File "C:\Python314\Lib\site-packages\pymupdf\__init__.py", line 3016, in __init__
    raise FileDataError(f'Failed to open file {filename!r} as type {suffix}.') from e
pymupdf.FileDataError: Failed to open file 'G:\\BaiduNetdiskDownload\\高情商话术\\B.精选好书合集\\思维认知54本合集\\50.《内在清醒力》.pdf' as ty
pe pdf.
Traceback (most recent call last):
  File "C:\Python314\Lib\site-packages\pymupdf\__init__.py", line 3013, in __init__
    doc = mupdf.fz_open_document_with_stream_and_dir(suffix, fz_stream, archive.this)
  File "C:\Python314\Lib\site-packages\pymupdf\mupdf.py", line 53426, in fz_open_document_with_stream_and_dir
    return _mupdf.fz_open_document_with_stream_and_dir(magic, stream, dir)
           ~~~~~~~~~~~~~~~~~~~~~~~~~~~~~~~~~~~~~~~~~~~^^^^^^^^^^^^^^^^^^^^
pymupdf.mupdf.FzErrorFormat: code=7: no objects found

The above exception was the direct cause of the following exception:

Traceback (most recent call last):
  File "F:\开发软件项目文件\对练社交\batch_extract_docs.py", line 251, in main
    text = extract_pdf(f)
  File "F:\开发软件项目文件\对练社交\batch_extract_docs.py", line 84, in extract_pdf
    doc = pymupdf.open(pdf_path)
  File "C:\Python314\Lib\site-packages\pymupdf\__init__.py", line 3016, in __init__
    raise FileDataError(f'Failed to open file {filename!r} as type {suffix}.') from e
pymupdf.FileDataError: Failed to open file 'G:\\BaiduNetdiskDownload\\高情商话术\\B.精选好书合集\\思维认知54本合集\\6.《稀缺》.pdf' as type p
df.
Traceback (most recent call last):
  File "C:\Python314\Lib\site-packages\pymupdf\__init__.py", line 3013, in __init__
    doc = mupdf.fz_open_document_with_stream_and_dir(suffix, fz_stream, archive.this)
  File "C:\Python314\Lib\site-packages\pymupdf\mupdf.py", line 53426, in fz_open_document_with_stream_and_dir
    return _mupdf.fz_open_document_with_stream_and_dir(magic, stream, dir)
           ~~~~~~~~~~~~~~~~~~~~~~~~~~~~~~~~~~~~~~~~~~~^^^^^^^^^^^^^^^^^^^^
pymupdf.mupdf.FzErrorFormat: code=7: no objects found

The above exception was the direct cause of the following exception:

Traceback (most recent call last):
  File "F:\开发软件项目文件\对练社交\batch_extract_docs.py", line 251, in main
    text = extract_pdf(f)
  File "F:\开发软件项目文件\对练社交\batch_extract_docs.py", line 84, in extract_pdf
    doc = pymupdf.open(pdf_path)
  File "C:\Python314\Lib\site-packages\pymupdf\__init__.py", line 3016, in __init__
    raise FileDataError(f'Failed to open file {filename!r} as type {suffix}.') from e
pymupdf.FileDataError: Failed to open file 'G:\\BaiduNetdiskDownload\\高情商话术\\B.精选好书合集\\思维认知54本合集\\8.《红尘破局之宇宙能量》.pdf' as
 type pdf.
Traceback (most recent call last):
  File "C:\Python314\Lib\site-packages\pymupdf\__init__.py", line 3013, in __init__
    doc = mupdf.fz_open_document_with_stream_and_dir(suffix, fz_stream, archive.this)
  File "C:\Python314\Lib\site-packages\pymupdf\mupdf.py", line 53426, in fz_open_document_with_stream_and_dir
    return _mupdf.fz_open_document_with_stream_and_dir(magic, stream, dir)
           ~~~~~~~~~~~~~~~~~~~~~~~~~~~~~~~~~~~~~~~~~~~^^^^^^^^^^^^^^^^^^^^
pymupdf.mupdf.FzErrorFormat: code=7: no objects found

The above exception was the direct cause of the following exception:

Traceback (most recent call last):
  File "F:\开发软件项目文件\对练社交\batch_extract_docs.py", line 251, in main
    text = extract_pdf(f)
  File "F:\开发软件项目文件\对练社交\batch_extract_docs.py", line 84, in extract_pdf
    doc = pymupdf.open(pdf_path)
  File "C:\Python314\Lib\site-packages\pymupdf\__init__.py", line 3016, in __init__
    raise FileDataError(f'Failed to open file {filename!r} as type {suffix}.') from e
pymupdf.FileDataError: Failed to open file 'G:\\BaiduNetdiskDownload\\高情商话术\\B.精选好书合集\\思维认知54本合集\\9.《上层人大脑》.pdf' as typ
e pdf.
Traceback (most recent call last):
  File "C:\Python314\Lib\site-packages\pymupdf\__init__.py", line 3013, in __init__
    doc = mupdf.fz_open_document_with_stream_and_dir(suffix, fz_stream, archive.this)
  File "C:\Python314\Lib\site-packages\pymupdf\mupdf.py", line 53426, in fz_open_document_with_stream_and_dir
    return _mupdf.fz_open_document_with_stream_and_dir(magic, stream, dir)
           ~~~~~~~~~~~~~~~~~~~~~~~~~~~~~~~~~~~~~~~~~~~^^^^^^^^^^^^^^^^^^^^
pymupdf.mupdf.FzErrorFormat: code=7: no objects found

The above exception was the direct cause of the following exception:

Traceback (most recent call last):
  File "F:\开发软件项目文件\对练社交\batch_extract_docs.py", line 251, in main
    text = extract_pdf(f)
  File "F:\开发软件项目文件\对练社交\batch_extract_docs.py", line 84, in extract_pdf
    doc = pymupdf.open(pdf_path)
  File "C:\Python314\Lib\site-packages\pymupdf\__init__.py", line 3016, in __init__
    raise FileDataError(f'Failed to open file {filename!r} as type {suffix}.') from e
pymupdf.FileDataError: Failed to open file 'G:\\BaiduNetdiskDownload\\高情商话术\\B.精选好书合集\\职场社交55本合集\\1.《职场智慧168问》.pdf' as 
type pdf.
Traceback (most recent call last):
  File "C:\Python314\Lib\site-packages\pymupdf\__init__.py", line 3013, in __init__
    doc = mupdf.fz_open_document_with_stream_and_dir(suffix, fz_stream, archive.this)
  File "C:\Python314\Lib\site-packages\pymupdf\mupdf.py", line 53426, in fz_open_document_with_stream_and_dir
    return _mupdf.fz_open_document_with_stream_and_dir(magic, stream, dir)
           ~~~~~~~~~~~~~~~~~~~~~~~~~~~~~~~~~~~~~~~~~~~^^^^^^^^^^^^^^^^^^^^
pymupdf.mupdf.FzErrorFormat: code=7: no objects found

The above exception was the direct cause of the following exception:

Traceback (most recent call last):
  File "F:\开发软件项目文件\对练社交\batch_extract_docs.py", line 251, in main
    text = extract_pdf(f)
  File "F:\开发软件项目文件\对练社交\batch_extract_docs.py", line 84, in extract_pdf
    doc = pymupdf.open(pdf_path)
  File "C:\Python314\Lib\site-packages\pymupdf\__init__.py", line 3016, in __init__
    raise FileDataError(f'Failed to open file {filename!r} as type {suffix}.') from e
pymupdf.FileDataError: Failed to open file 'G:\\BaiduNetdiskDownload\\高情商话术\\B.精选好书合集\\职场社交55本合集\\10.《机关的逻辑》.pdf' as ty
pe pdf.
Traceback (most recent call last):
  File "C:\Python314\Lib\site-packages\pymupdf\__init__.py", line 3013, in __init__
    doc = mupdf.fz_open_document_with_stream_and_dir(suffix, fz_stream, archive.this)
  File "C:\Python314\Lib\site-packages\pymupdf\mupdf.py", line 53426, in fz_open_document_with_stream_and_dir
    return _mupdf.fz_open_document_with_stream_and_dir(magic, stream, dir)
           ~~~~~~~~~~~~~~~~~~~~~~~~~~~~~~~~~~~~~~~~~~~^^^^^^^^^^^^^^^^^^^^
pymupdf.mupdf.FzErrorFormat: code=7: no objects found

The above exception was the direct cause of the following exception:

Traceback (most recent call last):
  File "F:\开发软件项目文件\对练社交\batch_extract_docs.py", line 251, in main
    text = extract_pdf(f)
  File "F:\开发软件项目文件\对练社交\batch_extract_docs.py", line 84, in extract_pdf
    doc = pymupdf.open(pdf_path)
  File "C:\Python314\Lib\site-packages\pymupdf\__init__.py", line 3016, in __init__
    raise FileDataError(f'Failed to open file {filename!r} as type {suffix}.') from e
pymupdf.FileDataError: Failed to open file 'G:\\BaiduNetdiskDownload\\高情商话术\\B.精选好书合集\\职场社交55本合集\\14.《职场权谋手段》.pdf' as t
ype pdf.
Traceback (most recent call last):
  File "C:\Python314\Lib\site-packages\pymupdf\__init__.py", line 3013, in __init__
    doc = mupdf.fz_open_document_with_stream_and_dir(suffix, fz_stream, archive.this)
  File "C:\Python314\Lib\site-packages\pymupdf\mupdf.py", line 53426, in fz_open_document_with_stream_and_dir
    return _mupdf.fz_open_document_with_stream_and_dir(magic, stream, dir)
           ~~~~~~~~~~~~~~~~~~~~~~~~~~~~~~~~~~~~~~~~~~~^^^^^^^^^^^^^^^^^^^^
pymupdf.mupdf.FzErrorFormat: code=7: no objects found

The above exception was the direct cause of the following exception:

Traceback (most recent call last):
  File "F:\开发软件项目文件\对练社交\batch_extract_docs.py", line 251, in main
    text = extract_pdf(f)
  File "F:\开发软件项目文件\对练社交\batch_extract_docs.py", line 84, in extract_pdf
    doc = pymupdf.open(pdf_path)
  File "C:\Python314\Lib\site-packages\pymupdf\__init__.py", line 3016, in __init__
    raise FileDataError(f'Failed to open file {filename!r} as type {suffix}.') from e
pymupdf.FileDataError: Failed to open file 'G:\\BaiduNetdiskDownload\\高情商话术\\B.精选好书合集\\职场社交55本合集\\18.《人情锁链》.pdf' as typ
e pdf.
Traceback (most recent call last):
  File "C:\Python314\Lib\site-packages\pymupdf\__init__.py", line 3013, in __init__
    doc = mupdf.fz_open_document_with_stream_and_dir(suffix, fz_stream, archive.this)
  File "C:\Python314\Lib\site-packages\pymupdf\mupdf.py", line 53426, in fz_open_document_with_stream_and_dir
    return _mupdf.fz_open_document_with_stream_and_dir(magic, stream, dir)
           ~~~~~~~~~~~~~~~~~~~~~~~~~~~~~~~~~~~~~~~~~~~^^^^^^^^^^^^^^^^^^^^
pymupdf.mupdf.FzErrorFormat: code=7: no objects found

The above exception was the direct cause of the following exception:

Traceback (most recent call last):
  File "F:\开发软件项目文件\对练社交\batch_extract_docs.py", line 251, in main
    text = extract_pdf(f)
  File "F:\开发软件项目文件\对练社交\batch_extract_docs.py", line 84, in extract_pdf
    doc = pymupdf.open(pdf_path)
  File "C:\Python314\Lib\site-packages\pymupdf\__init__.py", line 3016, in __init__
    raise FileDataError(f'Failed to open file {filename!r} as type {suffix}.') from e
pymupdf.FileDataError: Failed to open file 'G:\\BaiduNetdiskDownload\\高情商话术\\B.精选好书合集\\职场社交55本合集\\20.《关系操控术》.pdf' as ty
pe pdf.
Traceback (most recent call last):
  File "C:\Python314\Lib\site-packages\pymupdf\__init__.py", line 3013, in __init__
    doc = mupdf.fz_open_document_with_stream_and_dir(suffix, fz_stream, archive.this)
  File "C:\Python314\Lib\site-packages\pymupdf\mupdf.py", line 53426, in fz_open_document_with_stream_and_dir
    return _mupdf.fz_open_document_with_stream_and_dir(magic, stream, dir)
           ~~~~~~~~~~~~~~~~~~~~~~~~~~~~~~~~~~~~~~~~~~~^^^^^^^^^^^^^^^^^^^^
pymupdf.mupdf.FzErrorFormat: code=7: no objects found

The above exception was the direct cause of the following exception:

Traceback (most recent call last):
  File "F:\开发软件项目文件\对练社交\batch_extract_docs.py", line 251, in main
    text = extract_pdf(f)
  File "F:\开发软件项目文件\对练社交\batch_extract_docs.py", line 84, in extract_pdf
    doc = pymupdf.open(pdf_path)
  File "C:\Python314\Lib\site-packages\pymupdf\__init__.py", line 3016, in __init__
    raise FileDataError(f'Failed to open file {filename!r} as type {suffix}.') from e
pymupdf.FileDataError: Failed to open file 'G:\\BaiduNetdiskDownload\\高情商话术\\B.精选好书合集\\职场社交55本合集\\23.《职场厚黑学》.pdf' as ty
pe pdf.
Traceback (most recent call last):
  File "C:\Python314\Lib\site-packages\pymupdf\__init__.py", line 3013, in __init__
    doc = mupdf.fz_open_document_with_stream_and_dir(suffix, fz_stream, archive.this)
  File "C:\Python314\Lib\site-packages\pymupdf\mupdf.py", line 53426, in fz_open_document_with_stream_and_dir
    return _mupdf.fz_open_document_with_stream_and_dir(magic, stream, dir)
           ~~~~~~~~~~~~~~~~~~~~~~~~~~~~~~~~~~~~~~~~~~~^^^^^^^^^^^^^^^^^^^^
pymupdf.mupdf.FzErrorFormat: code=7: no objects found

The above exception was the direct cause of the following exception:

Traceback (most recent call last):
  File "F:\开发软件项目文件\对练社交\batch_extract_docs.py", line 251, in main
    text = extract_pdf(f)
  File "F:\开发软件项目文件\对练社交\batch_extract_docs.py", line 84, in extract_pdf
    doc = pymupdf.open(pdf_path)
  File "C:\Python314\Lib\site-packages\pymupdf\__init__.py", line 3016, in __init__
    raise FileDataError(f'Failed to open file {filename!r} as type {suffix}.') from e
pymupdf.FileDataError: Failed to open file 'G:\\BaiduNetdiskDownload\\高情商话术\\B.精选好书合集\\职场社交55本合集\\24.《上下级相处的艺术》.pdf' as
 type pdf.
Traceback (most recent call last):
  File "C:\Python314\Lib\site-packages\pymupdf\__init__.py", line 3013, in __init__
    doc = mupdf.fz_open_document_with_stream_and_dir(suffix, fz_stream, archive.this)
  File "C:\Python314\Lib\site-packages\pymupdf\mupdf.py", line 53426, in fz_open_document_with_stream_and_dir
    return _mupdf.fz_open_document_with_stream_and_dir(magic, stream, dir)
           ~~~~~~~~~~~~~~~~~~~~~~~~~~~~~~~~~~~~~~~~~~~^^^^^^^^^^^^^^^^^^^^
pymupdf.mupdf.FzErrorFormat: code=7: no objects found

The above exception was the direct cause of the following exception:

Traceback (most recent call last):
  File "F:\开发软件项目文件\对练社交\batch_extract_docs.py", line 251, in main
    text = extract_pdf(f)
  File "F:\开发软件项目文件\对练社交\batch_extract_docs.py", line 84, in extract_pdf
    doc = pymupdf.open(pdf_path)
  File "C:\Python314\Lib\site-packages\pymupdf\__init__.py", line 3016, in __init__
    raise FileDataError(f'Failed to open file {filename!r} as type {suffix}.') from e
pymupdf.FileDataError: Failed to open file 'G:\\BaiduNetdiskDownload\\高情商话术\\B.精选好书合集\\职场社交55本合集\\25.《生存谋略》.pdf' as typ
e pdf.
Traceback (most recent call last):
  File "C:\Python314\Lib\site-packages\pymupdf\__init__.py", line 3013, in __init__
    doc = mupdf.fz_open_document_with_stream_and_dir(suffix, fz_stream, archive.this)
  File "C:\Python314\Lib\site-packages\pymupdf\mupdf.py", line 53426, in fz_open_document_with_stream_and_dir
    return _mupdf.fz_open_document_with_stream_and_dir(magic, stream, dir)
           ~~~~~~~~~~~~~~~~~~~~~~~~~~~~~~~~~~~~~~~~~~~^^^^^^^^^^^^^^^^^^^^
pymupdf.mupdf.FzErrorFormat: code=7: no objects found

The above exception was the direct cause of the following exception:

Traceback (most recent call last):
  File "F:\开发软件项目文件\对练社交\batch_extract_docs.py", line 251, in main
    text = extract_pdf(f)
  File "F:\开发软件项目文件\对练社交\batch_extract_docs.py", line 84, in extract_pdf
    doc = pymupdf.open(pdf_path)
  File "C:\Python314\Lib\site-packages\pymupdf\__init__.py", line 3016, in __init__
    raise FileDataError(f'Failed to open file {filename!r} as type {suffix}.') from e
pymupdf.FileDataError: Failed to open file 'G:\\BaiduNetdiskDownload\\高情商话术\\B.精选好书合集\\职场社交55本合集\\27.《跟谁都处得来》.pdf' as t
ype pdf.
Traceback (most recent call last):
  File "C:\Python314\Lib\site-packages\pymupdf\__init__.py", line 3013, in __init__
    doc = mupdf.fz_open_document_with_stream_and_dir(suffix, fz_stream, archive.this)
  File "C:\Python314\Lib\site-packages\pymupdf\mupdf.py", line 53426, in fz_open_document_with_stream_and_dir
    return _mupdf.fz_open_document_with_stream_and_dir(magic, stream, dir)
           ~~~~~~~~~~~~~~~~~~~~~~~~~~~~~~~~~~~~~~~~~~~^^^^^^^^^^^^^^^^^^^^
pymupdf.mupdf.FzErrorFormat: code=7: no objects found

The above exception was the direct cause of the following exception:

Traceback (most recent call last):
  File "F:\开发软件项目文件\对练社交\batch_extract_docs.py", line 251, in main
    text = extract_pdf(f)
  File "F:\开发软件项目文件\对练社交\batch_extract_docs.py", line 84, in extract_pdf
    doc = pymupdf.open(pdf_path)
  File "C:\Python314\Lib\site-packages\pymupdf\__init__.py", line 3016, in __init__
    raise FileDataError(f'Failed to open file {filename!r} as type {suffix}.') from e
pymupdf.FileDataError: Failed to open file 'G:\\BaiduNetdiskDownload\\高情商话术\\B.精选好书合集\\职场社交55本合集\\28.《领导怎样与“头”相处》.pdf' 
as type pdf.
Traceback (most recent call last):
  File "C:\Python314\Lib\site-packages\pymupdf\__init__.py", line 3013, in __init__
    doc = mupdf.fz_open_document_with_stream_and_dir(suffix, fz_stream, archive.this)
  File "C:\Python314\Lib\site-packages\pymupdf\mupdf.py", line 53426, in fz_open_document_with_stream_and_dir
    return _mupdf.fz_open_document_with_stream_and_dir(magic, stream, dir)
           ~~~~~~~~~~~~~~~~~~~~~~~~~~~~~~~~~~~~~~~~~~~^^^^^^^^^^^^^^^^^^^^
pymupdf.mupdf.FzErrorFormat: code=7: no objects found

The above exception was the direct cause of the following exception:

Traceback (most recent call last):
  File "F:\开发软件项目文件\对练社交\batch_extract_docs.py", line 251, in main
    text = extract_pdf(f)
  File "F:\开发软件项目文件\对练社交\batch_extract_docs.py", line 84, in extract_pdf
    doc = pymupdf.open(pdf_path)
  File "C:\Python314\Lib\site-packages\pymupdf\__init__.py", line 3016, in __init__
    raise FileDataError(f'Failed to open file {filename!r} as type {suffix}.') from e
pymupdf.FileDataError: Failed to open file 'G:\\BaiduNetdiskDownload\\高情商话术\\B.精选好书合集\\职场社交55本合集\\30.《职场中的百科全书得到锦囊》.pdf
' as type pdf.
Traceback (most recent call last):
  File "C:\Python314\Lib\site-packages\pymupdf\__init__.py", line 3013, in __init__
    doc = mupdf.fz_open_document_with_stream_and_dir(suffix, fz_stream, archive.this)
  File "C:\Python314\Lib\site-packages\pymupdf\mupdf.py", line 53426, in fz_open_document_with_stream_and_dir
    return _mupdf.fz_open_document_with_stream_and_dir(magic, stream, dir)
           ~~~~~~~~~~~~~~~~~~~~~~~~~~~~~~~~~~~~~~~~~~~^^^^^^^^^^^^^^^^^^^^
pymupdf.mupdf.FzErrorFormat: code=7: no objects found

The above exception was the direct cause of the following exception:

Traceback (most recent call last):
  File "F:\开发软件项目文件\对练社交\batch_extract_docs.py", line 251, in main
    text = extract_pdf(f)
  File "F:\开发软件项目文件\对练社交\batch_extract_docs.py", line 84, in extract_pdf
    doc = pymupdf.open(pdf_path)
  File "C:\Python314\Lib\site-packages\pymupdf\__init__.py", line 3016, in __init__
    raise FileDataError(f'Failed to open file {filename!r} as type {suffix}.') from e
pymupdf.FileDataError: Failed to open file 'G:\\BaiduNetdiskDownload\\高情商话术\\B.精选好书合集\\职场社交55本合集\\32.《体制内生存之道》.pdf' as 
type pdf.
Traceback (most recent call last):
  File "C:\Python314\Lib\site-packages\pymupdf\__init__.py", line 3013, in __init__
    doc = mupdf.fz_open_document_with_stream_and_dir(suffix, fz_stream, archive.this)
  File "C:\Python314\Lib\site-packages\pymupdf\mupdf.py", line 53426, in fz_open_document_with_stream_and_dir
    return _mupdf.fz_open_document_with_stream_and_dir(magic, stream, dir)
           ~~~~~~~~~~~~~~~~~~~~~~~~~~~~~~~~~~~~~~~~~~~^^^^^^^^^^^^^^^^^^^^
pymupdf.mupdf.FzErrorFormat: code=7: no objects found

The above exception was the direct cause of the following exception:

Traceback (most recent call last):
  File "F:\开发软件项目文件\对练社交\batch_extract_docs.py", line 251, in main
    text = extract_pdf(f)
  File "F:\开发软件项目文件\对练社交\batch_extract_docs.py", line 84, in extract_pdf
    doc = pymupdf.open(pdf_path)
  File "C:\Python314\Lib\site-packages\pymupdf\__init__.py", line 3016, in __init__
    raise FileDataError(f'Failed to open file {filename!r} as type {suffix}.') from e
pymupdf.FileDataError: Failed to open file 'G:\\BaiduNetdiskDownload\\高情商话术\\B.精选好书合集\\职场社交55本合集\\33.《搞定饭局门》.pdf' as ty
pe pdf.
Traceback (most recent call last):
  File "C:\Python314\Lib\site-packages\pymupdf\__init__.py", line 3013, in __init__
    doc = mupdf.fz_open_document_with_stream_and_dir(suffix, fz_stream, archive.this)
  File "C:\Python314\Lib\site-packages\pymupdf\mupdf.py", line 53426, in fz_open_document_with_stream_and_dir
    return _mupdf.fz_open_document_with_stream_and_dir(magic, stream, dir)
           ~~~~~~~~~~~~~~~~~~~~~~~~~~~~~~~~~~~~~~~~~~~^^^^^^^^^^^^^^^^^^^^
pymupdf.mupdf.FzErrorFormat: code=7: no objects found

The above exception was the direct cause of the following exception:

Traceback (most recent call last):
  File "F:\开发软件项目文件\对练社交\batch_extract_docs.py", line 251, in main
    text = extract_pdf(f)
  File "F:\开发软件项目文件\对练社交\batch_extract_docs.py", line 84, in extract_pdf
    doc = pymupdf.open(pdf_path)
  File "C:\Python314\Lib\site-packages\pymupdf\__init__.py", line 3016, in __init__
    raise FileDataError(f'Failed to open file {filename!r} as type {suffix}.') from e
pymupdf.FileDataError: Failed to open file 'G:\\BaiduNetdiskDownload\\高情商话术\\B.精选好书合集\\职场社交55本合集\\34.《职场晋升心计》.pdf' as t
ype pdf.
Traceback (most recent call last):
  File "C:\Python314\Lib\site-packages\pymupdf\__init__.py", line 3013, in __init__
    doc = mupdf.fz_open_document_with_stream_and_dir(suffix, fz_stream, archive.this)
  File "C:\Python314\Lib\site-packages\pymupdf\mupdf.py", line 53426, in fz_open_document_with_stream_and_dir
    return _mupdf.fz_open_document_with_stream_and_dir(magic, stream, dir)
           ~~~~~~~~~~~~~~~~~~~~~~~~~~~~~~~~~~~~~~~~~~~^^^^^^^^^^^^^^^^^^^^
pymupdf.mupdf.FzErrorFormat: code=7: no objects found

The above exception was the direct cause of the following exception:

Traceback (most recent call last):
  File "F:\开发软件项目文件\对练社交\batch_extract_docs.py", line 251, in main
    text = extract_pdf(f)
  File "F:\开发软件项目文件\对练社交\batch_extract_docs.py", line 84, in extract_pdf
    doc = pymupdf.open(pdf_path)
  File "C:\Python314\Lib\site-packages\pymupdf\__init__.py", line 3016, in __init__
    raise FileDataError(f'Failed to open file {filename!r} as type {suffix}.') from e
pymupdf.FileDataError: Failed to open file 'G:\\BaiduNetdiskDownload\\高情商话术\\B.精选好书合集\\职场社交55本合集\\35.《下级功课》.pdf' as typ
e pdf.
Traceback (most recent call last):
  File "C:\Python314\Lib\site-packages\pymupdf\__init__.py", line 3013, in __init__
    doc = mupdf.fz_open_document_with_stream_and_dir(suffix, fz_stream, archive.this)
  File "C:\Python314\Lib\site-packages\pymupdf\mupdf.py", line 53426, in fz_open_document_with_stream_and_dir
    return _mupdf.fz_open_document_with_stream_and_dir(magic, stream, dir)
           ~~~~~~~~~~~~~~~~~~~~~~~~~~~~~~~~~~~~~~~~~~~^^^^^^^^^^^^^^^^^^^^
pymupdf.mupdf.FzErrorFormat: code=7: no objects found

The above exception was the direct cause of the following exception:

Traceback (most recent call last):
  File "F:\开发软件项目文件\对练社交\batch_extract_docs.py", line 251, in main
    text = extract_pdf(f)
  File "F:\开发软件项目文件\对练社交\batch_extract_docs.py", line 84, in extract_pdf
    doc = pymupdf.open(pdf_path)
  File "C:\Python314\Lib\site-packages\pymupdf\__init__.py", line 3016, in __init__
    raise FileDataError(f'Failed to open file {filename!r} as type {suffix}.') from e
pymupdf.FileDataError: Failed to open file 'G:\\BaiduNetdiskDownload\\高情商话术\\B.精选好书合集\\职场社交55本合集\\37.《三国职场谋生术》.pdf' as 
type pdf.
Traceback (most recent call last):
  File "C:\Python314\Lib\site-packages\pymupdf\__init__.py", line 3013, in __init__
    doc = mupdf.fz_open_document_with_stream_and_dir(suffix, fz_stream, archive.this)
  File "C:\Python314\Lib\site-packages\pymupdf\mupdf.py", line 53426, in fz_open_document_with_stream_and_dir
    return _mupdf.fz_open_document_with_stream_and_dir(magic, stream, dir)
           ~~~~~~~~~~~~~~~~~~~~~~~~~~~~~~~~~~~~~~~~~~~^^^^^^^^^^^^^^^^^^^^
pymupdf.mupdf.FzErrorFormat: code=7: no objects found

The above exception was the direct cause of the following exception:

Traceback (most recent call last):
  File "F:\开发软件项目文件\对练社交\batch_extract_docs.py", line 251, in main
    text = extract_pdf(f)
  File "F:\开发软件项目文件\对练社交\batch_extract_docs.py", line 84, in extract_pdf
    doc = pymupdf.open(pdf_path)
  File "C:\Python314\Lib\site-packages\pymupdf\__init__.py", line 3016, in __init__
    raise FileDataError(f'Failed to open file {filename!r} as type {suffix}.') from e
pymupdf.FileDataError: Failed to open file 'G:\\BaiduNetdiskDownload\\高情商话术\\B.精选好书合集\\职场社交55本合集\\40.《职场实用宝典》.pdf' as t
ype pdf.
Traceback (most recent call last):
  File "C:\Python314\Lib\site-packages\pymupdf\__init__.py", line 3013, in __init__
    doc = mupdf.fz_open_document_with_stream_and_dir(suffix, fz_stream, archive.this)
  File "C:\Python314\Lib\site-packages\pymupdf\mupdf.py", line 53426, in fz_open_document_with_stream_and_dir
    return _mupdf.fz_open_document_with_stream_and_dir(magic, stream, dir)
           ~~~~~~~~~~~~~~~~~~~~~~~~~~~~~~~~~~~~~~~~~~~^^^^^^^^^^^^^^^^^^^^
pymupdf.mupdf.FzErrorFormat: code=7: no objects found

The above exception was the direct cause of the following exception:

Traceback (most recent call last):
  File "F:\开发软件项目文件\对练社交\batch_extract_docs.py", line 251, in main
    text = extract_pdf(f)
  File "F:\开发软件项目文件\对练社交\batch_extract_docs.py", line 84, in extract_pdf
    doc = pymupdf.open(pdf_path)
  File "C:\Python314\Lib\site-packages\pymupdf\__init__.py", line 3016, in __init__
    raise FileDataError(f'Failed to open file {filename!r} as type {suffix}.') from e
pymupdf.FileDataError: Failed to open file 'G:\\BaiduNetdiskDownload\\高情商话术\\B.精选好书合集\\职场社交55本合集\\41.《职场处事经》.pdf' as ty
pe pdf.
Traceback (most recent call last):
  File "C:\Python314\Lib\site-packages\pymupdf\__init__.py", line 3013, in __init__
    doc = mupdf.fz_open_document_with_stream_and_dir(suffix, fz_stream, archive.this)
  File "C:\Python314\Lib\site-packages\pymupdf\mupdf.py", line 53426, in fz_open_document_with_stream_and_dir
    return _mupdf.fz_open_document_with_stream_and_dir(magic, stream, dir)
           ~~~~~~~~~~~~~~~~~~~~~~~~~~~~~~~~~~~~~~~~~~~^^^^^^^^^^^^^^^^^^^^
pymupdf.mupdf.FzErrorFormat: code=7: no objects found

The above exception was the direct cause of the following exception:

Traceback (most recent call last):
  File "F:\开发软件项目文件\对练社交\batch_extract_docs.py", line 251, in main
    text = extract_pdf(f)
  File "F:\开发软件项目文件\对练社交\batch_extract_docs.py", line 84, in extract_pdf
    doc = pymupdf.open(pdf_path)
  File "C:\Python314\Lib\site-packages\pymupdf\__init__.py", line 3016, in __init__
    raise FileDataError(f'Failed to open file {filename!r} as type {suffix}.') from e
pymupdf.FileDataError: Failed to open file 'G:\\BaiduNetdiskDownload\\高情商话术\\B.精选好书合集\\职场社交55本合集\\42.《大领导手段-关键篇》.pdf' a
s type pdf.
Traceback (most recent call last):
  File "C:\Python314\Lib\site-packages\pymupdf\__init__.py", line 3013, in __init__
    doc = mupdf.fz_open_document_with_stream_and_dir(suffix, fz_stream, archive.this)
  File "C:\Python314\Lib\site-packages\pymupdf\mupdf.py", line 53426, in fz_open_document_with_stream_and_dir
    return _mupdf.fz_open_document_with_stream_and_dir(magic, stream, dir)
           ~~~~~~~~~~~~~~~~~~~~~~~~~~~~~~~~~~~~~~~~~~~^^^^^^^^^^^^^^^^^^^^
pymupdf.mupdf.FzErrorFormat: code=7: no objects found

The above exception was the direct cause of the following exception:

Traceback (most recent call last):
  File "F:\开发软件项目文件\对练社交\batch_extract_docs.py", line 251, in main
    text = extract_pdf(f)
  File "F:\开发软件项目文件\对练社交\batch_extract_docs.py", line 84, in extract_pdf
    doc = pymupdf.open(pdf_path)
  File "C:\Python314\Lib\site-packages\pymupdf\__init__.py", line 3016, in __init__
    raise FileDataError(f'Failed to open file {filename!r} as type {suffix}.') from e
pymupdf.FileDataError: Failed to open file 'G:\\BaiduNetdiskDownload\\高情商话术\\B.精选好书合集\\职场社交55本合集\\43.《职场杀人性》.pdf' as ty
pe pdf.
  ✅ → 06-人性认知思维/34.《看懂世界本质的思考术》.md (6KB)

[541/957] (57%) [06-人性认知思维] 35.《阶层跃进与认知》.pdf
  ❌ 失败: Failed to open file 'G:\\BaiduNetdiskDownload\\高情商话术\\B.精选好书合集\\思维认知54本合集\\35.《阶层跃进与认知》.pdf' as type pdf.

[542/957] (57%) [06-人性认知思维] 36.《超认知经济学》.pdf
  ❌ 失败: Failed to open file 'G:\\BaiduNetdiskDownload\\高情商话术\\B.精选好书合集\\思维认知54本合集\\36.《超认知经济学》.pdf' as type pdf.

[543/957] (57%) [06-人性认知思维] 37.《生命觉醒》.pdf
  ⚠️ 空内容 → 跳过

[544/957] (57%) [06-人性认知思维] 38.《心智突围》.pdf
  ❌ 失败: Failed to open file 'G:\\BaiduNetdiskDownload\\高情商话术\\B.精选好书合集\\思维认知54本合集\\38.《心智突围》.pdf' as type pdf.

[545/957] (57%) [06-人性认知思维] 39.《破圈》.pdf
  ❌ 失败: Failed to open file 'G:\\BaiduNetdiskDownload\\高情商话术\\B.精选好书合集\\思维认知54本合集\\39.《破圈》.pdf' as type pdf.

[546/957] (57%) [06-人性认知思维] 4.《顶尖思维密码》.pdf
  ⚠️ 空内容 → 跳过

[547/957] (57%) [06-人性认知思维] 40.《通往财富自由之路》.pdf
  ❌ 失败: Failed to open file 'G:\\BaiduNetdiskDownload\\高情商话术\\B.精选好书合集\\思维认知54本合集\\40.《通往财富自由之路》.pdf' as type pdf.

[548/957] (57%) [06-人性认知思维] 41.《洞悉社会真相高深度思考的秘密》.pdf
  ❌ 失败: Failed to open file 'G:\\BaiduNetdiskDownload\\高情商话术\\B.精选好书合集\\思维认知54本合集\\41.《洞悉社会真相高深度思考的秘密》.pdf' as type pdf.

[549/957] (57%) [06-人性认知思维] 42.《封神之路》.pdf
  ❌ 失败: Failed to open file 'G:\\BaiduNetdiskDownload\\高情商话术\\B.精选好书合集\\思维认知54本合集\\42.《封神之路》.pdf' as type pdf.

[550/957] (57%) [06-人性认知思维] 43.《早起的奇迹》.pdf
  ❌ 失败: Failed to open file 'G:\\BaiduNetdiskDownload\\高情商话术\\B.精选好书合集\\思维认知54本合集\\43.《早起的奇迹》.pdf' as type pdf.

[551/957] (58%) [06-人性认知思维] 44.《强者手册》.pdf
  ❌ 失败: Failed to open file 'G:\\BaiduNetdiskDownload\\高情商话术\\B.精选好书合集\\思维认知54本合集\\44.《强者手册》.pdf' as type pdf.

[552/957] (58%) [06-人性认知思维] 45.《老子的逆袭人生》.pdf
  ❌ 失败: Failed to open file 'G:\\BaiduNetdiskDownload\\高情商话术\\B.精选好书合集\\思维认知54本合集\\45.《老子的逆袭人生》.pdf' as type pdf.

[553/957] (58%) [06-人性认知思维] 46.《被遮蔽的真相》.pdf
  ⚠️ 空内容 → 跳过

[554/957] (58%) [06-人性认知思维] 47.《像有钱人一样思考》.pdf
  ❌ 失败: Failed to open file 'G:\\BaiduNetdiskDownload\\高情商话术\\B.精选好书合集\\思维认知54本合集\\47.《像有钱人一样思考》.pdf' as type pdf.

[555/957] (58%) [06-人性认知思维] 48.《强者心法》.pdf
  ⚠️ 空内容 → 跳过

[556/957] (58%) [06-人性认知思维] 49.《一年顶十年》.pdf
  ✅ → 06-人性认知思维/49.《一年顶十年》.md (163KB)

[557/957] (58%) [06-人性认知思维] 5.《隐性思维操控术Ⅰ—原理篇》.pdf
  ❌ 失败: Failed to open file 'G:\\BaiduNetdiskDownload\\高情商话术\\B.精选好书合集\\思维认知54本合集\\5.《隐性思维操控术Ⅰ—原理篇》.pdf' as type pdf.

[558/957] (58%) [06-人性认知思维] 5.《隐性思维操控术Ⅱ—策略篇》.pdf
  ❌ 失败: Failed to open file 'G:\\BaiduNetdiskDownload\\高情商话术\\B.精选好书合集\\思维认知54本合集\\5.《隐性思维操控术Ⅱ—策略篇》.pdf' as type pdf.

[559/957] (58%) [06-人性认知思维] 50.《内在清醒力》.pdf
  ❌ 失败: Failed to open file 'G:\\BaiduNetdiskDownload\\高情商话术\\B.精选好书合集\\思维认知54本合集\\50.《内在清醒力》.pdf' as type pdf.

[560/957] (59%) [06-人性认知思维] 6.《稀缺》.pdf
  ❌ 失败: Failed to open file 'G:\\BaiduNetdiskDownload\\高情商话术\\B.精选好书合集\\思维认知54本合集\\6.《稀缺》.pdf' as type pdf.

[561/957] (59%) [06-人性认知思维] 7.《世界如此险恶你要内心强大》.pdf
  ⚠️ 空内容 → 跳过

[562/957] (59%) [06-人性认知思维] 8.《红尘破局之宇宙能量》.pdf
  ❌ 失败: Failed to open file 'G:\\BaiduNetdiskDownload\\高情商话术\\B.精选好书合集\\思维认知54本合集\\8.《红尘破局之宇宙能量》.pdf' as type pdf.

[563/957] (59%) [06-人性认知思维] 9.《上层人大脑》.pdf
  ❌ 失败: Failed to open file 'G:\\BaiduNetdiskDownload\\高情商话术\\B.精选好书合集\\思维认知54本合集\\9.《上层人大脑》.pdf' as type pdf.

[564/957] (59%) [04-职场社交提升] 1.《职场智慧168问》.pdf
  ❌ 失败: Failed to open file 'G:\\BaiduNetdiskDownload\\高情商话术\\B.精选好书合集\\职场社交55本合集\\1.《职场智慧168问》.pdf' as type pdf.

[565/957] (59%) [04-职场社交提升] 10.《机关的逻辑》.pdf
  ❌ 失败: Failed to open file 'G:\\BaiduNetdiskDownload\\高情商话术\\B.精选好书合集\\职场社交55本合集\\10.《机关的逻辑》.pdf' as type pdf.

[566/957] (59%) [04-职场社交提升] 11.《学会和领导面对面说话》.pdf
  ⚠️ 空内容 → 跳过

[567/957] (59%) [04-职场社交提升] 12.《职场饭局规则全知道》2016.01.pdf
  ✅ → 04-职场社交提升/12.《职场饭局规则全知道》2016.01.md (4KB)

[568/957] (59%) [04-职场社交提升] 13.《职场权谋宝典》.pdf
  ⚠️ 空内容 → 跳过

[569/957] (59%) [04-职场社交提升] 14.《职场权谋手段》.pdf
  ❌ 失败: Failed to open file 'G:\\BaiduNetdiskDownload\\高情商话术\\B.精选好书合集\\职场社交55本合集\\14.《职场权谋手段》.pdf' as type pdf.

[570/957] (60%) [04-职场社交提升] 15.《我是这样送礼的》.pdf
  ⚠️ 空内容 → 跳过

[571/957] (60%) [04-职场社交提升] 16.《人情世故自救指南》.pdf
  ⚠️ 空内容 → 跳过

[572/957] (60%) [04-职场社交提升] 17.《大手笔是怎样炼成的》.pdf
  ⚠️ 空内容 → 跳过

[573/957] (60%) [04-职场社交提升] 18.《人情锁链》.pdf
  ❌ 失败: Failed to open file 'G:\\BaiduNetdiskDownload\\高情商话术\\B.精选好书合集\\职场社交55本合集\\18.《人情锁链》.pdf' as type pdf.

[574/957] (60%) [04-职场社交提升] 19.《做下级的学问》.pdf
  ⚠️ 空内容 → 跳过

[575/957] (60%) [04-职场社交提升] 2.《职场潜规则大全集》.pdf
  ⚠️ 空内容 → 跳过

[576/957] (60%) [04-职场社交提升] 20.《关系操控术》.pdf
  ❌ 失败: Failed to open file 'G:\\BaiduNetdiskDownload\\高情商话术\\B.精选好书合集\\职场社交55本合集\\20.《关系操控术》.pdf' as type pdf.

[577/957] (60%) [04-职场社交提升] 20.《送礼绝学108招》.pdf
  ⚠️ 空内容 → 跳过

[578/957] (60%) [04-职场社交提升] 21.《体制权谋练达术48招》.pdf
  ⚠️ 空内容 → 跳过

[579/957] (61%) [04-职场社交提升] 22.《玩的就是操纵术》.pdf
  ⚠️ 空内容 → 跳过

[580/957] (61%) [04-职场社交提升] 23.《职场厚黑学》.pdf
  ❌ 失败: Failed to open file 'G:\\BaiduNetdiskDownload\\高情商话术\\B.精选好书合集\\职场社交55本合集\\23.《职场厚黑学》.pdf' as type pdf.

[581/957] (61%) [04-职场社交提升] 24.《上下级相处的艺术》.pdf
  ❌ 失败: Failed to open file 'G:\\BaiduNetdiskDownload\\高情商话术\\B.精选好书合集\\职场社交55本合集\\24.《上下级相处的艺术》.pdf' as type pdf.

[582/957] (61%) [04-职场社交提升] 25.《生存谋略》.pdf
  ❌ 失败: Failed to open file 'G:\\BaiduNetdiskDownload\\高情商话术\\B.精选好书合集\\职场社交55本合集\\25.《生存谋略》.pdf' as type pdf.

[583/957] (61%) [04-职场社交提升] 27.《跟谁都处得来》.pdf
  ❌ 失败: Failed to open file 'G:\\BaiduNetdiskDownload\\高情商话术\\B.精选好书合集\\职场社交55本合集\\27.《跟谁都处得来》.pdf' as type pdf.

[584/957] (61%) [04-职场社交提升] 28.《职场权谋厚黑术》.pdf
  ⚠️ 空内容 → 跳过

[585/957] (61%) [04-职场社交提升] 28.《领导怎样与“头”相处》.pdf
  ❌ 失败: Failed to open file 'G:\\BaiduNetdiskDownload\\高情商话术\\B.精选好书合集\\职场社交55本合集\\28.《领导怎样与“头”相处》.pdf' as type pdf.

[586/957] (61%) [04-职场社交提升] 29.《怎样与领导相处上下册》.pdf
  ⚠️ 空内容 → 跳过

[587/957] (61%) [04-职场社交提升] 3.《职场口才宝典》.pdf
  ⚠️ 空内容 → 跳过

[588/957] (61%) [04-职场社交提升] 30.《职场中的百科全书得到锦囊》.pdf
  ❌ 失败: Failed to open file 'G:\\BaiduNetdiskDownload\\高情商话术\\B.精选好书合集\\职场社交55本合集\\30.《职场中的百科全书得到锦囊》.pdf' as type pdf.

[589/957] (62%) [04-职场社交提升] 31.《上下级禁忌》.pdf
  ⚠️ 空内容 → 跳过

[590/957] (62%) [04-职场社交提升] 32.《体制内生存之道》.pdf
  ❌ 失败: Failed to open file 'G:\\BaiduNetdiskDownload\\高情商话术\\B.精选好书合集\\职场社交55本合集\\32.《体制内生存之道》.pdf' as type pdf.

[591/957] (62%) [04-职场社交提升] 33.《搞定饭局门》.pdf
  ❌ 失败: Failed to open file 'G:\\BaiduNetdiskDownload\\高情商话术\\B.精选好书合集\\职场社交55本合集\\33.《搞定饭局门》.pdf' as type pdf.

[592/957] (62%) [04-职场社交提升] 34.《职场晋升心计》.pdf
  ❌ 失败: Failed to open file 'G:\\BaiduNetdiskDownload\\高情商话术\\B.精选好书合集\\职场社交55本合集\\34.《职场晋升心计》.pdf' as type pdf.

[593/957] (62%) [04-职场社交提升] 35.《下级功课》.pdf
  ❌ 失败: Failed to open file 'G:\\BaiduNetdiskDownload\\高情商话术\\B.精选好书合集\\职场社交55本合集\\35.《下级功课》.pdf' as type pdf.

[594/957] (62%) [04-职场社交提升] 36.《学会和领导面对面谈话》.pdf
  ⚠️ 空内容 → 跳过

[595/957] (62%) [04-职场社交提升] 37.《三国职场谋生术》.pdf
  ❌ 失败: Failed to open file 'G:\\BaiduNetdiskDownload\\高情商话术\\B.精选好书合集\\职场社交55本合集\\37.《三国职场谋生术》.pdf' as type pdf.

[596/957] (62%) [04-职场社交提升] 38.《职场最大受益者心腹》权谋bbs.pdf
  ⚠️ 空内容 → 跳过

[597/957] (62%) [04-职场社交提升] 39.《职场问题大全 》.pdf
  ⚠️ 空内容 → 跳过

[598/957] (62%) [04-职场社交提升] 4.《中国式送礼》.pdf
  ⚠️ 空内容 → 跳过

[599/957] (63%) [04-职场社交提升] 40.《职场实用宝典》.pdf
  ❌ 失败: Failed to open file 'G:\\BaiduNetdiskDownload\\高情商话术\\B.精选好书合集\\职场社交55本合集\\40.《职场实用宝典》.pdf' as type pdf.

[600/957] (63%) [04-职场社交提升] 41.《职场处事经》.pdf
  ❌ 失败: Failed to open file 'G:\\BaiduNetdiskDownload\\高情商话术\\B.精选好书合集\\职场社交55本合集\\41.《职场处事经》.pdf' as type pdf.

[601/957] (63%) [04-职场社交提升] 42.《大领导手段-关键篇》.pdf
  ❌ 失败: Failed to open file 'G:\\BaiduNetdiskDownload\\高情商话术\\B.精选好书合集\\职场社交55本合集\\42.《大领导手段-关键篇》.pdf' as type pdf.

[602/957] (63%) [04-职场社交提升] 42.《大领导手段-实战篇》.pdf
  ✅ → 04-职场社交提升/42.《大领导手段-实战篇》.md (207KB)

[603/957] (63%) [04-职场社交提升] 43.《职场杀人性》.pdf
  ❌ 失败: Failed to open file 'G:\\BaiduNetdiskDownload\\高情商话术\\B.精选好书合集\\职场社交55本合集\\43.《职场杀人性》.pdf' as type pdf.

[604/957] (63%) [04-职场社交提升] 44《做下级的顶尖智慧》.pdf
  ⚠️ 空内容 → 跳过

[605/957] (63%) [04-职场社交提升] 45.《送礼的智慧》.pdf
  ⚠️ 空内容 → 跳过

[606/957] (63%) [04-职场社交提升] 46.《体制内职场生存之道》.pdf
  ✅ → 04-职场社交提升/46.《体制内职场生存之道》.md (4KB)

[607/957] (63%) [04-职场社交提升] 47.《职场反人性32计》.pdf
  ✅ → 04-职场社交提升/47.《职场反人性32计》.md (4KB)

[608/957] (64%) [04-职场社交提升] 48.《职场提拔重用手册》.pdf
MuPDF error: format error: cannot find object in xref (707 0 R)

MuPDF error: format error: cannot find object in xref (709 0 R)

MuPDF error: format error: cannot find object in xref (709 0 R)

MuPDF error: format error: cannot find object in xref (709 0 R)

MuPDF error: format error: cannot find object in xref (709 0 R)

MuPDF error: format error: cannot find object in xref (711 0 R)

MuPDF error: format error: cannot find object in xref (713 0 R)

MuPDF error: format error: cannot find object in xref (713 0 R)

MuPDF error: format error: cannot find object in xref (713 0 R)

MuPDF error: format error: cannot find object in xref (713 0 R)

MuPDF error: format error: cannot find object in xref (715 0 R)

MuPDF error: format error: cannot find object in xref (717 0 R)

MuPDF error: format error: cannot find object in xref (717 0 R)

MuPDF error: format error: cannot find object in xref (717 0 R)

MuPDF error: format error: cannot find object in xref (717 0 R)

MuPDF error: format error: cannot find object in xref (718 0 R)

MuPDF error: format error: cannot find object in xref (720 0 R)

MuPDF error: format error: cannot find object in xref (720 0 R)

MuPDF error: format error: cannot find object in xref (720 0 R)

MuPDF error: format error: cannot find object in xref (720 0 R)

MuPDF error: format error: cannot find object in xref (722 0 R)

MuPDF error: format error: cannot find object in xref (724 0 R)

MuPDF error: format error: cannot find object in xref (724 0 R)

MuPDF error: format error: cannot find object in xref (724 0 R)

MuPDF error: format error: cannot find object in xref (724 0 R)

MuPDF error: format error: cannot find object in xref (726 0 R)

MuPDF error: format error: cannot find object in xref (728 0 R)

MuPDF error: format error: cannot find object in xref (728 0 R)

MuPDF error: format error: cannot find object in xref (728 0 R)

MuPDF error: format error: cannot find object in xref (728 0 R)

MuPDF error: format error: cannot find object in xref (729 0 R)

MuPDF error: format error: cannot find object in xref (731 0 R)

MuPDF error: format error: cannot find object in xref (731 0 R)

MuPDF error: format error: cannot find object in xref (731 0 R)

MuPDF error: format error: cannot find object in xref (731 0 R)

MuPDF error: format error: cannot find object in xref (733 0 R)

MuPDF error: format error: cannot find object in xref (735 0 R)

MuPDF error: format error: cannot find object in xref (735 0 R)

MuPDF error: format error: cannot find object in xref (735 0 R)

MuPDF error: format error: cannot find object in xref (735 0 R)

MuPDF error: format error: cannot find object in xref (736 0 R)

MuPDF error: format error: cannot find object in xref (738 0 R)

MuPDF error: format error: cannot find object in xref (738 0 R)

MuPDF error: format error: cannot find object in xref (738 0 R)

MuPDF error: format error: cannot find object in xref (738 0 R)

MuPDF error: format error: cannot find object in xref (739 0 R)

MuPDF error: format error: cannot find object in xref (741 0 R)

MuPDF error: format error: cannot find object in xref (741 0 R)

MuPDF error: format error: cannot find object in xref (741 0 R)

MuPDF error: format error: cannot find object in xref (741 0 R)

MuPDF error: format error: cannot find object in xref (743 0 R)

MuPDF error: format error: cannot find object in xref (745 0 R)

MuPDF error: format error: cannot find object in xref (745 0 R)

MuPDF error: format error: cannot find object in xref (745 0 R)

MuPDF error: format error: cannot find object in xref (745 0 R)

MuPDF error: format error: cannot find object in xref (747 0 R)

MuPDF error: format error: cannot find object in xref (749 0 R)

MuPDF error: format error: cannot find object in xref (749 0 R)

MuPDF error: format error: cannot find object in xref (749 0 R)

MuPDF error: format error: cannot find object in xref (749 0 R)

MuPDF error: format error: cannot find object in xref (751 0 R)

MuPDF error: format error: cannot find object in xref (753 0 R)

MuPDF error: format error: cannot find object in xref (753 0 R)

MuPDF error: format error: cannot find object in xref (753 0 R)

MuPDF error: format error: cannot find object in xref (753 0 R)

MuPDF error: format error: cannot find object in xref (755 0 R)

MuPDF error: format error: cannot find object in xref (757 0 R)

MuPDF error: format error: cannot find object in xref (757 0 R)

MuPDF error: format error: cannot find object in xref (757 0 R)

MuPDF error: format error: cannot find object in xref (757 0 R)

MuPDF error: format error: cannot find object in xref (759 0 R)

MuPDF error: format error: cannot find object in xref (761 0 R)

MuPDF error: format error: cannot find object in xref (761 0 R)

MuPDF error: format error: cannot find object in xref (761 0 R)

MuPDF error: format error: cannot find object in xref (761 0 R)

MuPDF error: format error: cannot find object in xref (763 0 R)

MuPDF error: format error: cannot find object in xref (765 0 R)

MuPDF error: format error: cannot find object in xref (765 0 R)

MuPDF error: format error: cannot find object in xref (765 0 R)

MuPDF error: format error: cannot find object in xref (765 0 R)

MuPDF error: format error: cannot find object in xref (767 0 R)

MuPDF error: format error: cannot find object in xref (769 0 R)

MuPDF error: format error: cannot find object in xref (769 0 R)

MuPDF error: format error: cannot find object in xref (769 0 R)

MuPDF error: format error: cannot find object in xref (769 0 R)

MuPDF error: format error: cannot find object in xref (770 0 R)

Traceback (most recent call last):
  File "C:\Python314\Lib\site-packages\pymupdf\__init__.py", line 3013, in __init__
    doc = mupdf.fz_open_document_with_stream_and_dir(suffix, fz_stream, archive.this)
  File "C:\Python314\Lib\site-packages\pymupdf\mupdf.py", line 53426, in fz_open_document_with_stream_and_dir
    return _mupdf.fz_open_document_with_stream_and_dir(magic, stream, dir)
           ~~~~~~~~~~~~~~~~~~~~~~~~~~~~~~~~~~~~~~~~~~~^^^^^^^^^^^^^^^^^^^^
pymupdf.mupdf.FzErrorFormat: code=7: no objects found

The above exception was the direct cause of the following exception:

Traceback (most recent call last):
  File "F:\开发软件项目文件\对练社交\batch_extract_docs.py", line 251, in main
    text = extract_pdf(f)
  File "F:\开发软件项目文件\对练社交\batch_extract_docs.py", line 84, in extract_pdf
    doc = pymupdf.open(pdf_path)
  File "C:\Python314\Lib\site-packages\pymupdf\__init__.py", line 3016, in __init__
    raise FileDataError(f'Failed to open file {filename!r} as type {suffix}.') from e
pymupdf.FileDataError: Failed to open file 'G:\\BaiduNetdiskDownload\\高情商话术\\B.精选好书合集\\职场社交55本合集\\49.《机关的机关  升级版》.pdf' 
as type pdf.
Traceback (most recent call last):
  File "C:\Python314\Lib\site-packages\pymupdf\__init__.py", line 3013, in __init__
    doc = mupdf.fz_open_document_with_stream_and_dir(suffix, fz_stream, archive.this)
  File "C:\Python314\Lib\site-packages\pymupdf\mupdf.py", line 53426, in fz_open_document_with_stream_and_dir
    return _mupdf.fz_open_document_with_stream_and_dir(magic, stream, dir)
           ~~~~~~~~~~~~~~~~~~~~~~~~~~~~~~~~~~~~~~~~~~~^^^^^^^^^^^^^^^^^^^^
pymupdf.mupdf.FzErrorFormat: code=7: no objects found

The above exception was the direct cause of the following exception:

Traceback (most recent call last):
  File "F:\开发软件项目文件\对练社交\batch_extract_docs.py", line 251, in main
    text = extract_pdf(f)
  File "F:\开发软件项目文件\对练社交\batch_extract_docs.py", line 84, in extract_pdf
    doc = pymupdf.open(pdf_path)
  File "C:\Python314\Lib\site-packages\pymupdf\__init__.py", line 3016, in __init__
    raise FileDataError(f'Failed to open file {filename!r} as type {suffix}.') from e
pymupdf.FileDataError: Failed to open file 'G:\\BaiduNetdiskDownload\\高情商话术\\B.精选好书合集\\职场社交55本合集\\5.《企业家上下级关系学》.pdf' as
 type pdf.
Traceback (most recent call last):
  File "C:\Python314\Lib\site-packages\pymupdf\__init__.py", line 3013, in __init__
    doc = mupdf.fz_open_document_with_stream_and_dir(suffix, fz_stream, archive.this)
  File "C:\Python314\Lib\site-packages\pymupdf\mupdf.py", line 53426, in fz_open_document_with_stream_and_dir
    return _mupdf.fz_open_document_with_stream_and_dir(magic, stream, dir)
           ~~~~~~~~~~~~~~~~~~~~~~~~~~~~~~~~~~~~~~~~~~~^^^^^^^^^^^^^^^^^^^^
pymupdf.mupdf.FzErrorFormat: code=7: no objects found

The above exception was the direct cause of the following exception:

Traceback (most recent call last):
  File "F:\开发软件项目文件\对练社交\batch_extract_docs.py", line 251, in main
    text = extract_pdf(f)
  File "F:\开发软件项目文件\对练社交\batch_extract_docs.py", line 84, in extract_pdf
    doc = pymupdf.open(pdf_path)
  File "C:\Python314\Lib\site-packages\pymupdf\__init__.py", line 3016, in __init__
    raise FileDataError(f'Failed to open file {filename!r} as type {suffix}.') from e
pymupdf.FileDataError: Failed to open file 'G:\\BaiduNetdiskDownload\\高情商话术\\B.精选好书合集\\职场社交55本合集\\52.工作常见的160个问题与114个失_
12612522.pdf' as type pdf.
Traceback (most recent call last):
  File "C:\Python314\Lib\site-packages\pymupdf\__init__.py", line 3013, in __init__
    doc = mupdf.fz_open_document_with_stream_and_dir(suffix, fz_stream, archive.this)
  File "C:\Python314\Lib\site-packages\pymupdf\mupdf.py", line 53426, in fz_open_document_with_stream_and_dir
    return _mupdf.fz_open_document_with_stream_and_dir(magic, stream, dir)
           ~~~~~~~~~~~~~~~~~~~~~~~~~~~~~~~~~~~~~~~~~~~^^^^^^^^^^^^^^^^^^^^
pymupdf.mupdf.FzErrorFormat: code=7: no objects found

The above exception was the direct cause of the following exception:

Traceback (most recent call last):
  File "F:\开发软件项目文件\对练社交\batch_extract_docs.py", line 251, in main
    text = extract_pdf(f)
  File "F:\开发软件项目文件\对练社交\batch_extract_docs.py", line 84, in extract_pdf
    doc = pymupdf.open(pdf_path)
  File "C:\Python314\Lib\site-packages\pymupdf\__init__.py", line 3016, in __init__
    raise FileDataError(f'Failed to open file {filename!r} as type {suffix}.') from e
pymupdf.FileDataError: Failed to open file 'G:\\BaiduNetdiskDownload\\高情商话术\\B.精选好书合集\\职场社交55本合集\\9.《老A回忆录》上.pdf' as ty
pe pdf.
Traceback (most recent call last):
  File "C:\Python314\Lib\site-packages\pymupdf\__init__.py", line 3013, in __init__
    doc = mupdf.fz_open_document_with_stream_and_dir(suffix, fz_stream, archive.this)
  File "C:\Python314\Lib\site-packages\pymupdf\mupdf.py", line 53426, in fz_open_document_with_stream_and_dir
    return _mupdf.fz_open_document_with_stream_and_dir(magic, stream, dir)
           ~~~~~~~~~~~~~~~~~~~~~~~~~~~~~~~~~~~~~~~~~~~^^^^^^^^^^^^^^^^^^^^
pymupdf.mupdf.FzErrorFormat: code=7: no objects found

The above exception was the direct cause of the following exception:

Traceback (most recent call last):
  File "F:\开发软件项目文件\对练社交\batch_extract_docs.py", line 251, in main
    text = extract_pdf(f)
  File "F:\开发软件项目文件\对练社交\batch_extract_docs.py", line 84, in extract_pdf
    doc = pymupdf.open(pdf_path)
  File "C:\Python314\Lib\site-packages\pymupdf\__init__.py", line 3016, in __init__
    raise FileDataError(f'Failed to open file {filename!r} as type {suffix}.') from e
pymupdf.FileDataError: Failed to open file 'G:\\BaiduNetdiskDownload\\高情商话术\\B.精选好书合集\\职场社交55本合集\\9.《老A回忆录》下.pdf' as ty
pe pdf.
  ✅ → 04-职场社交提升/48.《职场提拔重用手册》.md (7KB)

[609/957] (64%) [04-职场社交提升] 49.《机关的机关  升级版》.pdf
  ❌ 失败: Failed to open file 'G:\\BaiduNetdiskDownload\\高情商话术\\B.精选好书合集\\职场社交55本合集\\49.《机关的机关  升级版》.pdf' as type pdf.

[610/957] (64%) [04-职场社交提升] 5.《企业家上下级关系学》.pdf
  ❌ 失败: Failed to open file 'G:\\BaiduNetdiskDownload\\高情商话术\\B.精选好书合集\\职场社交55本合集\\5.《企业家上下级关系学》.pdf' as type pdf.

[611/957] (64%) [04-职场社交提升] 50.《职场生存教科书》.pdf
  ⚠️ 空内容 → 跳过

[612/957] (64%) [04-职场社交提升] 51.《职场避坑指南》.pdf
  ✅ → 04-职场社交提升/51.《职场避坑指南》.md (7KB)

[613/957] (64%) [04-职场社交提升] 52.工作常见的160个问题与114个失_12612522.pdf
  ❌ 失败: Failed to open file 'G:\\BaiduNetdiskDownload\\高情商话术\\B.精选好书合集\\职场社交55本合集\\52.工作常见的160个问题与114个失_12612522.pdf' as type pdf.

[614/957] (64%) [04-职场社交提升] 6.《上下级禁忌99》.pdf
  ⚠️ 空内容 → 跳过

[615/957] (64%) [04-职场社交提升] 7.《回话的技术》.pdf
  ⚠️ 空内容 → 跳过

[616/957] (64%) [04-职场社交提升] 8.《老板用人智慧》.pdf
  ⚠️ 空内容 → 跳过

[617/957] (64%) [04-职场社交提升] 9.《老A回忆录》上.pdf
  ❌ 失败: Failed to open file 'G:\\BaiduNetdiskDownload\\高情商话术\\B.精选好书合集\\职场社交55本合集\\9.《老A回忆录》上.pdf' as type pdf.

[618/957] (65%) [04-职场社交提升] 9.《老A回忆录》下.pdf
  ❌ 失败: Failed to open file 'G:\\BaiduNetdiskDownload\\高情商话术\\B.精选好书合集\\职场社交55本合集\\9.《老A回忆录》下.pdf' as type pdf.

[619/957] (65%) [06-人性认知思维] 1.《互联网赚钱模版》.pdf
MuPDF error: syntax error: expected object number

Traceback (most recent call last):
  File "C:\Python314\Lib\site-packages\pymupdf\__init__.py", line 3013, in __init__
    doc = mupdf.fz_open_document_with_stream_and_dir(suffix, fz_stream, archive.this)
  File "C:\Python314\Lib\site-packages\pymupdf\mupdf.py", line 53426, in fz_open_document_with_stream_and_dir
    return _mupdf.fz_open_document_with_stream_and_dir(magic, stream, dir)
           ~~~~~~~~~~~~~~~~~~~~~~~~~~~~~~~~~~~~~~~~~~~^^^^^^^^^^^^^^^^^^^^
pymupdf.mupdf.FzErrorFormat: code=7: no objects found

The above exception was the direct cause of the following exception:

Traceback (most recent call last):
  File "F:\开发软件项目文件\对练社交\batch_extract_docs.py", line 251, in main
    text = extract_pdf(f)
  File "F:\开发软件项目文件\对练社交\batch_extract_docs.py", line 84, in extract_pdf
    doc = pymupdf.open(pdf_path)
  File "C:\Python314\Lib\site-packages\pymupdf\__init__.py", line 3016, in __init__
    raise FileDataError(f'Failed to open file {filename!r} as type {suffix}.') from e
pymupdf.FileDataError: Failed to open file 'G:\\BaiduNetdiskDownload\\高情商话术\\B.精选好书合集\\赚钱营销51本合集\\10.《慢慢变富》.pdf' as typ
e pdf.
Traceback (most recent call last):
  File "C:\Python314\Lib\site-packages\pymupdf\__init__.py", line 3013, in __init__
    doc = mupdf.fz_open_document_with_stream_and_dir(suffix, fz_stream, archive.this)
  File "C:\Python314\Lib\site-packages\pymupdf\mupdf.py", line 53426, in fz_open_document_with_stream_and_dir
    return _mupdf.fz_open_document_with_stream_and_dir(magic, stream, dir)
           ~~~~~~~~~~~~~~~~~~~~~~~~~~~~~~~~~~~~~~~~~~~^^^^^^^^^^^^^^^^^^^^
pymupdf.mupdf.FzErrorFormat: code=7: no objects found

The above exception was the direct cause of the following exception:

Traceback (most recent call last):
  File "F:\开发软件项目文件\对练社交\batch_extract_docs.py", line 251, in main
    text = extract_pdf(f)
  File "F:\开发软件项目文件\对练社交\batch_extract_docs.py", line 84, in extract_pdf
    doc = pymupdf.open(pdf_path)
  File "C:\Python314\Lib\site-packages\pymupdf\__init__.py", line 3016, in __init__
    raise FileDataError(f'Failed to open file {filename!r} as type {suffix}.') from e
pymupdf.FileDataError: Failed to open file 'G:\\BaiduNetdiskDownload\\高情商话术\\B.精选好书合集\\赚钱营销51本合集\\12.《边玩边赚》.pdf' as typ
e pdf.
Traceback (most recent call last):
  File "C:\Python314\Lib\site-packages\pymupdf\__init__.py", line 3013, in __init__
    doc = mupdf.fz_open_document_with_stream_and_dir(suffix, fz_stream, archive.this)
  File "C:\Python314\Lib\site-packages\pymupdf\mupdf.py", line 53426, in fz_open_document_with_stream_and_dir
    return _mupdf.fz_open_document_with_stream_and_dir(magic, stream, dir)
           ~~~~~~~~~~~~~~~~~~~~~~~~~~~~~~~~~~~~~~~~~~~^^^^^^^^^^^^^^^^^^^^
pymupdf.mupdf.FzErrorFormat: code=7: no objects found

The above exception was the direct cause of the following exception:

Traceback (most recent call last):
  File "F:\开发软件项目文件\对练社交\batch_extract_docs.py", line 251, in main
    text = extract_pdf(f)
  File "F:\开发软件项目文件\对练社交\batch_extract_docs.py", line 84, in extract_pdf
    doc = pymupdf.open(pdf_path)
  File "C:\Python314\Lib\site-packages\pymupdf\__init__.py", line 3016, in __init__
    raise FileDataError(f'Failed to open file {filename!r} as type {suffix}.') from e
pymupdf.FileDataError: Failed to open file 'G:\\BaiduNetdiskDownload\\高情商话术\\B.精选好书合集\\赚钱营销51本合集\\16《价值1000万的赚钱心法》.pdf'
 as type pdf.
Traceback (most recent call last):
  File "C:\Python314\Lib\site-packages\pymupdf\__init__.py", line 3013, in __init__
    doc = mupdf.fz_open_document_with_stream_and_dir(suffix, fz_stream, archive.this)
  File "C:\Python314\Lib\site-packages\pymupdf\mupdf.py", line 53426, in fz_open_document_with_stream_and_dir
    return _mupdf.fz_open_document_with_stream_and_dir(magic, stream, dir)
           ~~~~~~~~~~~~~~~~~~~~~~~~~~~~~~~~~~~~~~~~~~~^^^^^^^^^^^^^^^^^^^^
pymupdf.mupdf.FzErrorFormat: code=7: no objects found

The above exception was the direct cause of the following exception:

Traceback (most recent call last):
  File "F:\开发软件项目文件\对练社交\batch_extract_docs.py", line 251, in main
    text = extract_pdf(f)
  File "F:\开发软件项目文件\对练社交\batch_extract_docs.py", line 84, in extract_pdf
    doc = pymupdf.open(pdf_path)
  File "C:\Python314\Lib\site-packages\pymupdf\__init__.py", line 3016, in __init__
    raise FileDataError(f'Failed to open file {filename!r} as type {suffix}.') from e
pymupdf.FileDataError: Failed to open file 'G:\\BaiduNetdiskDownload\\高情商话术\\B.精选好书合集\\赚钱营销51本合集\\17.《老狐狸赚钱经》.pdf' as t
ype pdf.
Traceback (most recent call last):
  File "C:\Python314\Lib\site-packages\pymupdf\__init__.py", line 3013, in __init__
    doc = mupdf.fz_open_document_with_stream_and_dir(suffix, fz_stream, archive.this)
  File "C:\Python314\Lib\site-packages\pymupdf\mupdf.py", line 53426, in fz_open_document_with_stream_and_dir
    return _mupdf.fz_open_document_with_stream_and_dir(magic, stream, dir)
           ~~~~~~~~~~~~~~~~~~~~~~~~~~~~~~~~~~~~~~~~~~~^^^^^^^^^^^^^^^^^^^^
pymupdf.mupdf.FzErrorFormat: code=7: no objects found

The above exception was the direct cause of the following exception:

Traceback (most recent call last):
  File "F:\开发软件项目文件\对练社交\batch_extract_docs.py", line 251, in main
    text = extract_pdf(f)
  File "F:\开发软件项目文件\对练社交\batch_extract_docs.py", line 84, in extract_pdf
    doc = pymupdf.open(pdf_path)
  File "C:\Python314\Lib\site-packages\pymupdf\__init__.py", line 3016, in __init__
    raise FileDataError(f'Failed to open file {filename!r} as type {suffix}.') from e
pymupdf.FileDataError: Failed to open file 'G:\\BaiduNetdiskDownload\\高情商话术\\B.精选好书合集\\赚钱营销51本合集\\19.《人性赚钱逻辑108问》.pdf' 
as type pdf.
  ✅ → 06-人性认知思维/1.《互联网赚钱模版》.md (7KB)

[620/957] (65%) [06-人性认知思维] 10.《慢慢变富》.pdf
  ❌ 失败: Failed to open file 'G:\\BaiduNetdiskDownload\\高情商话术\\B.精选好书合集\\赚钱营销51本合集\\10.《慢慢变富》.pdf' as type pdf.

[621/957] (65%) [06-人性认知思维] 11.《2022•利用人性赚钱天机》.pdf
  ⚠️ 空内容 → 跳过

[622/957] (65%) [06-人性认知思维] 12.《边玩边赚》.pdf
  ❌ 失败: Failed to open file 'G:\\BaiduNetdiskDownload\\高情商话术\\B.精选好书合集\\赚钱营销51本合集\\12.《边玩边赚》.pdf' as type pdf.

[623/957] (65%) [06-人性认知思维] 13.《财富倍增赚钱系统》.pdf
  ✅ → 06-人性认知思维/13.《财富倍增赚钱系统》.md (19KB)

[624/957] (65%) [06-人性认知思维] 14.《打造互联网自动赚钱系统》.pdf
  ⚠️ 空内容 → 跳过

[625/957] (65%) [06-人性认知思维] 15.《个人IP赚钱系统》.pdf
  ✅ → 06-人性认知思维/15.《个人IP赚钱系统》.md (104KB)

[626/957] (65%) [06-人性认知思维] 16《价值1000万的赚钱心法》.pdf
  ❌ 失败: Failed to open file 'G:\\BaiduNetdiskDownload\\高情商话术\\B.精选好书合集\\赚钱营销51本合集\\16《价值1000万的赚钱心法》.pdf' as type pdf.

[627/957] (66%) [06-人性认知思维] 17.《老狐狸赚钱经》.pdf
  ❌ 失败: Failed to open file 'G:\\BaiduNetdiskDownload\\高情商话术\\B.精选好书合集\\赚钱营销51本合集\\17.《老狐狸赚钱经》.pdf' as type pdf.

[628/957] (66%) [06-人性认知思维] 18.《奇门赚钱术》.pdf
  ✅ → 06-人性认知思维/18.《奇门赚钱术》.md (19KB)

[629/957] (66%) [06-人性认知思维] 19.《人性赚钱逻辑108问》.pdf
  ❌ 失败: Failed to open file 'G:\\BaiduNetdiskDownload\\高情商话术\\B.精选好书合集\\赚钱营销51本合集\\19.《人性赚钱逻辑108问》.pdf' as type pdf.

[630/957] (66%) [06-人性认知思维] 2.《如何成为赚钱高手》.pdf
  ✅ → 06-人性认知思维/2.《如何成为赚钱高手》.md (11KB)

[631/957] (66%) [06-人性认知思维] 20.《稳赚不赔的秘密》.pdf
  ⚠️ 空内容 → 跳过

[632/957] (66%) [06-人性认知思维] 21.《现金风暴计划之赚钱绝活》.pdf
  ✅ → 06-人性认知思维/21.《现金风暴计划之赚钱绝活》.md (2440KB)

[633/957] (66%) [06-人性认知思维] 22.《小老板赚钱术》.pdf
  ✅ → 06-人性认知思维/22.《小老板赚钱术》.md (524KB)

[634/957] (66%) [06-人性认知思维] 23.《知识变现赚钱招》.pdf
  ✅ → 06-人性认知思维/23.《知识变现赚钱招》.md (221KB)

[635/957] (66%) [06-人性认知思维] 24.《赚钱高手内幕》.pdf
  ✅ → 06-人性认知思维/24.《赚钱高手内幕》.md (392KB)

[636/957] (66%) [06-人性认知思维] 25.《赚钱魔法师》.pdf
  ✅ → 06-人性认知思维/25.《赚钱魔法师》.md (221KB)

[637/957] (67%) [06-人性认知思维] 26.《赚钱思维的最高境界》.pdf
  ✅ → 06-人性认知思维/26.《赚钱思维的最高境界》.md (425KB)

[638/957] (67%) [06-人性认知思维] 27.《赚钱心法》.pdf
  ✅ → 06-人性认知思维/27.《赚钱心法》.md (181KB)

[639/957] (67%) [06-人性认知思维] 28.《资源操控赚钱哲学》.pdf
  ✅ → 06-人性认知思维/28.《资源操控赚钱哲学》.md (609KB)

[640/957] (67%) [06-人性认知思维] 29.《赚钱诡计71招》.pdf
  ✅ → 06-人性认知思维/29.《赚钱诡计71招》.md (18KB)

[641/957] (67%) [06-人性认知思维] 3.《懂懂说赚钱》.pdf
  ✅ → 06-人性认知思维/3.《懂懂说赚钱》.md (96KB)

[642/957] (67%) [06-人性认知思维] 30.《超级赚钱术》.pdf
  ✅ → 06-人性认知思维/30.《超级赚钱术》.md (724KB)

[643/957] (67%) [06-人性认知思维] 31.《捞金指南》.pdf
  ✅ → 06-人性认知思维/31.《捞金指南》.md (22KB)

[644/957] (67%) [06-人性认知思维] 32.《总裁思维赚钱运作模式》(1).pdf
  ⚠️ 空内容 → 跳过

[645/957] (67%) [06-人性认知思维] 32.《总裁思维赚钱运作模式》.pdf
  ⚠️ 空内容 → 跳过

[646/957] (68%) [06-人性认知思维] 33.《轻松赚钱术》.pdf
  ✅ → 06-人性认知思维/33.《轻松赚钱术》.md (17KB)

[647/957] (68%) [06-人性认知思维] 34.《开店赚钱秘籍》.pdf
  ✅ → 06-人性认知思维/34.《开店赚钱秘籍》.md (14KB)

[648/957] (68%) [06-人性认知思维] 35.《营销锦囊赚钱妙计》.pdf
  ✅ → 06-人性认知思维/35.《营销锦囊赚钱妙计》.md (279KB)

[649/957] (68%) [06-人性认知思维] 36.《鱼塘空手赚钱术》.pdf
  ✅ → 06-人性认知思维/36.《鱼塘空手赚钱术》.md (22KB)

[650/957] (68%) [06-人性认知思维] 37.《人性赚钱逻辑108问》.pdf
  ✅ → 06-人性认知思维/37.《人性赚钱逻辑108问》.md (78KB)

[651/957] (68%) [06-人性认知思维] 38.《财神秘籍》(1).pdf
  ⚠️ 空内容 → 跳过

[652/957] (68%) [06-人性认知思维] 38.《财神秘籍》.pdf
  ✅ → 06-人性认知思维/38.《财神秘籍》.md (34KB)

[653/957] (68%) [06-人性认知思维] 39.《实体店吸金秘术》.pdf
  ✅ → 06-人性认知思维/39.《实体店吸金秘术》.md (28KB)

[654/957] (68%) [06-人性认知思维] 4.《韭菜的自我修养》 .pdf
  ✅ → 06-人性认知思维/4.《韭菜的自我修养》.md (120KB)

[655/957] (68%) [06-人性认知思维] 40.《资源操控创富术3.0》.pdf
  ✅ → 06-人性认知思维/40.《资源操控创富术3.0》.md (18KB)

[656/957] (69%) [06-人性认知思维] 41.《人性销售绝学》.pdf
  ⚠️ 空内容 → 跳过

[657/957] (69%) [06-人性认知思维] 42.《阿国土匪式营销思维》上(1).pdf
MuPDF error: format error: object is not a stream

MuPDF error: format error: object is not a stream

  ✅ → 06-人性认知思维/42.《阿国土匪式营销思维》上(1).md (12KB)

[658/957] (69%) [06-人性认知思维] 42.《阿国土匪式营销思维》上.pdf
MuPDF error: format error: object is not a stream

MuPDF error: format error: object is not a stream

Traceback (most recent call last):
  File "C:\Python314\Lib\site-packages\pymupdf\__init__.py", line 3013, in __init__
    doc = mupdf.fz_open_document_with_stream_and_dir(suffix, fz_stream, archive.this)
  File "C:\Python314\Lib\site-packages\pymupdf\mupdf.py", line 53426, in fz_open_document_with_stream_and_dir
    return _mupdf.fz_open_document_with_stream_and_dir(magic, stream, dir)
           ~~~~~~~~~~~~~~~~~~~~~~~~~~~~~~~~~~~~~~~~~~~^^^^^^^^^^^^^^^^^^^^
pymupdf.mupdf.FzErrorFormat: code=7: no objects found

The above exception was the direct cause of the following exception:

Traceback (most recent call last):
  File "F:\开发软件项目文件\对练社交\batch_extract_docs.py", line 251, in main
    text = extract_pdf(f)
  File "F:\开发软件项目文件\对练社交\batch_extract_docs.py", line 84, in extract_pdf
    doc = pymupdf.open(pdf_path)
  File "C:\Python314\Lib\site-packages\pymupdf\__init__.py", line 3016, in __init__
    raise FileDataError(f'Failed to open file {filename!r} as type {suffix}.') from e
pymupdf.FileDataError: Failed to open file 'G:\\BaiduNetdiskDownload\\高情商话术\\B.精选好书合集\\赚钱营销51本合集\\46.《人性营销赚钱心法》.pdf' as
 type pdf.
Traceback (most recent call last):
  File "C:\Python314\Lib\site-packages\pymupdf\__init__.py", line 3013, in __init__
    doc = mupdf.fz_open_document_with_stream_and_dir(suffix, fz_stream, archive.this)
  File "C:\Python314\Lib\site-packages\pymupdf\mupdf.py", line 53426, in fz_open_document_with_stream_and_dir
    return _mupdf.fz_open_document_with_stream_and_dir(magic, stream, dir)
           ~~~~~~~~~~~~~~~~~~~~~~~~~~~~~~~~~~~~~~~~~~~^^^^^^^^^^^^^^^^^^^^
pymupdf.mupdf.FzErrorFormat: code=7: no objects found

The above exception was the direct cause of the following exception:

Traceback (most recent call last):
  File "F:\开发软件项目文件\对练社交\batch_extract_docs.py", line 251, in main
    text = extract_pdf(f)
  File "F:\开发软件项目文件\对练社交\batch_extract_docs.py", line 84, in extract_pdf
    doc = pymupdf.open(pdf_path)
  File "C:\Python314\Lib\site-packages\pymupdf\__init__.py", line 3016, in __init__
    raise FileDataError(f'Failed to open file {filename!r} as type {suffix}.') from e
pymupdf.FileDataError: Failed to open file 'G:\\BaiduNetdiskDownload\\高情商话术\\B.精选好书合集\\赚钱营销51本合集\\50.《五力吸金档案》.pdf' as t
ype pdf.
  ✅ → 06-人性认知思维/42.《阿国土匪式营销思维》上.md (12KB)

[659/957] (69%) [06-人性认知思维] 42.《阿国土匪式营销思维》下.pdf
  ✅ → 06-人性认知思维/42.《阿国土匪式营销思维》下.md (12KB)

[660/957] (69%) [06-人性认知思维] 43.《万能营销模式解码》.pdf
  ✅ → 06-人性认知思维/43.《万能营销模式解码》.md (26KB)

[661/957] (69%) [06-人性认知思维] 44.《万能整合模式》.pdf
  ✅ → 06-人性认知思维/44.《万能整合模式》.md (27KB)

[662/957] (69%) [06-人性认知思维] 46.《人性营销赚钱心法》.pdf
  ❌ 失败: Failed to open file 'G:\\BaiduNetdiskDownload\\高情商话术\\B.精选好书合集\\赚钱营销51本合集\\46.《人性营销赚钱心法》.pdf' as type pdf.

[663/957] (69%) [06-人性认知思维] 46.《从零到亿万微商》.pdf
  ⚠️ 空内容 → 跳过

[664/957] (69%) [06-人性认知思维] 47.《财富玄机》.pdf
  ⚠️ 空内容 → 跳过

[665/957] (69%) [06-人性认知思维] 48.《营销策略宝典》终极版.pdf
  ⚠️ 空内容 → 跳过

[666/957] (70%) [06-人性认知思维] 49.《新财富大系统》.pdf
  ⚠️ 空内容 → 跳过

[667/957] (70%) [06-人性认知思维] 5.《实体店人性赚钱系统》.pdf
  ⚠️ 空内容 → 跳过

[668/957] (70%) [06-人性认知思维] 50.《五力吸金档案》.pdf
  ❌ 失败: Failed to open file 'G:\\BaiduNetdiskDownload\\高情商话术\\B.精选好书合集\\赚钱营销51本合集\\50.《五力吸金档案》.pdf' as type pdf.

[669/957] (70%) [06-人性认知思维] 6.《一年多赚300万的思维逻辑》.pdf
MuPDF error: format error: non-page object in page tree

Traceback (most recent call last):
  File "C:\Python314\Lib\site-packages\pymupdf\__init__.py", line 3013, in __init__
    doc = mupdf.fz_open_document_with_stream_and_dir(suffix, fz_stream, archive.this)
  File "C:\Python314\Lib\site-packages\pymupdf\mupdf.py", line 53426, in fz_open_document_with_stream_and_dir
    return _mupdf.fz_open_document_with_stream_and_dir(magic, stream, dir)
           ~~~~~~~~~~~~~~~~~~~~~~~~~~~~~~~~~~~~~~~~~~~^^^^^^^^^^^^^^^^^^^^
pymupdf.mupdf.FzErrorFormat: code=7: no objects found

The above exception was the direct cause of the following exception:

Traceback (most recent call last):
  File "F:\开发软件项目文件\对练社交\batch_extract_docs.py", line 251, in main
    text = extract_pdf(f)
  File "F:\开发软件项目文件\对练社交\batch_extract_docs.py", line 84, in extract_pdf
    doc = pymupdf.open(pdf_path)
  File "C:\Python314\Lib\site-packages\pymupdf\__init__.py", line 3016, in __init__
    raise FileDataError(f'Failed to open file {filename!r} as type {suffix}.') from e
pymupdf.FileDataError: Failed to open file 'G:\\BaiduNetdiskDownload\\高情商话术\\B.精选好书合集\\赚钱营销51本合集\\7.《有钱人和你想的不一样》.pdf' a
s type pdf.
  ✅ → 06-人性认知思维/6.《一年多赚300万的思维逻辑》.md (3KB)

[670/957] (70%) [06-人性认知思维] 7.《有钱人和你想的不一样》.pdf
  ❌ 失败: Failed to open file 'G:\\BaiduNetdiskDownload\\高情商话术\\B.精选好书合集\\赚钱营销51本合集\\7.《有钱人和你想的不一样》.pdf' as type pdf.

[671/957] (70%) [06-人性认知思维] 8.《致富说明书》.pdf
MuPDF error: format error: non-page object in page tree

Traceback (most recent call last):
  File "F:\开发软件项目文件\对练社交\batch_extract_docs.py", line 258, in main
    docx = doc_to_docx(f, TMP)
  File "F:\开发软件项目文件\对练社交\batch_extract_docs.py", line 165, in doc_to_docx
    doc = word.Documents.Open(str(src))
  File "<COMObject <unknown>>", line 5, in Open
pywintypes.com_error: (-2147352567, '发生意外。', (0, 'Microsoft Word', 'Office 检测到此文件存在一个问题。为帮助保护您的计算机，不能打开此文件。\r (G:\\...\
\各行业销售话术300套\\10个经典销售成交话术总结.doc)', 'wdmain11.chm', 25775, -2146821993), None)
